video_id,title,source,line_number,transcript_original,transcript_cleaned
40EDWNpK2XM,WORKING AT AMAZON..I SHOULD QUIT RIGHT? + LIVE FOOTAGE,youtube,1,[0.00] but let me tell you what happened last,but let me tell you what happened last
40EDWNpK2XM,WORKING AT AMAZON..I SHOULD QUIT RIGHT? + LIVE FOOTAGE,youtube,2,[1.28] night so,night so
40EDWNpK2XM,WORKING AT AMAZON..I SHOULD QUIT RIGHT? + LIVE FOOTAGE,youtube,3,[2.32] [Music],hey guys welcome back to my channel it's
40EDWNpK2XM,WORKING AT AMAZON..I SHOULD QUIT RIGHT? + LIVE FOOTAGE,youtube,4,[6.24] hey guys welcome back to my channel it's,simone danielle and today i'll be
40EDWNpK2XM,WORKING AT AMAZON..I SHOULD QUIT RIGHT? + LIVE FOOTAGE,youtube,5,[8.00] simone danielle and today i'll be,telling y'all about my experience
40EDWNpK2XM,WORKING AT AMAZON..I SHOULD QUIT RIGHT? + LIVE FOOTAGE,youtube,6,[9.84] telling y'all about my experience,working with
40EDWNpK2XM,WORKING AT AMAZON..I SHOULD QUIT RIGHT? + LIVE FOOTAGE,youtube,7,[11.28] working with,amazon so without further ado let's get
40EDWNpK2XM,WORKING AT AMAZON..I SHOULD QUIT RIGHT? + LIVE FOOTAGE,youtube,8,[12.08] amazon so without further ado let's get,right to the video
40EDWNpK2XM,WORKING AT AMAZON..I SHOULD QUIT RIGHT? + LIVE FOOTAGE,youtube,9,[15.76] right to the video,so i've only been working at amazon for
40EDWNpK2XM,WORKING AT AMAZON..I SHOULD QUIT RIGHT? + LIVE FOOTAGE,youtube,10,[16.56] so i've only been working at amazon for,a week so let's start with
40EDWNpK2XM,WORKING AT AMAZON..I SHOULD QUIT RIGHT? + LIVE FOOTAGE,youtube,11,[18.32] a week so let's start with,the whole application process you apply
40EDWNpK2XM,WORKING AT AMAZON..I SHOULD QUIT RIGHT? + LIVE FOOTAGE,youtube,12,[19.92] the whole application process you apply,for the job
40EDWNpK2XM,WORKING AT AMAZON..I SHOULD QUIT RIGHT? + LIVE FOOTAGE,youtube,13,[22.64] for the job,you pass the drug test you get the job
40EDWNpK2XM,WORKING AT AMAZON..I SHOULD QUIT RIGHT? + LIVE FOOTAGE,youtube,14,[24.16] you pass the drug test you get the job,there's no
40EDWNpK2XM,WORKING AT AMAZON..I SHOULD QUIT RIGHT? + LIVE FOOTAGE,youtube,15,[26.96] there's no,interview no nothing that
40EDWNpK2XM,WORKING AT AMAZON..I SHOULD QUIT RIGHT? + LIVE FOOTAGE,youtube,16,[27.76] interview no nothing like that pretty,much anybody can get hired
40EDWNpK2XM,WORKING AT AMAZON..I SHOULD QUIT RIGHT? + LIVE FOOTAGE,youtube,17,[29.68] much anybody can get hired,i'm not sure about the whole criminal
40EDWNpK2XM,WORKING AT AMAZON..I SHOULD QUIT RIGHT? + LIVE FOOTAGE,youtube,18,[31.60] i'm not sure about the whole criminal,record type of thing i'm not sure about
40EDWNpK2XM,WORKING AT AMAZON..I SHOULD QUIT RIGHT? + LIVE FOOTAGE,youtube,19,[33.60] record type of thing i'm not sure about,that because i don't have a criminal
40EDWNpK2XM,WORKING AT AMAZON..I SHOULD QUIT RIGHT? + LIVE FOOTAGE,youtube,20,[35.12] that because i don't have a criminal,record so as you're applying for amazon
40EDWNpK2XM,WORKING AT AMAZON..I SHOULD QUIT RIGHT? + LIVE FOOTAGE,youtube,21,[36.48] record so as you're applying for amazon,they'll have different sets of schedules
40EDWNpK2XM,WORKING AT AMAZON..I SHOULD QUIT RIGHT? + LIVE FOOTAGE,youtube,22,[38.48] they'll have different sets of schedules,that you can choose from you
40EDWNpK2XM,WORKING AT AMAZON..I SHOULD QUIT RIGHT? + LIVE FOOTAGE,youtube,23,[40.24] that you can choose from you kind of,pick your own set of days
40EDWNpK2XM,WORKING AT AMAZON..I SHOULD QUIT RIGHT? + LIVE FOOTAGE,youtube,24,[41.68] pick your own set of days,when you want to work i work from 7 pm
40EDWNpK2XM,WORKING AT AMAZON..I SHOULD QUIT RIGHT? + LIVE FOOTAGE,youtube,25,[42.80] when you want to work i work from 7 pm,to 5
40EDWNpK2XM,WORKING AT AMAZON..I SHOULD QUIT RIGHT? + LIVE FOOTAGE,youtube,26,[44.80] to 5,30 a.m i work sunday monday tuesday
40EDWNpK2XM,WORKING AT AMAZON..I SHOULD QUIT RIGHT? + LIVE FOOTAGE,youtube,27,[46.08] 30 a.m i work sunday monday tuesday,wednesday
40EDWNpK2XM,WORKING AT AMAZON..I SHOULD QUIT RIGHT? + LIVE FOOTAGE,youtube,28,[48.96] wednesday,and then thursday friday saturday i'm
40EDWNpK2XM,WORKING AT AMAZON..I SHOULD QUIT RIGHT? + LIVE FOOTAGE,youtube,29,[50.16] and then thursday friday saturday i'm,off so once you finish your
40EDWNpK2XM,WORKING AT AMAZON..I SHOULD QUIT RIGHT? + LIVE FOOTAGE,youtube,30,[52.88] off so once you finish your,application process they should send you
40EDWNpK2XM,WORKING AT AMAZON..I SHOULD QUIT RIGHT? + LIVE FOOTAGE,youtube,31,[54.32] application process they should send you,an email within a
40EDWNpK2XM,WORKING AT AMAZON..I SHOULD QUIT RIGHT? + LIVE FOOTAGE,youtube,32,[56.40] an email within a,couple days saying when you need to
40EDWNpK2XM,WORKING AT AMAZON..I SHOULD QUIT RIGHT? + LIVE FOOTAGE,youtube,33,[58.32] couple days saying like when you need to,show up to
40EDWNpK2XM,WORKING AT AMAZON..I SHOULD QUIT RIGHT? + LIVE FOOTAGE,youtube,34,[60.48] show up to,the amazon facility to take your
40EDWNpK2XM,WORKING AT AMAZON..I SHOULD QUIT RIGHT? + LIVE FOOTAGE,youtube,35,[61.36] the amazon facility to like um take your,drug test
40EDWNpK2XM,WORKING AT AMAZON..I SHOULD QUIT RIGHT? + LIVE FOOTAGE,youtube,36,[64.64] drug test,take a badge id picture i guess get you
40EDWNpK2XM,WORKING AT AMAZON..I SHOULD QUIT RIGHT? + LIVE FOOTAGE,youtube,37,[65.76] take a badge id picture i guess get you,input into the system
40EDWNpK2XM,WORKING AT AMAZON..I SHOULD QUIT RIGHT? + LIVE FOOTAGE,youtube,38,[68.80] like input into the system,you're going to need two forms of
40EDWNpK2XM,WORKING AT AMAZON..I SHOULD QUIT RIGHT? + LIVE FOOTAGE,youtube,39,[70.32] you're gonna need like two forms of,identification saying that
40EDWNpK2XM,WORKING AT AMAZON..I SHOULD QUIT RIGHT? + LIVE FOOTAGE,youtube,40,[71.68] identification something saying that,hey you're able to work a social
40EDWNpK2XM,WORKING AT AMAZON..I SHOULD QUIT RIGHT? + LIVE FOOTAGE,youtube,41,[74.16] hey you're able to work like a social,security card passport
40EDWNpK2XM,WORKING AT AMAZON..I SHOULD QUIT RIGHT? + LIVE FOOTAGE,youtube,42,[75.92] security card passport whatever,so yeah it'll give you all that
40EDWNpK2XM,WORKING AT AMAZON..I SHOULD QUIT RIGHT? + LIVE FOOTAGE,youtube,43,[77.92] so yeah it'll give you all that,information in the email
40EDWNpK2XM,WORKING AT AMAZON..I SHOULD QUIT RIGHT? + LIVE FOOTAGE,youtube,44,[80.08] information in the email,if you apply so with covid and
40EDWNpK2XM,WORKING AT AMAZON..I SHOULD QUIT RIGHT? + LIVE FOOTAGE,youtube,45,[81.52] if you apply so with covid and,everything going on the process was kind
40EDWNpK2XM,WORKING AT AMAZON..I SHOULD QUIT RIGHT? + LIVE FOOTAGE,youtube,46,[83.28] everything going on the process was kind,of slow you were
40EDWNpK2XM,WORKING AT AMAZON..I SHOULD QUIT RIGHT? + LIVE FOOTAGE,youtube,47,[84.96] of slow like you were,standing outside for at least a
40EDWNpK2XM,WORKING AT AMAZON..I SHOULD QUIT RIGHT? + LIVE FOOTAGE,youtube,48,[86.16] standing outside for at least like a,good
40EDWNpK2XM,WORKING AT AMAZON..I SHOULD QUIT RIGHT? + LIVE FOOTAGE,youtube,49,[88.00] good,10 15 20 minutes my first day of work i
40EDWNpK2XM,WORKING AT AMAZON..I SHOULD QUIT RIGHT? + LIVE FOOTAGE,youtube,50,[89.36] 10 15 20 minutes my first day of work i,showed up to the building
40EDWNpK2XM,WORKING AT AMAZON..I SHOULD QUIT RIGHT? + LIVE FOOTAGE,youtube,51,[92.32] showed up to the building,it was a long ass line of people and
40EDWNpK2XM,WORKING AT AMAZON..I SHOULD QUIT RIGHT? + LIVE FOOTAGE,youtube,52,[93.76] uh it was a long ass line of people and,people were asking for a driver's
40EDWNpK2XM,WORKING AT AMAZON..I SHOULD QUIT RIGHT? + LIVE FOOTAGE,youtube,53,[96.48] people were asking for a driver's,license i don't know what for
40EDWNpK2XM,WORKING AT AMAZON..I SHOULD QUIT RIGHT? + LIVE FOOTAGE,youtube,54,[98.08] license i don't know what for,but obviously for they needed
40EDWNpK2XM,WORKING AT AMAZON..I SHOULD QUIT RIGHT? + LIVE FOOTAGE,youtube,55,[99.60] but obviously for something they needed,it for the second and they called my
40EDWNpK2XM,WORKING AT AMAZON..I SHOULD QUIT RIGHT? + LIVE FOOTAGE,youtube,56,[101.44] it for the second and they called my,name
40EDWNpK2XM,WORKING AT AMAZON..I SHOULD QUIT RIGHT? + LIVE FOOTAGE,youtube,57,[103.12] name,i went inside they told me to go into
40EDWNpK2XM,WORKING AT AMAZON..I SHOULD QUIT RIGHT? + LIVE FOOTAGE,youtube,58,[103.52] i went inside they told me to go into,this briefing room and it was about
40EDWNpK2XM,WORKING AT AMAZON..I SHOULD QUIT RIGHT? + LIVE FOOTAGE,youtube,59,[105.28] this um briefing room and it was about,30 people maxing there because of kovic
40EDWNpK2XM,WORKING AT AMAZON..I SHOULD QUIT RIGHT? + LIVE FOOTAGE,youtube,60,[108.00] like,restrictions stuff that and they
40EDWNpK2XM,WORKING AT AMAZON..I SHOULD QUIT RIGHT? + LIVE FOOTAGE,youtube,61,[108.64] 30 people maxing there because of kovic,were playing this
40EDWNpK2XM,WORKING AT AMAZON..I SHOULD QUIT RIGHT? + LIVE FOOTAGE,youtube,62,[111.04] restrictions stuff like that and they,orientation video
40EDWNpK2XM,WORKING AT AMAZON..I SHOULD QUIT RIGHT? + LIVE FOOTAGE,youtube,63,[112.64] were playing like this,warehouse safety rules
40EDWNpK2XM,WORKING AT AMAZON..I SHOULD QUIT RIGHT? + LIVE FOOTAGE,youtube,64,[114.00] orientation video basically like,how you build a palette i guess it's
40EDWNpK2XM,WORKING AT AMAZON..I SHOULD QUIT RIGHT? + LIVE FOOTAGE,youtube,65,[116.48] warehouse safety rules,pertaining to what your job is
40EDWNpK2XM,WORKING AT AMAZON..I SHOULD QUIT RIGHT? + LIVE FOOTAGE,youtube,66,[118.16] how you build a palette i guess it's,going to be
40EDWNpK2XM,WORKING AT AMAZON..I SHOULD QUIT RIGHT? + LIVE FOOTAGE,youtube,67,[120.48] kind of pertaining to what your job is,that's what they did for that first
40EDWNpK2XM,WORKING AT AMAZON..I SHOULD QUIT RIGHT? + LIVE FOOTAGE,youtube,68,[122.48] gonna be,hour and then
40EDWNpK2XM,WORKING AT AMAZON..I SHOULD QUIT RIGHT? + LIVE FOOTAGE,youtube,69,[123.04] that's what they did for like that first,once the video was done playing they had
40EDWNpK2XM,WORKING AT AMAZON..I SHOULD QUIT RIGHT? + LIVE FOOTAGE,youtube,70,[125.20] hour and then,people come in with these vests on and
40EDWNpK2XM,WORKING AT AMAZON..I SHOULD QUIT RIGHT? + LIVE FOOTAGE,youtube,71,[126.64] once the video was done playing they had,they were the
40EDWNpK2XM,WORKING AT AMAZON..I SHOULD QUIT RIGHT? + LIVE FOOTAGE,youtube,72,[128.72] people come in with these vests on and,teachers of your job these are the
40EDWNpK2XM,WORKING AT AMAZON..I SHOULD QUIT RIGHT? + LIVE FOOTAGE,youtube,73,[130.88] they were kind of like the,people who you're going to be learning from
40EDWNpK2XM,WORKING AT AMAZON..I SHOULD QUIT RIGHT? + LIVE FOOTAGE,youtube,74,[132.08] uh teachers of your job these are the,these are people who are going to be
40EDWNpK2XM,WORKING AT AMAZON..I SHOULD QUIT RIGHT? + LIVE FOOTAGE,youtube,75,[134.88] people who you're gonna be learning from,guiding you around the warehouse
40EDWNpK2XM,WORKING AT AMAZON..I SHOULD QUIT RIGHT? + LIVE FOOTAGE,youtube,76,[136.16] these are people who are gonna be,and showing you what you're going to be
40EDWNpK2XM,WORKING AT AMAZON..I SHOULD QUIT RIGHT? + LIVE FOOTAGE,youtube,77,[137.20] guiding you around the warehouse,doing on a daily basis they broke us off
40EDWNpK2XM,WORKING AT AMAZON..I SHOULD QUIT RIGHT? + LIVE FOOTAGE,youtube,78,[138.64] and showing you what you're gonna be,into groups of five or six
40EDWNpK2XM,WORKING AT AMAZON..I SHOULD QUIT RIGHT? + LIVE FOOTAGE,youtube,79,[140.16] doing on a daily basis they broke us off,people and we went with them they gave
40EDWNpK2XM,WORKING AT AMAZON..I SHOULD QUIT RIGHT? + LIVE FOOTAGE,youtube,80,[142.00] into like groups of five or six,us a little
40EDWNpK2XM,WORKING AT AMAZON..I SHOULD QUIT RIGHT? + LIVE FOOTAGE,youtube,81,[143.52] people and we went with them they gave,tour of our section that we're going to be
40EDWNpK2XM,WORKING AT AMAZON..I SHOULD QUIT RIGHT? + LIVE FOOTAGE,youtube,82,[145.76] us a little,now mind you this is a big ass
40EDWNpK2XM,WORKING AT AMAZON..I SHOULD QUIT RIGHT? + LIVE FOOTAGE,youtube,83,[147.52] tour of our section that we're gonna be,warehouse i thought the floor that we
40EDWNpK2XM,WORKING AT AMAZON..I SHOULD QUIT RIGHT? + LIVE FOOTAGE,youtube,84,[150.80] in,were on was
40EDWNpK2XM,WORKING AT AMAZON..I SHOULD QUIT RIGHT? + LIVE FOOTAGE,youtube,85,[151.44] now mind you this is a big ass,it no there's three other floors and i
40EDWNpK2XM,WORKING AT AMAZON..I SHOULD QUIT RIGHT? + LIVE FOOTAGE,youtube,86,[154.72] warehouse i thought the floor that we,didn't know that
40EDWNpK2XM,WORKING AT AMAZON..I SHOULD QUIT RIGHT? + LIVE FOOTAGE,youtube,87,[157.36] were on was,i work at shipping docks and my job is
40EDWNpK2XM,WORKING AT AMAZON..I SHOULD QUIT RIGHT? + LIVE FOOTAGE,youtube,88,[158.24] it no there's three other floors and i,very simple
40EDWNpK2XM,WORKING AT AMAZON..I SHOULD QUIT RIGHT? + LIVE FOOTAGE,youtube,89,[161.12] didn't know that,i promise and it's all i do all day
40EDWNpK2XM,WORKING AT AMAZON..I SHOULD QUIT RIGHT? + LIVE FOOTAGE,youtube,90,[162.08] i work at shipping docks and my job is,unless another section needs help
40EDWNpK2XM,WORKING AT AMAZON..I SHOULD QUIT RIGHT? + LIVE FOOTAGE,youtube,91,[164.80] very simple,but all i do is wait for the box to come
40EDWNpK2XM,WORKING AT AMAZON..I SHOULD QUIT RIGHT? + LIVE FOOTAGE,youtube,92,[165.84] i promise and it's all i do all day,down on the little belt thing
40EDWNpK2XM,WORKING AT AMAZON..I SHOULD QUIT RIGHT? + LIVE FOOTAGE,youtube,93,[168.72] unless another section needs help,stack the boxes on the palette and wrap
40EDWNpK2XM,WORKING AT AMAZON..I SHOULD QUIT RIGHT? + LIVE FOOTAGE,youtube,94,[170.72] but all i do is wait for the box to come,it with tape and let somebody take it
40EDWNpK2XM,WORKING AT AMAZON..I SHOULD QUIT RIGHT? + LIVE FOOTAGE,youtube,95,[173.52] down on the little belt thing,away
40EDWNpK2XM,WORKING AT AMAZON..I SHOULD QUIT RIGHT? + LIVE FOOTAGE,youtube,96,[175.12] stack the boxes on the palette and wrap,start over but here's a clip
40EDWNpK2XM,WORKING AT AMAZON..I SHOULD QUIT RIGHT? + LIVE FOOTAGE,youtube,97,[176.96] it with tape and let somebody take it,showing you exactly what i do
40EDWNpK2XM,WORKING AT AMAZON..I SHOULD QUIT RIGHT? + LIVE FOOTAGE,youtube,98,[178.80] away,she
40EDWNpK2XM,WORKING AT AMAZON..I SHOULD QUIT RIGHT? + LIVE FOOTAGE,youtube,99,[179.20] start over but here's a clip literally,now if you ask me that is easy money
40EDWNpK2XM,WORKING AT AMAZON..I SHOULD QUIT RIGHT? + LIVE FOOTAGE,youtube,100,[180.96] showing you exactly what i do,it's very easy money now back to the
40EDWNpK2XM,WORKING AT AMAZON..I SHOULD QUIT RIGHT? + LIVE FOOTAGE,youtube,101,[184.17] [Music],first day
40EDWNpK2XM,WORKING AT AMAZON..I SHOULD QUIT RIGHT? + LIVE FOOTAGE,youtube,102,[204.80] [Music],after they showed us around and showed
40EDWNpK2XM,WORKING AT AMAZON..I SHOULD QUIT RIGHT? + LIVE FOOTAGE,youtube,103,[216.13] [Music],us how to do things and stuff
40EDWNpK2XM,WORKING AT AMAZON..I SHOULD QUIT RIGHT? + LIVE FOOTAGE,youtube,104,[238.84] she,it was get to work
40EDWNpK2XM,WORKING AT AMAZON..I SHOULD QUIT RIGHT? + LIVE FOOTAGE,youtube,105,[242.32] now if you ask me that is easy money,get to work and i'm
40EDWNpK2XM,WORKING AT AMAZON..I SHOULD QUIT RIGHT? + LIVE FOOTAGE,youtube,106,[244.96] it's very easy money now back to the,okay damn way to ease us into it
40EDWNpK2XM,WORKING AT AMAZON..I SHOULD QUIT RIGHT? + LIVE FOOTAGE,youtube,107,[246.72] first day,i was expecting the first week to
40EDWNpK2XM,WORKING AT AMAZON..I SHOULD QUIT RIGHT? + LIVE FOOTAGE,youtube,108,[247.44] after they showed us around and showed,be all
40EDWNpK2XM,WORKING AT AMAZON..I SHOULD QUIT RIGHT? + LIVE FOOTAGE,youtube,109,[249.12] us how to do things and stuff,cute and stuff and then the next week we
40EDWNpK2XM,WORKING AT AMAZON..I SHOULD QUIT RIGHT? + LIVE FOOTAGE,youtube,110,[251.60] it was basically get to work literally,get into it
40EDWNpK2XM,WORKING AT AMAZON..I SHOULD QUIT RIGHT? + LIVE FOOTAGE,youtube,111,[254.72] get to work and i'm just like,it's not much learning too it's
40EDWNpK2XM,WORKING AT AMAZON..I SHOULD QUIT RIGHT? + LIVE FOOTAGE,youtube,112,[258.48] okay damn way to ease us into it,it's all physical honestly oh at least
40EDWNpK2XM,WORKING AT AMAZON..I SHOULD QUIT RIGHT? + LIVE FOOTAGE,youtube,113,[263.68] like i was expecting the first week to,my job i don't know about everybody else
40EDWNpK2XM,WORKING AT AMAZON..I SHOULD QUIT RIGHT? + LIVE FOOTAGE,youtube,114,[266.32] be all,so let's talk about these hours
40EDWNpK2XM,WORKING AT AMAZON..I SHOULD QUIT RIGHT? + LIVE FOOTAGE,youtube,115,[266.80] cute and stuff and then the next week we,we talking 10 11 12 hour shifts within
40EDWNpK2XM,WORKING AT AMAZON..I SHOULD QUIT RIGHT? + LIVE FOOTAGE,youtube,116,[269.44] get into it,those 10 hours and 30 minutes you have
40EDWNpK2XM,WORKING AT AMAZON..I SHOULD QUIT RIGHT? + LIVE FOOTAGE,youtube,117,[270.56] it's not really much learning too it's,an hour break
40EDWNpK2XM,WORKING AT AMAZON..I SHOULD QUIT RIGHT? + LIVE FOOTAGE,youtube,118,[272.72] just,but they split it in half so after
40EDWNpK2XM,WORKING AT AMAZON..I SHOULD QUIT RIGHT? + LIVE FOOTAGE,youtube,119,[273.68] it's all physical honestly oh at least,your first
40EDWNpK2XM,WORKING AT AMAZON..I SHOULD QUIT RIGHT? + LIVE FOOTAGE,youtube,120,[276.40] my job i don't know about everybody else,three to four hours of work you take a
40EDWNpK2XM,WORKING AT AMAZON..I SHOULD QUIT RIGHT? + LIVE FOOTAGE,youtube,121,[278.32] so let's talk about these hours,30 minute break and then
40EDWNpK2XM,WORKING AT AMAZON..I SHOULD QUIT RIGHT? + LIVE FOOTAGE,youtube,122,[281.76] we talking 10 11 12 hour shifts within,you work three or four more hours wait
40EDWNpK2XM,WORKING AT AMAZON..I SHOULD QUIT RIGHT? + LIVE FOOTAGE,youtube,123,[285.04] those 10 hours and 30 minutes you have,am i saying that right i don't know
40EDWNpK2XM,WORKING AT AMAZON..I SHOULD QUIT RIGHT? + LIVE FOOTAGE,youtube,124,[287.04] an hour break,i hope that i get what i'm saying take a
40EDWNpK2XM,WORKING AT AMAZON..I SHOULD QUIT RIGHT? + LIVE FOOTAGE,youtube,125,[288.16] but they split it in half so like after,couple more hours doing work and then
40EDWNpK2XM,WORKING AT AMAZON..I SHOULD QUIT RIGHT? + LIVE FOOTAGE,youtube,126,[291.36] your first,you take another 30 minute break
40EDWNpK2XM,WORKING AT AMAZON..I SHOULD QUIT RIGHT? + LIVE FOOTAGE,youtube,127,[292.08] three to four hours of work you take a,the main and the only thing so far that
40EDWNpK2XM,WORKING AT AMAZON..I SHOULD QUIT RIGHT? + LIVE FOOTAGE,youtube,128,[294.16] 30 minute break and then,i hate about working at amazon
40EDWNpK2XM,WORKING AT AMAZON..I SHOULD QUIT RIGHT? + LIVE FOOTAGE,youtube,129,[296.00] you work three or four more hours wait,is there are no chairs there's
40EDWNpK2XM,WORKING AT AMAZON..I SHOULD QUIT RIGHT? + LIVE FOOTAGE,youtube,130,[299.12] am i saying that right i don't know,chairs of course when you're on
40EDWNpK2XM,WORKING AT AMAZON..I SHOULD QUIT RIGHT? + LIVE FOOTAGE,youtube,131,[300.72] i hope that i get what i'm saying take a,breaks but
40EDWNpK2XM,WORKING AT AMAZON..I SHOULD QUIT RIGHT? + LIVE FOOTAGE,youtube,132,[302.24] couple more hours doing work and then,at your workstation there's no chairs
40EDWNpK2XM,WORKING AT AMAZON..I SHOULD QUIT RIGHT? + LIVE FOOTAGE,youtube,133,[304.00] you take another 30 minute break,when you're waiting for work
40EDWNpK2XM,WORKING AT AMAZON..I SHOULD QUIT RIGHT? + LIVE FOOTAGE,youtube,134,[305.52] the main and the only thing so far that,to come down
40EDWNpK2XM,WORKING AT AMAZON..I SHOULD QUIT RIGHT? + LIVE FOOTAGE,youtube,135,[307.84] i hate about working at amazon,you're standing
40EDWNpK2XM,WORKING AT AMAZON..I SHOULD QUIT RIGHT? + LIVE FOOTAGE,youtube,136,[309.44] is there are no chairs like there's,no there's no city i don't that
40EDWNpK2XM,WORKING AT AMAZON..I SHOULD QUIT RIGHT? + LIVE FOOTAGE,youtube,137,[311.76] chairs of course like when you're on,that's not humane
40EDWNpK2XM,WORKING AT AMAZON..I SHOULD QUIT RIGHT? + LIVE FOOTAGE,youtube,138,[313.52] breaks but like,i get it i get it people get lazy
40EDWNpK2XM,WORKING AT AMAZON..I SHOULD QUIT RIGHT? + LIVE FOOTAGE,youtube,139,[315.04] at your workstation there's no chairs,in chairs you don't
40EDWNpK2XM,WORKING AT AMAZON..I SHOULD QUIT RIGHT? + LIVE FOOTAGE,youtube,140,[317.52] when you're literally waiting for work,be comfortable and get on your phone and
40EDWNpK2XM,WORKING AT AMAZON..I SHOULD QUIT RIGHT? + LIVE FOOTAGE,youtube,141,[319.12] to come down,possibly fall asleep
40EDWNpK2XM,WORKING AT AMAZON..I SHOULD QUIT RIGHT? + LIVE FOOTAGE,youtube,142,[320.08] um you're standing,especially being that it's night shift
40EDWNpK2XM,WORKING AT AMAZON..I SHOULD QUIT RIGHT? + LIVE FOOTAGE,youtube,143,[323.68] no there's no city i don't like that,but here's the thing
40EDWNpK2XM,WORKING AT AMAZON..I SHOULD QUIT RIGHT? + LIVE FOOTAGE,youtube,144,[326.56] that's not humane,no and real quick if you're thinking
40EDWNpK2XM,WORKING AT AMAZON..I SHOULD QUIT RIGHT? + LIVE FOOTAGE,youtube,145,[327.92] like i get it i get it people get lazy,about or you're about to start working
40EDWNpK2XM,WORKING AT AMAZON..I SHOULD QUIT RIGHT? + LIVE FOOTAGE,youtube,146,[331.68] in chairs you don't,at amazon
40EDWNpK2XM,WORKING AT AMAZON..I SHOULD QUIT RIGHT? + LIVE FOOTAGE,youtube,147,[333.04] be comfortable and get on your phone and,please listen let me let me get close
40EDWNpK2XM,WORKING AT AMAZON..I SHOULD QUIT RIGHT? + LIVE FOOTAGE,youtube,148,[335.60] possibly fall asleep,get some running shoes get some
40EDWNpK2XM,WORKING AT AMAZON..I SHOULD QUIT RIGHT? + LIVE FOOTAGE,youtube,149,[337.12] especially being that it's night shift,tennis shoes don't be me
40EDWNpK2XM,WORKING AT AMAZON..I SHOULD QUIT RIGHT? + LIVE FOOTAGE,youtube,150,[339.28] but here's the thing,where i wore vans on my first day and i
40EDWNpK2XM,WORKING AT AMAZON..I SHOULD QUIT RIGHT? + LIVE FOOTAGE,youtube,151,[343.44] no and real quick if you're thinking,wear uggs the second day
40EDWNpK2XM,WORKING AT AMAZON..I SHOULD QUIT RIGHT? + LIVE FOOTAGE,youtube,152,[345.44] about or you're about to start working,my feet my feet were hurting
40EDWNpK2XM,WORKING AT AMAZON..I SHOULD QUIT RIGHT? + LIVE FOOTAGE,youtube,153,[347.92] at amazon,i wanted to cry it was a couple times i
40EDWNpK2XM,WORKING AT AMAZON..I SHOULD QUIT RIGHT? + LIVE FOOTAGE,youtube,154,[349.92] please listen let me let me get close,went in the bathroom bruh should i
40EDWNpK2XM,WORKING AT AMAZON..I SHOULD QUIT RIGHT? + LIVE FOOTAGE,youtube,155,[353.52] get some running shoes get some,walk out and never come back right
40EDWNpK2XM,WORKING AT AMAZON..I SHOULD QUIT RIGHT? + LIVE FOOTAGE,youtube,156,[357.44] tennis shoes don't be like me,now
40EDWNpK2XM,WORKING AT AMAZON..I SHOULD QUIT RIGHT? + LIVE FOOTAGE,youtube,157,[360.64] where i wore vans on my first day and i,i can i don't know if i could do
40EDWNpK2XM,WORKING AT AMAZON..I SHOULD QUIT RIGHT? + LIVE FOOTAGE,youtube,158,[363.20] wear uggs the second day,this
40EDWNpK2XM,WORKING AT AMAZON..I SHOULD QUIT RIGHT? + LIVE FOOTAGE,youtube,159,[366.48] my feet my feet were hurting like,and everybody's saying oh you you
40EDWNpK2XM,WORKING AT AMAZON..I SHOULD QUIT RIGHT? + LIVE FOOTAGE,youtube,160,[370.08] i wanted to cry it was a couple times i,know you'll get used to it
40EDWNpK2XM,WORKING AT AMAZON..I SHOULD QUIT RIGHT? + LIVE FOOTAGE,youtube,161,[372.56] went in the bathroom like bruh should i,make sure you have the proper shoes
40EDWNpK2XM,WORKING AT AMAZON..I SHOULD QUIT RIGHT? + LIVE FOOTAGE,youtube,162,[374.08] just walk out and never come back right,because that ain't
40EDWNpK2XM,WORKING AT AMAZON..I SHOULD QUIT RIGHT? + LIVE FOOTAGE,youtube,163,[375.84] now,it that ain't it and i'm okay
40EDWNpK2XM,WORKING AT AMAZON..I SHOULD QUIT RIGHT? + LIVE FOOTAGE,youtube,164,[376.32] like i can i don't know if i could do,but i said with the scheduling i
40EDWNpK2XM,WORKING AT AMAZON..I SHOULD QUIT RIGHT? + LIVE FOOTAGE,youtube,165,[379.76] this,the fact that
40EDWNpK2XM,WORKING AT AMAZON..I SHOULD QUIT RIGHT? + LIVE FOOTAGE,youtube,166,[380.24] and everybody's saying like oh you you,you can much build your own
40EDWNpK2XM,WORKING AT AMAZON..I SHOULD QUIT RIGHT? + LIVE FOOTAGE,youtube,167,[382.96] know you'll get used to it,schedule i love my schedule specifically
40EDWNpK2XM,WORKING AT AMAZON..I SHOULD QUIT RIGHT? + LIVE FOOTAGE,youtube,168,[384.32] just make sure you have the proper shoes,because
40EDWNpK2XM,WORKING AT AMAZON..I SHOULD QUIT RIGHT? + LIVE FOOTAGE,youtube,169,[386.80] because that ain't,i have an ample amount of time to
40EDWNpK2XM,WORKING AT AMAZON..I SHOULD QUIT RIGHT? + LIVE FOOTAGE,youtube,170,[387.52] it that ain't it and i'm like okay,tend to me and
40EDWNpK2XM,WORKING AT AMAZON..I SHOULD QUIT RIGHT? + LIVE FOOTAGE,youtube,171,[390.64] but like i said with the scheduling i,i can sit down for a day and film
40EDWNpK2XM,WORKING AT AMAZON..I SHOULD QUIT RIGHT? + LIVE FOOTAGE,youtube,172,[392.56] really like the fact that,and edit yes yes a day that's
40EDWNpK2XM,WORKING AT AMAZON..I SHOULD QUIT RIGHT? + LIVE FOOTAGE,youtube,173,[394.00] you can pretty much build your own,outside saturday and sunday the
40EDWNpK2XM,WORKING AT AMAZON..I SHOULD QUIT RIGHT? + LIVE FOOTAGE,youtube,174,[395.60] schedule i love my schedule specifically,normal
40EDWNpK2XM,WORKING AT AMAZON..I SHOULD QUIT RIGHT? + LIVE FOOTAGE,youtube,175,[398.00] because,off time of the world
40EDWNpK2XM,WORKING AT AMAZON..I SHOULD QUIT RIGHT? + LIVE FOOTAGE,youtube,176,[398.96] i have an ample amount of time to,i'm saying but
40EDWNpK2XM,WORKING AT AMAZON..I SHOULD QUIT RIGHT? + LIVE FOOTAGE,youtube,177,[402.00] tend to me and just,yeah i can sit down on a weekday
40EDWNpK2XM,WORKING AT AMAZON..I SHOULD QUIT RIGHT? + LIVE FOOTAGE,youtube,178,[405.68] i can sit down for a day and film,and do this that's lovely working
40EDWNpK2XM,WORKING AT AMAZON..I SHOULD QUIT RIGHT? + LIVE FOOTAGE,youtube,179,[408.72] and edit like yes yes a day that's,benefits
40EDWNpK2XM,WORKING AT AMAZON..I SHOULD QUIT RIGHT? + LIVE FOOTAGE,youtube,180,[412.40] outside saturday and sunday like the,i'm not exactly sure about all the
40EDWNpK2XM,WORKING AT AMAZON..I SHOULD QUIT RIGHT? + LIVE FOOTAGE,youtube,181,[415.36] normal,benefits that amazon has for their
40EDWNpK2XM,WORKING AT AMAZON..I SHOULD QUIT RIGHT? + LIVE FOOTAGE,youtube,182,[416.24] off time of the world whatever you know,workers but i do know for a fact that
40EDWNpK2XM,WORKING AT AMAZON..I SHOULD QUIT RIGHT? + LIVE FOOTAGE,youtube,183,[418.40] i'm saying but like,they have this little program with
40EDWNpK2XM,WORKING AT AMAZON..I SHOULD QUIT RIGHT? + LIVE FOOTAGE,youtube,184,[419.68] yeah like i can sit down on a weekday,zappos it's a shoe company where
40EDWNpK2XM,WORKING AT AMAZON..I SHOULD QUIT RIGHT? + LIVE FOOTAGE,youtube,185,[423.36] and do this that's lovely working,they give you
40EDWNpK2XM,WORKING AT AMAZON..I SHOULD QUIT RIGHT? + LIVE FOOTAGE,youtube,186,[426.40] benefits,amazon or zappo provides you with
40EDWNpK2XM,WORKING AT AMAZON..I SHOULD QUIT RIGHT? + LIVE FOOTAGE,youtube,187,[427.60] i'm not exactly sure about all the,100 some dollar gift card to get
40EDWNpK2XM,WORKING AT AMAZON..I SHOULD QUIT RIGHT? + LIVE FOOTAGE,youtube,188,[430.40] benefits that amazon has for their,you some
40EDWNpK2XM,WORKING AT AMAZON..I SHOULD QUIT RIGHT? + LIVE FOOTAGE,youtube,189,[432.40] workers but i do know for a fact that,good working shoes so yeah i bought it
40EDWNpK2XM,WORKING AT AMAZON..I SHOULD QUIT RIGHT? + LIVE FOOTAGE,youtube,190,[434.16] they have like this little program with,with my own money because i didn't
40EDWNpK2XM,WORKING AT AMAZON..I SHOULD QUIT RIGHT? + LIVE FOOTAGE,youtube,191,[436.24] um zappos it's a shoe company where like,feel going through all that if i
40EDWNpK2XM,WORKING AT AMAZON..I SHOULD QUIT RIGHT? + LIVE FOOTAGE,youtube,192,[439.52] they give you,could do it myself
40EDWNpK2XM,WORKING AT AMAZON..I SHOULD QUIT RIGHT? + LIVE FOOTAGE,youtube,193,[441.84] amazon or zappo provides you like with,and i don't have to wait at all
40EDWNpK2XM,WORKING AT AMAZON..I SHOULD QUIT RIGHT? + LIVE FOOTAGE,youtube,194,[443.84] like 100 some dollar gift card to get,on somebody else or else i'm
40EDWNpK2XM,WORKING AT AMAZON..I SHOULD QUIT RIGHT? + LIVE FOOTAGE,youtube,195,[445.60] you some,going to do myself meeting new people
40EDWNpK2XM,WORKING AT AMAZON..I SHOULD QUIT RIGHT? + LIVE FOOTAGE,youtube,196,[446.40] good working shoes so yeah i bought it,this is a plus for me because it's
40EDWNpK2XM,WORKING AT AMAZON..I SHOULD QUIT RIGHT? + LIVE FOOTAGE,youtube,197,[449.44] with my own money because i just didn't,okay so
40EDWNpK2XM,WORKING AT AMAZON..I SHOULD QUIT RIGHT? + LIVE FOOTAGE,youtube,198,[451.20] feel like going through all that if i,before this i was in the military and
40EDWNpK2XM,WORKING AT AMAZON..I SHOULD QUIT RIGHT? + LIVE FOOTAGE,youtube,199,[452.72] could do it myself,meeting new people was great there you
40EDWNpK2XM,WORKING AT AMAZON..I SHOULD QUIT RIGHT? + LIVE FOOTAGE,youtube,200,[454.40] and i don't have to wait like at all,know we
40EDWNpK2XM,WORKING AT AMAZON..I SHOULD QUIT RIGHT? + LIVE FOOTAGE,youtube,201,[457.68] on somebody else or something else i'm,build friendships off of the main fact
40EDWNpK2XM,WORKING AT AMAZON..I SHOULD QUIT RIGHT? + LIVE FOOTAGE,youtube,202,[459.52] gonna do myself meeting new people,that
40EDWNpK2XM,WORKING AT AMAZON..I SHOULD QUIT RIGHT? + LIVE FOOTAGE,youtube,203,[461.92] this is a plus for me because it's like,we're all in this together we're all
40EDWNpK2XM,WORKING AT AMAZON..I SHOULD QUIT RIGHT? + LIVE FOOTAGE,youtube,204,[464.32] okay so,going through bs let's be friends type
40EDWNpK2XM,WORKING AT AMAZON..I SHOULD QUIT RIGHT? + LIVE FOOTAGE,youtube,205,[465.28] before this i was in the military and,of thing
40EDWNpK2XM,WORKING AT AMAZON..I SHOULD QUIT RIGHT? + LIVE FOOTAGE,youtube,206,[467.36] meeting new people was great there you,i'm in a civilian world now and it's
40EDWNpK2XM,WORKING AT AMAZON..I SHOULD QUIT RIGHT? + LIVE FOOTAGE,youtube,207,[468.88] know we,i don't know it's it's
40EDWNpK2XM,WORKING AT AMAZON..I SHOULD QUIT RIGHT? + LIVE FOOTAGE,youtube,208,[469.76] build friendships off of the main fact,different everybody has
40EDWNpK2XM,WORKING AT AMAZON..I SHOULD QUIT RIGHT? + LIVE FOOTAGE,youtube,209,[472.96] that,their own story oh what brings you
40EDWNpK2XM,WORKING AT AMAZON..I SHOULD QUIT RIGHT? + LIVE FOOTAGE,youtube,210,[473.52] we're all in this together we're all,here what brings you to this state
40EDWNpK2XM,WORKING AT AMAZON..I SHOULD QUIT RIGHT? + LIVE FOOTAGE,youtube,211,[475.12] going through bs let's be friends type,it's nice and refreshing to
40EDWNpK2XM,WORKING AT AMAZON..I SHOULD QUIT RIGHT? + LIVE FOOTAGE,youtube,212,[477.28] of thing,hear somebody else's story
40EDWNpK2XM,WORKING AT AMAZON..I SHOULD QUIT RIGHT? + LIVE FOOTAGE,youtube,213,[477.84] i'm in a civilian world now and it's,that is outside of the military
40EDWNpK2XM,WORKING AT AMAZON..I SHOULD QUIT RIGHT? + LIVE FOOTAGE,youtube,214,[479.76] like i just,it's outside of oh i joined because
40EDWNpK2XM,WORKING AT AMAZON..I SHOULD QUIT RIGHT? + LIVE FOOTAGE,youtube,215,[480.88] i don't know it's it's just something,i don't because
40EDWNpK2XM,WORKING AT AMAZON..I SHOULD QUIT RIGHT? + LIVE FOOTAGE,youtube,216,[482.96] different like everybody has,it's outside of that it's
40EDWNpK2XM,WORKING AT AMAZON..I SHOULD QUIT RIGHT? + LIVE FOOTAGE,youtube,217,[484.80] their own story like oh what brings you,the streets raised me type of thing i
40EDWNpK2XM,WORKING AT AMAZON..I SHOULD QUIT RIGHT? + LIVE FOOTAGE,youtube,218,[487.92] here what brings you to this state,had to get out the hood
40EDWNpK2XM,WORKING AT AMAZON..I SHOULD QUIT RIGHT? + LIVE FOOTAGE,youtube,219,[489.60] it's really nice and refreshing to just,it's outside of the military and
40EDWNpK2XM,WORKING AT AMAZON..I SHOULD QUIT RIGHT? + LIVE FOOTAGE,youtube,220,[491.28] hear somebody else's story,that's that's that's cool that's what's
40EDWNpK2XM,WORKING AT AMAZON..I SHOULD QUIT RIGHT? + LIVE FOOTAGE,youtube,221,[493.12] that is like outside of the military,let's talk about the freedom of working
40EDWNpK2XM,WORKING AT AMAZON..I SHOULD QUIT RIGHT? + LIVE FOOTAGE,youtube,222,[496.56] like it's outside of oh i joined because,there aside from
40EDWNpK2XM,WORKING AT AMAZON..I SHOULD QUIT RIGHT? + LIVE FOOTAGE,youtube,223,[499.92] i don't because,being able to pick your own schedule
40EDWNpK2XM,WORKING AT AMAZON..I SHOULD QUIT RIGHT? + LIVE FOOTAGE,youtube,224,[501.20] it's outside of that it's like you know,there's no specific type of
40EDWNpK2XM,WORKING AT AMAZON..I SHOULD QUIT RIGHT? + LIVE FOOTAGE,youtube,225,[504.80] the streets raised me type of thing i,regulation for nails hair
40EDWNpK2XM,WORKING AT AMAZON..I SHOULD QUIT RIGHT? + LIVE FOOTAGE,youtube,226,[506.16] had to get out the hood like,it has to be a certain length mine is
40EDWNpK2XM,WORKING AT AMAZON..I SHOULD QUIT RIGHT? + LIVE FOOTAGE,youtube,227,[509.52] it's just outside of the military and,outer edge but it has to be a certain
40EDWNpK2XM,WORKING AT AMAZON..I SHOULD QUIT RIGHT? + LIVE FOOTAGE,youtube,228,[511.44] that's that's that's cool that's what's,length
40EDWNpK2XM,WORKING AT AMAZON..I SHOULD QUIT RIGHT? + LIVE FOOTAGE,youtube,229,[513.44] up,but as far as hair your one could be 12
40EDWNpK2XM,WORKING AT AMAZON..I SHOULD QUIT RIGHT? + LIVE FOOTAGE,youtube,230,[513.84] let's talk about the freedom of working,inches
40EDWNpK2XM,WORKING AT AMAZON..I SHOULD QUIT RIGHT? + LIVE FOOTAGE,youtube,231,[516.40] there aside from,high your hair can't be
40EDWNpK2XM,WORKING AT AMAZON..I SHOULD QUIT RIGHT? + LIVE FOOTAGE,youtube,232,[517.84] being able to pick your own schedule,down and out
40EDWNpK2XM,WORKING AT AMAZON..I SHOULD QUIT RIGHT? + LIVE FOOTAGE,youtube,233,[519.92] there's no specific type of,and then you can wear you
40EDWNpK2XM,WORKING AT AMAZON..I SHOULD QUIT RIGHT? + LIVE FOOTAGE,youtube,234,[522.00] regulation for nails hair i mean,want i never thought i would see today i
40EDWNpK2XM,WORKING AT AMAZON..I SHOULD QUIT RIGHT? + LIVE FOOTAGE,youtube,235,[525.68] it has to be a certain length mine is,never thought i would see the day
40EDWNpK2XM,WORKING AT AMAZON..I SHOULD QUIT RIGHT? + LIVE FOOTAGE,youtube,236,[527.68] outer edge but it has to be a certain,brad
40EDWNpK2XM,WORKING AT AMAZON..I SHOULD QUIT RIGHT? + LIVE FOOTAGE,youtube,237,[529.68] length,have common sense with it so my
40EDWNpK2XM,WORKING AT AMAZON..I SHOULD QUIT RIGHT? + LIVE FOOTAGE,youtube,238,[530.40] but as far as hair your one could be 12,personal cons
40EDWNpK2XM,WORKING AT AMAZON..I SHOULD QUIT RIGHT? + LIVE FOOTAGE,youtube,239,[533.60] inches,about working for amazon i feel
40EDWNpK2XM,WORKING AT AMAZON..I SHOULD QUIT RIGHT? + LIVE FOOTAGE,youtube,240,[534.00] high your hair just can't be you know,the environment isn't very personable
40EDWNpK2XM,WORKING AT AMAZON..I SHOULD QUIT RIGHT? + LIVE FOOTAGE,youtube,241,[536.56] down and out,i'm touching on those in a
40EDWNpK2XM,WORKING AT AMAZON..I SHOULD QUIT RIGHT? + LIVE FOOTAGE,youtube,242,[537.28] and then you can wear whatever you,higher position
40EDWNpK2XM,WORKING AT AMAZON..I SHOULD QUIT RIGHT? + LIVE FOOTAGE,youtube,243,[540.80] want i never thought i would see today i,managers supervisors i haven't met my
40EDWNpK2XM,WORKING AT AMAZON..I SHOULD QUIT RIGHT? + LIVE FOOTAGE,youtube,244,[543.92] never thought i would see the day like,supervisor i don't know who that
40EDWNpK2XM,WORKING AT AMAZON..I SHOULD QUIT RIGHT? + LIVE FOOTAGE,youtube,245,[545.84] brad,is i know we were taking the tour
40EDWNpK2XM,WORKING AT AMAZON..I SHOULD QUIT RIGHT? + LIVE FOOTAGE,youtube,246,[546.48] just have common sense with it so my,they're oh that's them over there
40EDWNpK2XM,WORKING AT AMAZON..I SHOULD QUIT RIGHT? + LIVE FOOTAGE,youtube,247,[548.80] personal cons,i'm
40EDWNpK2XM,WORKING AT AMAZON..I SHOULD QUIT RIGHT? + LIVE FOOTAGE,youtube,248,[549.92] about working for amazon i feel like,are they going to come greet us
40EDWNpK2XM,WORKING AT AMAZON..I SHOULD QUIT RIGHT? + LIVE FOOTAGE,youtube,249,[553.36] the environment isn't very personable,hi it's you're another worker
40EDWNpK2XM,WORKING AT AMAZON..I SHOULD QUIT RIGHT? + LIVE FOOTAGE,youtube,250,[557.04] i'm really touching on those in like a,that's fine and all but some days
40EDWNpK2XM,WORKING AT AMAZON..I SHOULD QUIT RIGHT? + LIVE FOOTAGE,youtube,251,[558.56] higher position like,know my name don't ask to see my badge
40EDWNpK2XM,WORKING AT AMAZON..I SHOULD QUIT RIGHT? + LIVE FOOTAGE,youtube,252,[559.60] managers uh supervisors i haven't met my,before you correctly address me
40EDWNpK2XM,WORKING AT AMAZON..I SHOULD QUIT RIGHT? + LIVE FOOTAGE,youtube,253,[563.28] supervisor i don't know who that,and my second con is no chairs that
40EDWNpK2XM,WORKING AT AMAZON..I SHOULD QUIT RIGHT? + LIVE FOOTAGE,youtube,254,[564.72] is like i know we were taking the tour,that
40EDWNpK2XM,WORKING AT AMAZON..I SHOULD QUIT RIGHT? + LIVE FOOTAGE,youtube,255,[567.92] they're like oh that's them over there,that does it for me my body has
40EDWNpK2XM,WORKING AT AMAZON..I SHOULD QUIT RIGHT? + LIVE FOOTAGE,youtube,256,[569.44] i'm like,gotten used to it it
40EDWNpK2XM,WORKING AT AMAZON..I SHOULD QUIT RIGHT? + LIVE FOOTAGE,youtube,257,[571.28] are they gonna come greet us like,bruh and if you're wondering what type
40EDWNpK2XM,WORKING AT AMAZON..I SHOULD QUIT RIGHT? + LIVE FOOTAGE,youtube,258,[574.80] hi it's just like you're another worker,of shoes i have now i have the
40EDWNpK2XM,WORKING AT AMAZON..I SHOULD QUIT RIGHT? + LIVE FOOTAGE,youtube,259,[577.60] that's fine and all but like some days,nike presto oh and another thing that
40EDWNpK2XM,WORKING AT AMAZON..I SHOULD QUIT RIGHT? + LIVE FOOTAGE,youtube,260,[580.08] know my name don't ask to see my badge,i about amazon is
40EDWNpK2XM,WORKING AT AMAZON..I SHOULD QUIT RIGHT? + LIVE FOOTAGE,youtube,261,[582.64] before you correctly address me,it's so diverse there is no
40EDWNpK2XM,WORKING AT AMAZON..I SHOULD QUIT RIGHT? + LIVE FOOTAGE,youtube,262,[584.56] and my second con is no chairs like that,discrimination
40EDWNpK2XM,WORKING AT AMAZON..I SHOULD QUIT RIGHT? + LIVE FOOTAGE,youtube,263,[587.20] that,no discrimination whatsoever do i
40EDWNpK2XM,WORKING AT AMAZON..I SHOULD QUIT RIGHT? + LIVE FOOTAGE,youtube,264,[588.48] that really does it for me my body has,recommend this job this career choice
40EDWNpK2XM,WORKING AT AMAZON..I SHOULD QUIT RIGHT? + LIVE FOOTAGE,youtube,265,[590.40] gotten used to it it just,yes i do it depends on what you're
40EDWNpK2XM,WORKING AT AMAZON..I SHOULD QUIT RIGHT? + LIVE FOOTAGE,youtube,266,[592.64] bruh and if you're wondering what type,looking for though if you're looking
40EDWNpK2XM,WORKING AT AMAZON..I SHOULD QUIT RIGHT? + LIVE FOOTAGE,youtube,267,[594.24] of shoes i have now i have the,if you're watching this video you're
40EDWNpK2XM,WORKING AT AMAZON..I SHOULD QUIT RIGHT? + LIVE FOOTAGE,youtube,268,[595.92] um nike presto oh and another thing that,obviously thinking about working at
40EDWNpK2XM,WORKING AT AMAZON..I SHOULD QUIT RIGHT? + LIVE FOOTAGE,youtube,269,[598.40] i really like about amazon is,amazon
40EDWNpK2XM,WORKING AT AMAZON..I SHOULD QUIT RIGHT? + LIVE FOOTAGE,youtube,270,[600.16] it's so diverse there is no,or you want to hear what i have to
40EDWNpK2XM,WORKING AT AMAZON..I SHOULD QUIT RIGHT? + LIVE FOOTAGE,youtube,271,[602.16] discrimination,say about it but if you're thinking
40EDWNpK2XM,WORKING AT AMAZON..I SHOULD QUIT RIGHT? + LIVE FOOTAGE,youtube,272,[603.68] no discrimination whatsoever do i,about it take
40EDWNpK2XM,WORKING AT AMAZON..I SHOULD QUIT RIGHT? + LIVE FOOTAGE,youtube,273,[605.52] recommend this job this career choice,everything that i'm saying into
40EDWNpK2XM,WORKING AT AMAZON..I SHOULD QUIT RIGHT? + LIVE FOOTAGE,youtube,274,[608.96] yes i do it depends on what you're,consideration do i want to
40EDWNpK2XM,WORKING AT AMAZON..I SHOULD QUIT RIGHT? + LIVE FOOTAGE,youtube,275,[611.04] looking for though if you're looking,work
40EDWNpK2XM,WORKING AT AMAZON..I SHOULD QUIT RIGHT? + LIVE FOOTAGE,youtube,276,[612.80] if you're watching this video you're,10 11 12 hours do i want to stand
40EDWNpK2XM,WORKING AT AMAZON..I SHOULD QUIT RIGHT? + LIVE FOOTAGE,youtube,277,[614.08] obviously thinking about working at,up at my job all day
40EDWNpK2XM,WORKING AT AMAZON..I SHOULD QUIT RIGHT? + LIVE FOOTAGE,youtube,278,[615.52] amazon,take the pros and the cons about
40EDWNpK2XM,WORKING AT AMAZON..I SHOULD QUIT RIGHT? + LIVE FOOTAGE,youtube,279,[616.08] or you just want to hear what i have to,everything that i'm saying and
40EDWNpK2XM,WORKING AT AMAZON..I SHOULD QUIT RIGHT? + LIVE FOOTAGE,youtube,280,[617.60] say about it but if you're thinking,do what you will with it but yeah that's
40EDWNpK2XM,WORKING AT AMAZON..I SHOULD QUIT RIGHT? + LIVE FOOTAGE,youtube,281,[618.88] about it take,all i got to say but let me tell you
40EDWNpK2XM,WORKING AT AMAZON..I SHOULD QUIT RIGHT? + LIVE FOOTAGE,youtube,282,[619.68] everything that i'm saying into,what happened last night
40EDWNpK2XM,WORKING AT AMAZON..I SHOULD QUIT RIGHT? + LIVE FOOTAGE,youtube,283,[620.72] consideration like do i really want to,so i'm busting my asses it's
40EDWNpK2XM,WORKING AT AMAZON..I SHOULD QUIT RIGHT? + LIVE FOOTAGE,youtube,284,[622.72] work,our friday i'm i'm
40EDWNpK2XM,WORKING AT AMAZON..I SHOULD QUIT RIGHT? + LIVE FOOTAGE,youtube,285,[623.36] 10 11 12 hours do i really want to stand,happy i'm going after adrenaline
40EDWNpK2XM,WORKING AT AMAZON..I SHOULD QUIT RIGHT? + LIVE FOOTAGE,youtube,286,[627.12] up at my job all day,bruh i'm going to be off for
40EDWNpK2XM,WORKING AT AMAZON..I SHOULD QUIT RIGHT? + LIVE FOOTAGE,youtube,287,[628.56] take the pros and the cons about,three days dude come over here interrupt
40EDWNpK2XM,WORKING AT AMAZON..I SHOULD QUIT RIGHT? + LIVE FOOTAGE,youtube,288,[630.72] everything that i'm saying and,my flow he hey
40EDWNpK2XM,WORKING AT AMAZON..I SHOULD QUIT RIGHT? + LIVE FOOTAGE,youtube,289,[632.24] do what you will with it but yeah that's,i need your help in zone five i'm
40EDWNpK2XM,WORKING AT AMAZON..I SHOULD QUIT RIGHT? + LIVE FOOTAGE,youtube,290,[634.00] all i got to say but let me tell you,okay
40EDWNpK2XM,WORKING AT AMAZON..I SHOULD QUIT RIGHT? + LIVE FOOTAGE,youtube,291,[635.76] what happened last night,where is that and i guess he's
40EDWNpK2XM,WORKING AT AMAZON..I SHOULD QUIT RIGHT? + LIVE FOOTAGE,youtube,292,[636.88] so you know i'm busting my asses it's,wanting me to follow him he's
40EDWNpK2XM,WORKING AT AMAZON..I SHOULD QUIT RIGHT? + LIVE FOOTAGE,youtube,293,[639.60] our friday i'm i'm,this i'm wait
40EDWNpK2XM,WORKING AT AMAZON..I SHOULD QUIT RIGHT? + LIVE FOOTAGE,youtube,294,[641.04] happy i'm going after adrenaline like,so i'm following him and then i'm
40EDWNpK2XM,WORKING AT AMAZON..I SHOULD QUIT RIGHT? + LIVE FOOTAGE,youtube,295,[643.04] bruh i'm really gonna be off for like,we're going in the direction
40EDWNpK2XM,WORKING AT AMAZON..I SHOULD QUIT RIGHT? + LIVE FOOTAGE,youtube,296,[644.96] three days dude come over here interrupt,because he asked me
40EDWNpK2XM,WORKING AT AMAZON..I SHOULD QUIT RIGHT? + LIVE FOOTAGE,youtube,297,[647.04] my flow he like hey,the other day to go help out in a
40EDWNpK2XM,WORKING AT AMAZON..I SHOULD QUIT RIGHT? + LIVE FOOTAGE,youtube,298,[648.48] i need your help in zone five i'm like,different section
40EDWNpK2XM,WORKING AT AMAZON..I SHOULD QUIT RIGHT? + LIVE FOOTAGE,youtube,299,[650.72] okay,and i was is that the section that
40EDWNpK2XM,WORKING AT AMAZON..I SHOULD QUIT RIGHT? + LIVE FOOTAGE,youtube,300,[651.84] where is that and i guess he's like,i was at yesterday he was yeah
40EDWNpK2XM,WORKING AT AMAZON..I SHOULD QUIT RIGHT? + LIVE FOOTAGE,youtube,301,[655.60] wanting me to follow him he's just like,i'm okay so i'll go over there
40EDWNpK2XM,WORKING AT AMAZON..I SHOULD QUIT RIGHT? + LIVE FOOTAGE,youtube,302,[657.44] this i'm like wait,i get over there they're oh we
40EDWNpK2XM,WORKING AT AMAZON..I SHOULD QUIT RIGHT? + LIVE FOOTAGE,youtube,303,[659.04] so i'm following him and then i'm like,waiting for work to come around i'm
40EDWNpK2XM,WORKING AT AMAZON..I SHOULD QUIT RIGHT? + LIVE FOOTAGE,youtube,304,[661.84] like we're going in the direction,okay all right so stuff start
40EDWNpK2XM,WORKING AT AMAZON..I SHOULD QUIT RIGHT? + LIVE FOOTAGE,youtube,305,[663.12] because he asked me,flowing in and i'm helping them and then
40EDWNpK2XM,WORKING AT AMAZON..I SHOULD QUIT RIGHT? + LIVE FOOTAGE,youtube,306,[664.24] the other day to go help out in a,this man you going to come up to me i need
40EDWNpK2XM,WORKING AT AMAZON..I SHOULD QUIT RIGHT? + LIVE FOOTAGE,youtube,307,[666.48] different section,your help in zone five
40EDWNpK2XM,WORKING AT AMAZON..I SHOULD QUIT RIGHT? + LIVE FOOTAGE,youtube,308,[667.68] and i was like is that the section that,i said this thing's on five he said no
40EDWNpK2XM,WORKING AT AMAZON..I SHOULD QUIT RIGHT? + LIVE FOOTAGE,youtube,309,[671.04] i was at yesterday he was like yeah,this is so-and-so and i'm but you
40EDWNpK2XM,WORKING AT AMAZON..I SHOULD QUIT RIGHT? + LIVE FOOTAGE,youtube,310,[672.80] i'm like okay so i'll just go over there,said yes this was zone five
40EDWNpK2XM,WORKING AT AMAZON..I SHOULD QUIT RIGHT? + LIVE FOOTAGE,youtube,311,[675.28] i get over there they're like oh we just,i'm confusing he still didn't help me
40EDWNpK2XM,WORKING AT AMAZON..I SHOULD QUIT RIGHT? + LIVE FOOTAGE,youtube,312,[676.72] waiting for work to come around i'm like,find it so i'm
40EDWNpK2XM,WORKING AT AMAZON..I SHOULD QUIT RIGHT? + LIVE FOOTAGE,youtube,313,[678.56] okay all right so you know stuff start,that frustrates me and
40EDWNpK2XM,WORKING AT AMAZON..I SHOULD QUIT RIGHT? + LIVE FOOTAGE,youtube,314,[680.08] flowing in and i'm helping them and then,i have to talk to myself because
40EDWNpK2XM,WORKING AT AMAZON..I SHOULD QUIT RIGHT? + LIVE FOOTAGE,youtube,315,[682.24] this man you gonna come up to me i need,i'm a very impulsive person
40EDWNpK2XM,WORKING AT AMAZON..I SHOULD QUIT RIGHT? + LIVE FOOTAGE,youtube,316,[685.20] your help in zone five,and i had to talk some sense of
40EDWNpK2XM,WORKING AT AMAZON..I SHOULD QUIT RIGHT? + LIVE FOOTAGE,youtube,317,[687.20] i said this thing's on five he said no,myself i had to tell myself
40EDWNpK2XM,WORKING AT AMAZON..I SHOULD QUIT RIGHT? + LIVE FOOTAGE,youtube,318,[690.16] this is so-and-so and i'm like but you,it's cool it's cool that is it for this
40EDWNpK2XM,WORKING AT AMAZON..I SHOULD QUIT RIGHT? + LIVE FOOTAGE,youtube,319,[691.76] said yes this was zone five,video thank you guys so much for
40EDWNpK2XM,WORKING AT AMAZON..I SHOULD QUIT RIGHT? + LIVE FOOTAGE,youtube,320,[693.60] i'm confusing he still didn't help me,watching if you have any questions
40EDWNpK2XM,WORKING AT AMAZON..I SHOULD QUIT RIGHT? + LIVE FOOTAGE,youtube,321,[695.28] find it so i'm just like,comments concerns keep the negative ones
40EDWNpK2XM,WORKING AT AMAZON..I SHOULD QUIT RIGHT? + LIVE FOOTAGE,youtube,322,[696.88]  like that really frustrates me and,to yourself because
40EDWNpK2XM,WORKING AT AMAZON..I SHOULD QUIT RIGHT? + LIVE FOOTAGE,youtube,323,[698.72] i just have to talk to myself because,i will clap back thank you guys so much
40EDWNpK2XM,WORKING AT AMAZON..I SHOULD QUIT RIGHT? + LIVE FOOTAGE,youtube,324,[700.40] i'm a very impulsive person,for watching make sure you stay tuned
40EDWNpK2XM,WORKING AT AMAZON..I SHOULD QUIT RIGHT? + LIVE FOOTAGE,youtube,325,[702.24] and i just had to talk some sense of,i will be posting updates about my
40EDWNpK2XM,WORKING AT AMAZON..I SHOULD QUIT RIGHT? + LIVE FOOTAGE,youtube,326,[704.16] myself i had to tell myself like,experience and how it's going with via
40EDWNpK2XM,WORKING AT AMAZON..I SHOULD QUIT RIGHT? + LIVE FOOTAGE,youtube,327,[706.24] it's cool it's cool that is it for this,amazon
40EDWNpK2XM,WORKING AT AMAZON..I SHOULD QUIT RIGHT? + LIVE FOOTAGE,youtube,328,[708.32] video thank you guys so much for,bye
40EDWNpK2XM,WORKING AT AMAZON..I SHOULD QUIT RIGHT? + LIVE FOOTAGE,youtube,329,[709.68] watching if you have any questions,bye
40EDWNpK2XM,WORKING AT AMAZON..I SHOULD QUIT RIGHT? + LIVE FOOTAGE,youtube,330,[712.56] comments concerns keep the negative ones,[712.56] comments concerns keep the negative ones
40EDWNpK2XM,WORKING AT AMAZON..I SHOULD QUIT RIGHT? + LIVE FOOTAGE,youtube,331,[715.12] to yourself because,[715.12] to yourself because
40EDWNpK2XM,WORKING AT AMAZON..I SHOULD QUIT RIGHT? + LIVE FOOTAGE,youtube,332,[716.40] i will clap back thank you guys so much,[716.40] i will clap back thank you guys so much
40EDWNpK2XM,WORKING AT AMAZON..I SHOULD QUIT RIGHT? + LIVE FOOTAGE,youtube,333,[718.32] for watching make sure you stay tuned,[718.32] for watching make sure you stay tuned
40EDWNpK2XM,WORKING AT AMAZON..I SHOULD QUIT RIGHT? + LIVE FOOTAGE,youtube,334,[720.80] i will be posting updates about my,[720.80] i will be posting updates about my
40EDWNpK2XM,WORKING AT AMAZON..I SHOULD QUIT RIGHT? + LIVE FOOTAGE,youtube,335,[723.04] experience and how it's going with via,[723.04] experience and how it's going with via
40EDWNpK2XM,WORKING AT AMAZON..I SHOULD QUIT RIGHT? + LIVE FOOTAGE,youtube,336,[725.04] amazon,[725.04] amazon
40EDWNpK2XM,WORKING AT AMAZON..I SHOULD QUIT RIGHT? + LIVE FOOTAGE,youtube,337,[728.84] bye,[728.84] bye
40EDWNpK2XM,WORKING AT AMAZON..I SHOULD QUIT RIGHT? + LIVE FOOTAGE,youtube,338,[730.13] [Music],[730.13] [Music]
40EDWNpK2XM,WORKING AT AMAZON..I SHOULD QUIT RIGHT? + LIVE FOOTAGE,youtube,339,[745.68] bye,[745.68] bye
BggxkRAW2_I,Come To Work With Me | Amazon Overnight shift | Working at Amazon,youtube,1,[0.80] i'm only three days into my youtube,i'm only three days into my youtube
BggxkRAW2_I,Come To Work With Me | Amazon Overnight shift | Working at Amazon,youtube,2,[2.80] journey and my camera's already out of,journey and my camera's already out of
BggxkRAW2_I,Come To Work With Me | Amazon Overnight shift | Working at Amazon,youtube,3,[4.72] storage,storage
BggxkRAW2_I,Come To Work With Me | Amazon Overnight shift | Working at Amazon,youtube,4,[7.04] seems like i'm doing great,seems i'm doing great
BggxkRAW2_I,Come To Work With Me | Amazon Overnight shift | Working at Amazon,youtube,5,[20.64] hi guys welcome and welcome back to my,hi guys welcome and welcome back to my
BggxkRAW2_I,Come To Work With Me | Amazon Overnight shift | Working at Amazon,youtube,6,[23.92] channel i'm shay jamari and if you're,channel i'm shay jamari and if you're
BggxkRAW2_I,Come To Work With Me | Amazon Overnight shift | Working at Amazon,youtube,7,[26.56] watching or if you're new and you're not,watching or if you're new and you're not
BggxkRAW2_I,Come To Work With Me | Amazon Overnight shift | Working at Amazon,youtube,8,[28.64] subscribed please press that subscribe,subscribed please press that subscribe
BggxkRAW2_I,Come To Work With Me | Amazon Overnight shift | Working at Amazon,youtube,9,[30.88] button like this video and go ahead and,button this video and go ahead and
BggxkRAW2_I,Come To Work With Me | Amazon Overnight shift | Working at Amazon,youtube,10,[33.52] hit that bell,hit that bell
BggxkRAW2_I,Come To Work With Me | Amazon Overnight shift | Working at Amazon,youtube,11,[35.44] so today i'm going to be taking you guys,so today i'm going to be taking you guys
BggxkRAW2_I,Come To Work With Me | Amazon Overnight shift | Working at Amazon,youtube,12,[37.20] with me to work so i already did a work,with me to work so i already did a work
BggxkRAW2_I,Come To Work With Me | Amazon Overnight shift | Working at Amazon,youtube,13,[40.00] video for hooters but if you didn't know,video for hooters but if you didn't know
BggxkRAW2_I,Come To Work With Me | Amazon Overnight shift | Working at Amazon,youtube,14,[42.48] i also work at amazon i work overnight,i also work at amazon i work overnight
BggxkRAW2_I,Come To Work With Me | Amazon Overnight shift | Working at Amazon,youtube,15,[45.04] so i already got ready i had went ahead,so i already got ready i had went ahead
BggxkRAW2_I,Come To Work With Me | Amazon Overnight shift | Working at Amazon,youtube,16,[47.52] and put some makeup on and stuff just,and put some makeup on and stuff
BggxkRAW2_I,Come To Work With Me | Amazon Overnight shift | Working at Amazon,youtube,17,[48.88] because i know i was going to be filming,because i know i was going to be filming
BggxkRAW2_I,Come To Work With Me | Amazon Overnight shift | Working at Amazon,youtube,18,[50.24] i normally do not wear the makeup to,i normally do not wear the makeup to
BggxkRAW2_I,Come To Work With Me | Amazon Overnight shift | Working at Amazon,youtube,19,[52.08] work,work
BggxkRAW2_I,Come To Work With Me | Amazon Overnight shift | Working at Amazon,youtube,20,[52.96] at all i'll be going there looking,at all i'll be going there looking
BggxkRAW2_I,Come To Work With Me | Amazon Overnight shift | Working at Amazon,youtube,21,[54.56] busted i'm going to go ahead and get,busted i'm going to go ahead and get
BggxkRAW2_I,Come To Work With Me | Amazon Overnight shift | Working at Amazon,youtube,22,[55.92] dressed i'm literally going to be late,dressed i'm going to be late
BggxkRAW2_I,Come To Work With Me | Amazon Overnight shift | Working at Amazon,youtube,23,[57.60] i'm gonna talk to you guys when i get in,i'm going to talk to you guys when i get in
BggxkRAW2_I,Come To Work With Me | Amazon Overnight shift | Working at Amazon,youtube,24,[59.12] the car when i get there or whatever,the car when i get there or
BggxkRAW2_I,Come To Work With Me | Amazon Overnight shift | Working at Amazon,youtube,25,[62.57] [Music],good
BggxkRAW2_I,Come To Work With Me | Amazon Overnight shift | Working at Amazon,youtube,26,[70.72] good,thank you
BggxkRAW2_I,Come To Work With Me | Amazon Overnight shift | Working at Amazon,youtube,27,[71.52] thank you,i'm going to go be a slave
BggxkRAW2_I,Come To Work With Me | Amazon Overnight shift | Working at Amazon,youtube,28,[75.28] i'm gonna go be a slave,i got this i can do it
BggxkRAW2_I,Come To Work With Me | Amazon Overnight shift | Working at Amazon,youtube,29,[78.08] i got this i can do it,it's only a few hours
BggxkRAW2_I,Come To Work With Me | Amazon Overnight shift | Working at Amazon,youtube,30,[80.24] it's only a few hours,i don't know if i already said it but i
BggxkRAW2_I,Come To Work With Me | Amazon Overnight shift | Working at Amazon,youtube,31,[84.14] [Music],clocked in i put it on the side here so
BggxkRAW2_I,Come To Work With Me | Amazon Overnight shift | Working at Amazon,youtube,32,[91.52] i don't know if i already said it but i,you guys can see how i clock in when i
BggxkRAW2_I,Come To Work With Me | Amazon Overnight shift | Working at Amazon,youtube,33,[92.88] clocked in i put it on the side here so,pull up love that that is
BggxkRAW2_I,Come To Work With Me | Amazon Overnight shift | Working at Amazon,youtube,34,[95.20] you guys can see how i clock in when i,the coolest thing
BggxkRAW2_I,Come To Work With Me | Amazon Overnight shift | Working at Amazon,youtube,35,[96.96] pull up literally love that that is like,about being able to work here is being
BggxkRAW2_I,Come To Work With Me | Amazon Overnight shift | Working at Amazon,youtube,36,[99.76] the coolest thing,able to clock in
BggxkRAW2_I,Come To Work With Me | Amazon Overnight shift | Working at Amazon,youtube,37,[101.36] about being able to work here is being,through my phone when i pull up because
BggxkRAW2_I,Come To Work With Me | Amazon Overnight shift | Working at Amazon,youtube,38,[103.04] able to clock in,you already know this struggle
BggxkRAW2_I,Come To Work With Me | Amazon Overnight shift | Working at Amazon,youtube,39,[105.44] through my phone when i pull up because,when you pull up to work at the exact
BggxkRAW2_I,Come To Work With Me | Amazon Overnight shift | Working at Amazon,youtube,40,[107.60] you already know this struggle literally,time you're supposed to be there on cpt
BggxkRAW2_I,Come To Work With Me | Amazon Overnight shift | Working at Amazon,youtube,41,[109.68] when you pull up to work at the exact,if you can tell i'm black
BggxkRAW2_I,Come To Work With Me | Amazon Overnight shift | Working at Amazon,youtube,42,[112.08] time you're supposed to be there on cpt,all right guys so
BggxkRAW2_I,Come To Work With Me | Amazon Overnight shift | Working at Amazon,youtube,43,[115.04] if you can tell i'm black,i'm going to start gathering my stuff
BggxkRAW2_I,Come To Work With Me | Amazon Overnight shift | Working at Amazon,youtube,44,[117.52] all right guys so,together to go inside this normally
BggxkRAW2_I,Come To Work With Me | Amazon Overnight shift | Working at Amazon,youtube,45,[119.76] i'm gonna start gathering my stuff,takes me about five minutes to get
BggxkRAW2_I,Come To Work With Me | Amazon Overnight shift | Working at Amazon,youtube,46,[121.36] together to go inside this normally,everything together so i normally
BggxkRAW2_I,Come To Work With Me | Amazon Overnight shift | Working at Amazon,youtube,47,[123.36] takes me about five minutes to get,to start
BggxkRAW2_I,Come To Work With Me | Amazon Overnight shift | Working at Amazon,youtube,48,[125.92] everything together so i normally like,go ahead and get that going and
BggxkRAW2_I,Come To Work With Me | Amazon Overnight shift | Working at Amazon,youtube,49,[127.52] to start,i love to clock in early so that i don't
BggxkRAW2_I,Come To Work With Me | Amazon Overnight shift | Working at Amazon,youtube,50,[128.72] you know go ahead and get that going and,have to worry about that when i'm
BggxkRAW2_I,Come To Work With Me | Amazon Overnight shift | Working at Amazon,youtube,51,[130.80] i love to clock in early so that i don't,getting myself together in the car
BggxkRAW2_I,Come To Work With Me | Amazon Overnight shift | Working at Amazon,youtube,52,[132.96] have to worry about that when i'm,so yeah here me getting
BggxkRAW2_I,Come To Work With Me | Amazon Overnight shift | Working at Amazon,youtube,53,[134.00] getting myself together in the car,myself together
BggxkRAW2_I,Come To Work With Me | Amazon Overnight shift | Working at Amazon,youtube,54,[136.56] so yeah here you see me just getting,there i am
BggxkRAW2_I,Come To Work With Me | Amazon Overnight shift | Working at Amazon,youtube,55,[138.24] myself together,in the parking lot walk into the
BggxkRAW2_I,Come To Work With Me | Amazon Overnight shift | Working at Amazon,youtube,56,[142.08] there i am,building
BggxkRAW2_I,Come To Work With Me | Amazon Overnight shift | Working at Amazon,youtube,57,[143.76] in the parking lot walk into the,so once i finally get in the building i
BggxkRAW2_I,Come To Work With Me | Amazon Overnight shift | Working at Amazon,youtube,58,[145.68] building,would scan myself in
BggxkRAW2_I,Come To Work With Me | Amazon Overnight shift | Working at Amazon,youtube,59,[150.94] [Music],and i will go through now i'm going to go
BggxkRAW2_I,Come To Work With Me | Amazon Overnight shift | Working at Amazon,youtube,60,[158.48] so once i finally get in the building i,straight to the bathroom
BggxkRAW2_I,Come To Work With Me | Amazon Overnight shift | Working at Amazon,youtube,61,[160.64] would just scan myself in,use the bathroom wash my hands
BggxkRAW2_I,Come To Work With Me | Amazon Overnight shift | Working at Amazon,youtube,62,[164.40] and i will go through now i'm gonna go,and then i'm going to head out
BggxkRAW2_I,Come To Work With Me | Amazon Overnight shift | Working at Amazon,youtube,63,[166.96] straight to the bathroom,to my station
BggxkRAW2_I,Come To Work With Me | Amazon Overnight shift | Working at Amazon,youtube,64,[169.04] um just use the bathroom wash my hands,so i clearly do not know how to follow
BggxkRAW2_I,Come To Work With Me | Amazon Overnight shift | Working at Amazon,youtube,65,[171.60] and then i'm gonna head out,directions and i'm walking at the
BggxkRAW2_I,Come To Work With Me | Amazon Overnight shift | Working at Amazon,youtube,66,[173.20] to my station,opposite
BggxkRAW2_I,Come To Work With Me | Amazon Overnight shift | Working at Amazon,youtube,67,[175.12] so i clearly do not know how to follow,of the lines on the ground but honestly
BggxkRAW2_I,Come To Work With Me | Amazon Overnight shift | Working at Amazon,youtube,68,[177.04] directions um and i'm walking at the,don't worry about that ignore it
BggxkRAW2_I,Come To Work With Me | Amazon Overnight shift | Working at Amazon,youtube,69,[179.36] opposite,i will finally
BggxkRAW2_I,Come To Work With Me | Amazon Overnight shift | Working at Amazon,youtube,70,[180.48] of the lines on the ground but honestly,make it to my station
BggxkRAW2_I,Come To Work With Me | Amazon Overnight shift | Working at Amazon,youtube,71,[183.68] don't worry about that just ignore it,and start getting ready to work
BggxkRAW2_I,Come To Work With Me | Amazon Overnight shift | Working at Amazon,youtube,72,[186.70] [Music],now these are the sorting totes and
BggxkRAW2_I,Come To Work With Me | Amazon Overnight shift | Working at Amazon,youtube,73,[189.28] i will finally,sorting station i'm going to scan
BggxkRAW2_I,Come To Work With Me | Amazon Overnight shift | Working at Amazon,youtube,74,[191.44] make it to my station,those toes with the corresponding tote
BggxkRAW2_I,Come To Work With Me | Amazon Overnight shift | Working at Amazon,youtube,75,[193.76] and start getting ready to work,on the screen
BggxkRAW2_I,Come To Work With Me | Amazon Overnight shift | Working at Amazon,youtube,76,[207.81] [Music],and i will be using the sorting station
BggxkRAW2_I,Come To Work With Me | Amazon Overnight shift | Working at Amazon,youtube,77,[209.36] now these are the sorting totes and,later on in this video so you guys can
BggxkRAW2_I,Come To Work With Me | Amazon Overnight shift | Working at Amazon,youtube,78,[211.68] sorting station i'm going to scan,see what that is used for
BggxkRAW2_I,Come To Work With Me | Amazon Overnight shift | Working at Amazon,youtube,79,[214.24] those toes with the corresponding tote,after that i to get my totes
BggxkRAW2_I,Come To Work With Me | Amazon Overnight shift | Working at Amazon,youtube,80,[216.16] on the screen,together because sometimes there's not
BggxkRAW2_I,Come To Work With Me | Amazon Overnight shift | Working at Amazon,youtube,81,[218.64] and i will be using the sorting station,enough from the people before
BggxkRAW2_I,Come To Work With Me | Amazon Overnight shift | Working at Amazon,youtube,82,[220.48] later on in this video so you guys can,i left the station how it is so i
BggxkRAW2_I,Come To Work With Me | Amazon Overnight shift | Working at Amazon,youtube,83,[222.40] see what that is used for,get more totes it's supposed to be 12
BggxkRAW2_I,Come To Work With Me | Amazon Overnight shift | Working at Amazon,youtube,84,[226.24] after that i like to get my totes,stacked together that's all in each row
BggxkRAW2_I,Come To Work With Me | Amazon Overnight shift | Working at Amazon,youtube,85,[227.76] together because sometimes there's not,that you have so normally people have
BggxkRAW2_I,Come To Work With Me | Amazon Overnight shift | Working at Amazon,youtube,86,[229.44] enough from the people before,two i keep two behind me i don't
BggxkRAW2_I,Come To Work With Me | Amazon Overnight shift | Working at Amazon,youtube,87,[231.36] i left the station how it is so i just,have to keep going back and forth
BggxkRAW2_I,Come To Work With Me | Amazon Overnight shift | Working at Amazon,youtube,88,[233.28] get more totes it's supposed to be 12,now you'll see me stacking my totes
BggxkRAW2_I,Come To Work With Me | Amazon Overnight shift | Working at Amazon,youtube,89,[235.44] stacked together that's all in each row,on top of each other
BggxkRAW2_I,Come To Work With Me | Amazon Overnight shift | Working at Amazon,youtube,90,[237.84] that you have so normally people have,now i'm showing you guys the line so
BggxkRAW2_I,Come To Work With Me | Amazon Overnight shift | Working at Amazon,youtube,91,[239.44] two i keep two behind me just i don't,that's where i push the stuff off this
BggxkRAW2_I,Come To Work With Me | Amazon Overnight shift | Working at Amazon,youtube,92,[242.08] have to keep going back and forth,is the line that the package come
BggxkRAW2_I,Come To Work With Me | Amazon Overnight shift | Working at Amazon,youtube,93,[245.14] [Music],down as you can see there is no packages
BggxkRAW2_I,Come To Work With Me | Amazon Overnight shift | Working at Amazon,youtube,94,[254.00] now you'll just see me stacking my totes,right now
BggxkRAW2_I,Come To Work With Me | Amazon Overnight shift | Working at Amazon,youtube,95,[256.56] on top of each other,and here is the bottom line
BggxkRAW2_I,Come To Work With Me | Amazon Overnight shift | Working at Amazon,youtube,96,[259.55] [Music],where we push our totes off into
BggxkRAW2_I,Come To Work With Me | Amazon Overnight shift | Working at Amazon,youtube,97,[264.32] now i'm showing you guys the line so,outbound you see me waiting for
BggxkRAW2_I,Come To Work With Me | Amazon Overnight shift | Working at Amazon,youtube,98,[266.56] that's where i push the stuff off this,some packages to come through awkwardly
BggxkRAW2_I,Come To Work With Me | Amazon Overnight shift | Working at Amazon,youtube,99,[268.88] is the line that the package just come,it's nothing to do at this moment
BggxkRAW2_I,Come To Work With Me | Amazon Overnight shift | Working at Amazon,youtube,100,[270.40] down as you can see there is no packages,in time
BggxkRAW2_I,Come To Work With Me | Amazon Overnight shift | Working at Amazon,youtube,101,[272.80] right now,i finally got a package as you can see
BggxkRAW2_I,Come To Work With Me | Amazon Overnight shift | Working at Amazon,youtube,102,[273.84] and here is the bottom line,so now you're going to see me scanning
BggxkRAW2_I,Come To Work With Me | Amazon Overnight shift | Working at Amazon,youtube,103,[276.56] where we push our totes off into,the container
BggxkRAW2_I,Come To Work With Me | Amazon Overnight shift | Working at Amazon,youtube,104,[280.84] outbound you just see me waiting for,next i'm going to skim my taupe
BggxkRAW2_I,Come To Work With Me | Amazon Overnight shift | Working at Amazon,youtube,105,[283.44] some packages to come through awkwardly,and now i'm going to go ahead and open
BggxkRAW2_I,Come To Work With Me | Amazon Overnight shift | Working at Amazon,youtube,106,[286.96] it's really nothing to do at this moment,up the container and see what is inside
BggxkRAW2_I,Come To Work With Me | Amazon Overnight shift | Working at Amazon,youtube,107,[289.04] in time,so once the containers open i think it
BggxkRAW2_I,Come To Work With Me | Amazon Overnight shift | Working at Amazon,youtube,108,[290.36] [Music],was some glue or that
BggxkRAW2_I,Come To Work With Me | Amazon Overnight shift | Working at Amazon,youtube,109,[297.56] [Music],and you scan the item if it
BggxkRAW2_I,Come To Work With Me | Amazon Overnight shift | Working at Amazon,youtube,110,[300.72] i finally got a package as you can see,tells you to prep it bag it put it
BggxkRAW2_I,Come To Work With Me | Amazon Overnight shift | Working at Amazon,youtube,111,[304.00] so now you're going to see me scanning,in a bubble bag cap seal it you cap seal
BggxkRAW2_I,Come To Work With Me | Amazon Overnight shift | Working at Amazon,youtube,112,[305.36] the container,it or if not it'll prompt you to
BggxkRAW2_I,Come To Work With Me | Amazon Overnight shift | Working at Amazon,youtube,113,[306.64] [Music],put it into the tote and press enter and
BggxkRAW2_I,Come To Work With Me | Amazon Overnight shift | Working at Amazon,youtube,114,[310.16] next i'm going to skim my taupe,that is all that i much do at
BggxkRAW2_I,Come To Work With Me | Amazon Overnight shift | Working at Amazon,youtube,115,[312.21] [Music],work is go through boxes
BggxkRAW2_I,Come To Work With Me | Amazon Overnight shift | Working at Amazon,youtube,116,[315.84] and now i'm going to go ahead and open,it can be a whole bunch of different
BggxkRAW2_I,Come To Work With Me | Amazon Overnight shift | Working at Amazon,youtube,117,[317.36] up the container and see what is inside,things sometimes there's shoes sometimes
BggxkRAW2_I,Come To Work With Me | Amazon Overnight shift | Working at Amazon,youtube,118,[321.18] [Music],there's clothes sometimes there's
BggxkRAW2_I,Come To Work With Me | Amazon Overnight shift | Working at Amazon,youtube,119,[327.20] so once the containers open i think it,headphones makeup i've seen a lot of
BggxkRAW2_I,Come To Work With Me | Amazon Overnight shift | Working at Amazon,youtube,120,[328.88] was some glue or something like that,different things come through there
BggxkRAW2_I,Come To Work With Me | Amazon Overnight shift | Working at Amazon,youtube,121,[331.68] and you really just scan the item if it,so once i am done scanning everything in
BggxkRAW2_I,Come To Work With Me | Amazon Overnight shift | Working at Amazon,youtube,122,[333.84] tells you to prep it like bag it put it,the cart i will fold the box in
BggxkRAW2_I,Come To Work With Me | Amazon Overnight shift | Working at Amazon,youtube,123,[336.08] in a bubble bag cap seal it you cap seal,and toss it up
BggxkRAW2_I,Come To Work With Me | Amazon Overnight shift | Working at Amazon,youtube,124,[338.96] it or if not it'll prompt you to just,the crowd goes wild
BggxkRAW2_I,Come To Work With Me | Amazon Overnight shift | Working at Amazon,youtube,125,[341.04] put it into the tote and press enter and,so now i
BggxkRAW2_I,Come To Work With Me | Amazon Overnight shift | Working at Amazon,youtube,126,[344.08] that is all that i pretty much do at,was thirsty so i decided to go take a
BggxkRAW2_I,Come To Work With Me | Amazon Overnight shift | Working at Amazon,youtube,127,[346.24] work is just go through boxes,journey to the vending machine
BggxkRAW2_I,Come To Work With Me | Amazon Overnight shift | Working at Amazon,youtube,128,[349.20] it can be a whole bunch of different,going to insert my dollar and get me
BggxkRAW2_I,Come To Work With Me | Amazon Overnight shift | Working at Amazon,youtube,129,[351.20] things sometimes there's shoes sometimes,my dr pep
BggxkRAW2_I,Come To Work With Me | Amazon Overnight shift | Working at Amazon,youtube,130,[353.04] there's clothes sometimes there's,now you guys can watch me struggle to
BggxkRAW2_I,Come To Work With Me | Amazon Overnight shift | Working at Amazon,youtube,131,[354.88] headphones makeup i've seen a lot of,get these coins out of this dispenser
BggxkRAW2_I,Come To Work With Me | Amazon Overnight shift | Working at Amazon,youtube,132,[357.76] different things come through there,with these long nails
BggxkRAW2_I,Come To Work With Me | Amazon Overnight shift | Working at Amazon,youtube,133,[361.76] so once i am done scanning everything in,and sometimes i leave the change in
BggxkRAW2_I,Come To Work With Me | Amazon Overnight shift | Working at Amazon,youtube,134,[363.92] the cart i will just fold the box in,the thing i don't even try to get
BggxkRAW2_I,Come To Work With Me | Amazon Overnight shift | Working at Amazon,youtube,135,[367.12] and toss it up,it out
BggxkRAW2_I,Come To Work With Me | Amazon Overnight shift | Working at Amazon,youtube,136,[368.86] [Music],here i am walking the wrong way again
BggxkRAW2_I,Come To Work With Me | Amazon Overnight shift | Working at Amazon,youtube,137,[371.68] the crowd goes wild,but with my dr pepper this time
BggxkRAW2_I,Come To Work With Me | Amazon Overnight shift | Working at Amazon,youtube,138,[376.88] so now i,so here's the sorting station i was
BggxkRAW2_I,Come To Work With Me | Amazon Overnight shift | Working at Amazon,youtube,139,[378.72] was thirsty so i decided to go take a,telling you guys about earlier so what
BggxkRAW2_I,Come To Work With Me | Amazon Overnight shift | Working at Amazon,youtube,140,[382.00] journey to the vending machine,you're going to do is you're going
BggxkRAW2_I,Come To Work With Me | Amazon Overnight shift | Working at Amazon,youtube,141,[384.43] [Music],to scan the item
BggxkRAW2_I,Come To Work With Me | Amazon Overnight shift | Working at Amazon,youtube,142,[391.92] just gonna insert my dollar and get me,under the scanner and you're going to
BggxkRAW2_I,Come To Work With Me | Amazon Overnight shift | Working at Amazon,youtube,143,[394.40] my dr pep,put the item with the corresponding
BggxkRAW2_I,Come To Work With Me | Amazon Overnight shift | Working at Amazon,youtube,144,[398.88] [Music],sorting station that it wants you to put
BggxkRAW2_I,Come To Work With Me | Amazon Overnight shift | Working at Amazon,youtube,145,[404.96] now you guys can watch me struggle to,it in on the screen and you press
BggxkRAW2_I,Come To Work With Me | Amazon Overnight shift | Working at Amazon,youtube,146,[407.84] get these coins out of this dispenser,the little button it will light up
BggxkRAW2_I,Come To Work With Me | Amazon Overnight shift | Working at Amazon,youtube,147,[410.16] with these long nails,when it wants you to go in that bucket
BggxkRAW2_I,Come To Work With Me | Amazon Overnight shift | Working at Amazon,youtube,148,[412.40] and sometimes i just leave the change in,once every item that is inside the tote
BggxkRAW2_I,Come To Work With Me | Amazon Overnight shift | Working at Amazon,youtube,149,[414.24] the thing like i don't even try to get,it's already stored in a designated
BggxkRAW2_I,Come To Work With Me | Amazon Overnight shift | Working at Amazon,youtube,150,[415.68] it out,destination you will then take that tote
BggxkRAW2_I,Come To Work With Me | Amazon Overnight shift | Working at Amazon,youtube,151,[420.88] here i am walking the wrong way again,and you can use it again or you can put
BggxkRAW2_I,Come To Work With Me | Amazon Overnight shift | Working at Amazon,youtube,152,[426.96] but with my dr pepper this time,it back in your pile
BggxkRAW2_I,Come To Work With Me | Amazon Overnight shift | Working at Amazon,youtube,153,[430.96] so here's the sorting station i was,so finally it is time for my break
BggxkRAW2_I,Come To Work With Me | Amazon Overnight shift | Working at Amazon,youtube,154,[432.64] telling you guys about earlier so what,so as you can see i'm walking out
BggxkRAW2_I,Come To Work With Me | Amazon Overnight shift | Working at Amazon,youtube,155,[434.88] you're going to do is you're just going,to the parking lot scanning out
BggxkRAW2_I,Come To Work With Me | Amazon Overnight shift | Working at Amazon,youtube,156,[436.48] to scan the item,i have made it to break
BggxkRAW2_I,Come To Work With Me | Amazon Overnight shift | Working at Amazon,youtube,157,[438.24] under the scanner and you're going to,and i have not died
BggxkRAW2_I,Come To Work With Me | Amazon Overnight shift | Working at Amazon,youtube,158,[440.16] put the item with the corresponding,going back into hell
BggxkRAW2_I,Come To Work With Me | Amazon Overnight shift | Working at Amazon,youtube,159,[442.24] sorting station that it wants you to put,so normally after my break i get
BggxkRAW2_I,Come To Work With Me | Amazon Overnight shift | Working at Amazon,youtube,160,[444.00] it in on the screen and you just press,back to work and my break is normally an
BggxkRAW2_I,Come To Work With Me | Amazon Overnight shift | Working at Amazon,youtube,161,[446.16] the little button it will light up,hour and 30 minutes before i leave so
BggxkRAW2_I,Come To Work With Me | Amazon Overnight shift | Working at Amazon,youtube,162,[448.08] when it wants you to go in that bucket,after my break i'm feeling real
BggxkRAW2_I,Come To Work With Me | Amazon Overnight shift | Working at Amazon,youtube,163,[450.00] once every item that is inside the tote,refreshed and i'm trying to hurry
BggxkRAW2_I,Come To Work With Me | Amazon Overnight shift | Working at Amazon,youtube,164,[452.08] it's already stored in a designated,up get everything done and get out of
BggxkRAW2_I,Come To Work With Me | Amazon Overnight shift | Working at Amazon,youtube,165,[454.64] destination you will then take that tote,here so i'm in turbo mode with
BggxkRAW2_I,Come To Work With Me | Amazon Overnight shift | Working at Amazon,youtube,166,[457.28] and you can use it again or you can put,these packages
BggxkRAW2_I,Come To Work With Me | Amazon Overnight shift | Working at Amazon,youtube,167,[459.20] it back in your pile,so it is finally time for me to leave
BggxkRAW2_I,Come To Work With Me | Amazon Overnight shift | Working at Amazon,youtube,168,[460.31] [Music],and now i am stacking my totes and
BggxkRAW2_I,Come To Work With Me | Amazon Overnight shift | Working at Amazon,youtube,169,[462.48] so finally it is time for my break,getting them ready for the person that
BggxkRAW2_I,Come To Work With Me | Amazon Overnight shift | Working at Amazon,youtube,170,[465.68] so as you can see i'm just walking out,comes in behind me
BggxkRAW2_I,Come To Work With Me | Amazon Overnight shift | Working at Amazon,youtube,171,[467.12] to the parking lot scanning out,next i'm going to take my handy dandy
BggxkRAW2_I,Come To Work With Me | Amazon Overnight shift | Working at Amazon,youtube,172,[472.80] [Music],disinfecting wipes and wipe down this
BggxkRAW2_I,Come To Work With Me | Amazon Overnight shift | Working at Amazon,youtube,173,[480.23] [Music],whole station
BggxkRAW2_I,Come To Work With Me | Amazon Overnight shift | Working at Amazon,youtube,174,[482.64] i have made it to break,get it nice and clean
BggxkRAW2_I,Come To Work With Me | Amazon Overnight shift | Working at Amazon,youtube,175,[485.12] and i have not died,i'm going to make sure that i get
BggxkRAW2_I,Come To Work With Me | Amazon Overnight shift | Working at Amazon,youtube,176,[491.17] [Music],everything good i'm going to
BggxkRAW2_I,Come To Work With Me | Amazon Overnight shift | Working at Amazon,youtube,177,[493.92] going back into hell,clean the box cutter i clean the mouse
BggxkRAW2_I,Come To Work With Me | Amazon Overnight shift | Working at Amazon,youtube,178,[497.20] so normally after my break i just get,and i also go ahead and clean the
BggxkRAW2_I,Come To Work With Me | Amazon Overnight shift | Working at Amazon,youtube,179,[499.12] back to work and my break is normally an,scanner
BggxkRAW2_I,Come To Work With Me | Amazon Overnight shift | Working at Amazon,youtube,180,[501.92] hour and 30 minutes before i leave so,next i'm going to sweep the floor sweep
BggxkRAW2_I,Come To Work With Me | Amazon Overnight shift | Working at Amazon,youtube,181,[504.40] after my break i'm feeling real,my whole station and my sorting station
BggxkRAW2_I,Come To Work With Me | Amazon Overnight shift | Working at Amazon,youtube,182,[505.68] refreshed and i'm just trying to hurry,make sure i get any excess trash then
BggxkRAW2_I,Come To Work With Me | Amazon Overnight shift | Working at Amazon,youtube,183,[507.68] up get everything done and get out of,i'm going to grab my trash tie it up
BggxkRAW2_I,Come To Work With Me | Amazon Overnight shift | Working at Amazon,youtube,184,[509.60] here so i'm just in turbo mode with,go ahead and sign out of that computer
BggxkRAW2_I,Come To Work With Me | Amazon Overnight shift | Working at Amazon,youtube,185,[512.48] these packages,and walk to the door
BggxkRAW2_I,Come To Work With Me | Amazon Overnight shift | Working at Amazon,youtube,186,[515.36] [Music],so i normally go to the bathroom before
BggxkRAW2_I,Come To Work With Me | Amazon Overnight shift | Working at Amazon,youtube,187,[521.52] so it is finally time for me to leave,i leave wash my hands and here i am
BggxkRAW2_I,Come To Work With Me | Amazon Overnight shift | Working at Amazon,youtube,188,[524.24] and now i am just stacking my totes and,clocking out
BggxkRAW2_I,Come To Work With Me | Amazon Overnight shift | Working at Amazon,youtube,189,[527.12] getting them ready for the person that,and heading out that door
BggxkRAW2_I,Come To Work With Me | Amazon Overnight shift | Working at Amazon,youtube,190,[528.56] comes in behind me,y'all know that feeling when it's time
BggxkRAW2_I,Come To Work With Me | Amazon Overnight shift | Working at Amazon,youtube,191,[532.42] [Music],to leave for work
BggxkRAW2_I,Come To Work With Me | Amazon Overnight shift | Working at Amazon,youtube,192,[542.16] next i'm going to take my handy dandy,see me swinging my arms and stuff i'm so
BggxkRAW2_I,Come To Work With Me | Amazon Overnight shift | Working at Amazon,youtube,193,[544.48] disinfecting wipes and wipe down this,happy to leave
BggxkRAW2_I,Come To Work With Me | Amazon Overnight shift | Working at Amazon,youtube,194,[547.12] whole station,i made it out i ship this
BggxkRAW2_I,Come To Work With Me | Amazon Overnight shift | Working at Amazon,youtube,195,[549.04] get it nice and clean,finally over it is 5 33
BggxkRAW2_I,Come To Work With Me | Amazon Overnight shift | Working at Amazon,youtube,196,[551.03] [Music],i'm about to head
BggxkRAW2_I,Come To Work With Me | Amazon Overnight shift | Working at Amazon,youtube,197,[554.00] i'm just going to make sure that i get,home
BggxkRAW2_I,Come To Work With Me | Amazon Overnight shift | Working at Amazon,youtube,198,[555.20] everything really good i'm going to,praise jesus himself
BggxkRAW2_I,Come To Work With Me | Amazon Overnight shift | Working at Amazon,youtube,199,[556.56] clean the box cutter i clean the mouse,because if i would have spent any more
BggxkRAW2_I,Come To Work With Me | Amazon Overnight shift | Working at Amazon,youtube,200,[559.52] and i also go ahead and clean the,time inside that warehouse i
BggxkRAW2_I,Come To Work With Me | Amazon Overnight shift | Working at Amazon,youtube,201,[560.64] scanner,okay guys so it's currently 601 i look
BggxkRAW2_I,Come To Work With Me | Amazon Overnight shift | Working at Amazon,youtube,202,[563.36] next i'm going to sweep the floor sweep,dead i look a ghost and my baby's
BggxkRAW2_I,Come To Work With Me | Amazon Overnight shift | Working at Amazon,youtube,203,[565.20] my whole station and my sorting station,up so i have to put her back to sleep
BggxkRAW2_I,Come To Work With Me | Amazon Overnight shift | Working at Amazon,youtube,204,[568.48] make sure i get any excess trash then,but this is normal routine for me
BggxkRAW2_I,Come To Work With Me | Amazon Overnight shift | Working at Amazon,youtube,205,[570.96] i'm going to grab my trash tie it up,thank you guys so much for watching this
BggxkRAW2_I,Come To Work With Me | Amazon Overnight shift | Working at Amazon,youtube,206,[574.16] go ahead and sign out of that computer,video
BggxkRAW2_I,Come To Work With Me | Amazon Overnight shift | Working at Amazon,youtube,207,[577.44] and walk to the door,i hope if you're going to work at amazon if
BggxkRAW2_I,Come To Work With Me | Amazon Overnight shift | Working at Amazon,youtube,208,[583.62] [Music],this was helpful to you to know what
BggxkRAW2_I,Come To Work With Me | Amazon Overnight shift | Working at Amazon,youtube,209,[587.84] so i normally go to the bathroom before,your what you might be doing if you
BggxkRAW2_I,Come To Work With Me | Amazon Overnight shift | Working at Amazon,youtube,210,[589.92] i leave wash my hands and here i am,haven't already go ahead and hit that
BggxkRAW2_I,Come To Work With Me | Amazon Overnight shift | Working at Amazon,youtube,211,[592.24] clocking out,subscribe button this video and
BggxkRAW2_I,Come To Work With Me | Amazon Overnight shift | Working at Amazon,youtube,212,[594.16] and heading out that door,press that bell
BggxkRAW2_I,Come To Work With Me | Amazon Overnight shift | Working at Amazon,youtube,213,[597.20] y'all know that feeling when it's time,so you can be notified when i post
BggxkRAW2_I,Come To Work With Me | Amazon Overnight shift | Working at Amazon,youtube,214,[598.64] to leave for work,videos peace see y'all later
BggxkRAW2_I,Come To Work With Me | Amazon Overnight shift | Working at Amazon,youtube,215,[605.12] see me swinging my arms and stuff i'm so,damn
BggxkRAW2_I,Come To Work With Me | Amazon Overnight shift | Working at Amazon,youtube,216,[607.76] happy to leave,bro
BggxkRAW2_I,Come To Work With Me | Amazon Overnight shift | Working at Amazon,youtube,217,[611.04] i made it out i ship this,[611.04] i made it out i ship this
BggxkRAW2_I,Come To Work With Me | Amazon Overnight shift | Working at Amazon,youtube,218,[614.16] finally over it is 5 33,[614.16] finally over it is 5 33
BggxkRAW2_I,Come To Work With Me | Amazon Overnight shift | Working at Amazon,youtube,219,[618.24] i'm about to head,[618.24] i'm about to head
BggxkRAW2_I,Come To Work With Me | Amazon Overnight shift | Working at Amazon,youtube,220,[620.32] home,[620.32] home
BggxkRAW2_I,Come To Work With Me | Amazon Overnight shift | Working at Amazon,youtube,221,[621.20] praise jesus himself,[621.20] praise jesus himself
BggxkRAW2_I,Come To Work With Me | Amazon Overnight shift | Working at Amazon,youtube,222,[623.20] because if i would have spent any more,[623.20] because if i would have spent any more
BggxkRAW2_I,Come To Work With Me | Amazon Overnight shift | Working at Amazon,youtube,223,[626.24] time inside that warehouse i literally,[626.24] time inside that warehouse i literally
BggxkRAW2_I,Come To Work With Me | Amazon Overnight shift | Working at Amazon,youtube,224,[630.08] okay guys so it's currently 601 i look,[630.08] okay guys so it's currently 601 i look
BggxkRAW2_I,Come To Work With Me | Amazon Overnight shift | Working at Amazon,youtube,225,[633.84] dead i look like a ghost and my baby's,[633.84] dead i look like a ghost and my baby's
BggxkRAW2_I,Come To Work With Me | Amazon Overnight shift | Working at Amazon,youtube,226,[636.16] up so i have to put her back to sleep,[636.16] up so i have to put her back to sleep
BggxkRAW2_I,Come To Work With Me | Amazon Overnight shift | Working at Amazon,youtube,227,[638.80] but this is normal like routine for me,[638.80] but this is normal like routine for me
BggxkRAW2_I,Come To Work With Me | Amazon Overnight shift | Working at Amazon,youtube,228,[641.04] thank you guys so much for watching this,[641.04] thank you guys so much for watching this
BggxkRAW2_I,Come To Work With Me | Amazon Overnight shift | Working at Amazon,youtube,229,[643.04] video,[643.04] video
BggxkRAW2_I,Come To Work With Me | Amazon Overnight shift | Working at Amazon,youtube,230,[644.16] i hope if you're gonna work at amazon if,[644.16] i hope if you're gonna work at amazon if
BggxkRAW2_I,Come To Work With Me | Amazon Overnight shift | Working at Amazon,youtube,231,[646.40] this was helpful to you to know what,[646.40] this was helpful to you to know what
BggxkRAW2_I,Come To Work With Me | Amazon Overnight shift | Working at Amazon,youtube,232,[648.08] your what you might be doing if you,[648.08] your what you might be doing if you
BggxkRAW2_I,Come To Work With Me | Amazon Overnight shift | Working at Amazon,youtube,233,[650.32] haven't already go ahead and hit that,[650.32] haven't already go ahead and hit that
BggxkRAW2_I,Come To Work With Me | Amazon Overnight shift | Working at Amazon,youtube,234,[652.00] subscribe button like this video and,[652.00] subscribe button like this video and
BggxkRAW2_I,Come To Work With Me | Amazon Overnight shift | Working at Amazon,youtube,235,[654.32] press that bell,[654.32] press that bell
BggxkRAW2_I,Come To Work With Me | Amazon Overnight shift | Working at Amazon,youtube,236,[656.08] so you can be notified when i post,[656.08] so you can be notified when i post
BggxkRAW2_I,Come To Work With Me | Amazon Overnight shift | Working at Amazon,youtube,237,[658.08] videos peace see y'all later,[658.08] videos peace see y'all later
BggxkRAW2_I,Come To Work With Me | Amazon Overnight shift | Working at Amazon,youtube,238,[663.44] damn,[663.44] damn
BggxkRAW2_I,Come To Work With Me | Amazon Overnight shift | Working at Amazon,youtube,239,[664.72] bro,[664.72] bro
GDu6cmst__A,Come To WORK With Me | Amazon MORNING SHIFT,youtube,1,[0.00] [Music],hello my beautiful human beings as you
GDu6cmst__A,Come To WORK With Me | Amazon MORNING SHIFT,youtube,2,[28.96] like,read in the title you're going to come
GDu6cmst__A,Come To WORK With Me | Amazon MORNING SHIFT,youtube,3,[33.32] hello my beautiful human beings as you,along with me working at amazon for a
GDu6cmst__A,Come To WORK With Me | Amazon MORNING SHIFT,youtube,4,[36.44] read in the title you're going to come,10hour shift yes you heard that right a
GDu6cmst__A,Come To WORK With Me | Amazon MORNING SHIFT,youtube,5,[37.80] along with me working at Amazon for a,10hour shift o my hands getting tired of
GDu6cmst__A,Come To WORK With Me | Amazon MORNING SHIFT,youtube,6,[40.08] 10hour shift Yes you heard that right a,vlogging and we started right now
GDu6cmst__A,Come To WORK With Me | Amazon MORNING SHIFT,youtube,7,[43.00] 10hour shift o my hands getting tired of,it is 8:38 p.m. before we started this
GDu6cmst__A,Come To WORK With Me | Amazon MORNING SHIFT,youtube,8,[46.28] vlogging and we just started right now,video i took a whole 2hour nap a girl
GDu6cmst__A,Come To WORK With Me | Amazon MORNING SHIFT,youtube,9,[48.40] it is 8:38 p.m. before we started this,was tired remember that it's okay
GDu6cmst__A,Come To WORK With Me | Amazon MORNING SHIFT,youtube,10,[51.08] video I took a whole 2hour nap a girl,to take rest days it's okay to take a
GDu6cmst__A,Come To WORK With Me | Amazon MORNING SHIFT,youtube,11,[54.04] was tired just remember that it's okay,nap your body has to rest as well so you
GDu6cmst__A,Come To WORK With Me | Amazon MORNING SHIFT,youtube,12,[56.56] to take rest days it's okay to take a,can feel prepared and more
GDu6cmst__A,Come To WORK With Me | Amazon MORNING SHIFT,youtube,13,[58.44] nap your body has to rest as well so you,motivation
GDu6cmst__A,Come To WORK With Me | Amazon MORNING SHIFT,youtube,14,[60.88] can feel prepared and more,motivation motivation to state the
GDu6cmst__A,Come To WORK With Me | Amazon MORNING SHIFT,youtube,15,[63.12] motivation,obvious i work at amazon and i work at a
GDu6cmst__A,Come To WORK With Me | Amazon MORNING SHIFT,youtube,16,[64.76] motivation motivation to State the,fulfillment center what we do in my job
GDu6cmst__A,Come To WORK With Me | Amazon MORNING SHIFT,youtube,17,[67.88] obvious I work at Amazon and I work at a,is we sort out boxes with a scanner and
GDu6cmst__A,Come To WORK With Me | Amazon MORNING SHIFT,youtube,18,[70.28] fulfillment center what we do in my job,there's an area that you don't use a
GDu6cmst__A,Come To WORK With Me | Amazon MORNING SHIFT,youtube,19,[72.56] is we sort out boxes with a scanner and,skanner so you putting boxes from
GDu6cmst__A,Come To WORK With Me | Amazon MORNING SHIFT,youtube,20,[75.00] there's an area that you don't use a,the lane and you put it in a bigger
GDu6cmst__A,Come To WORK With Me | Amazon MORNING SHIFT,youtube,21,[76.84] skanner so you just putting boxes from,box if that makes sense so we have
GDu6cmst__A,Come To WORK With Me | Amazon MORNING SHIFT,youtube,22,[78.48] the lane and you just put it in a bigger,noncon we have shoe sort we have under
GDu6cmst__A,Come To WORK With Me | Amazon MORNING SHIFT,youtube,23,[80.32] box if that makes sense so we have,the miz above the m container loading
GDu6cmst__A,Come To WORK With Me | Amazon MORNING SHIFT,youtube,24,[82.04] noncon we have shoe sort we have Under,builder container container building
GDu6cmst__A,Come To WORK With Me | Amazon MORNING SHIFT,youtube,25,[84.52] The Miz above the M container loading,that so they is different
GDu6cmst__A,Come To WORK With Me | Amazon MORNING SHIFT,youtube,26,[87.16] Builder container container building,positions throughout the warehouse it's
GDu6cmst__A,Come To WORK With Me | Amazon MORNING SHIFT,youtube,27,[88.68] something like that so they is different,all the same thing but not
GDu6cmst__A,Come To WORK With Me | Amazon MORNING SHIFT,youtube,28,[90.32] positions throughout the warehouse it's,so if you ever feel bored you can
GDu6cmst__A,Come To WORK With Me | Amazon MORNING SHIFT,youtube,29,[92.24] all kind of the same thing but not,go on to the next position so i
GDu6cmst__A,Come To WORK With Me | Amazon MORNING SHIFT,youtube,30,[94.48] really so if you ever feel bored you can,think that's why i've been there for so
GDu6cmst__A,Come To WORK With Me | Amazon MORNING SHIFT,youtube,31,[96.52] just go on to the next position so I,long i've seen a lot of people saying
GDu6cmst__A,Come To WORK With Me | Amazon MORNING SHIFT,youtube,32,[98.88] think that's why I've been there for so,working at amazon was the worst time of
GDu6cmst__A,Come To WORK With Me | Amazon MORNING SHIFT,youtube,33,[100.76] long I've seen a lot of people saying,their lives they never worked there they
GDu6cmst__A,Come To WORK With Me | Amazon MORNING SHIFT,youtube,34,[102.28] working at Amazon was the worst time of,overwork you you're a slave in
GDu6cmst__A,Come To WORK With Me | Amazon MORNING SHIFT,youtube,35,[103.92] their lives they never worked there they,there and i know every warehouse is
GDu6cmst__A,Come To WORK With Me | Amazon MORNING SHIFT,youtube,36,[106.00] overwork you you're like a slave in,different depending on the management
GDu6cmst__A,Come To WORK With Me | Amazon MORNING SHIFT,youtube,37,[107.80] there and I know every Warehouse is,depending on the position as well but in
GDu6cmst__A,Come To WORK With Me | Amazon MORNING SHIFT,youtube,38,[109.92] different depending on the management,my ware house it's chill
GDu6cmst__A,Come To WORK With Me | Amazon MORNING SHIFT,youtube,39,[111.72] depending on the position as well but in,one of the reasons why i
GDu6cmst__A,Come To WORK With Me | Amazon MORNING SHIFT,youtube,40,[113.40] my ware house it's actually pretty chill,that job is if there's a day that i
GDu6cmst__A,Come To WORK With Me | Amazon MORNING SHIFT,youtube,41,[115.28] one of the reasons why I really like,don't want to work sometimes they
GDu6cmst__A,Come To WORK With Me | Amazon MORNING SHIFT,youtube,42,[116.56] that job is if there's a day that I,put out vto which is voluntary time off
GDu6cmst__A,Come To WORK With Me | Amazon MORNING SHIFT,youtube,43,[118.40] really don't want to work sometimes they,for example if i don't want to work my
GDu6cmst__A,Come To WORK With Me | Amazon MORNING SHIFT,youtube,44,[119.92] put out VTO which is voluntary time off,friday 4:30 a.m. chef i hope for
GDu6cmst__A,Come To WORK With Me | Amazon MORNING SHIFT,youtube,45,[122.36] for example if I don't want to work my,the best and see if they bring out vto
GDu6cmst__A,Come To WORK With Me | Amazon MORNING SHIFT,youtube,46,[123.92] Friday 4:30 a.m. Chef I just hope for,and if they do i accept it and nothing
GDu6cmst__A,Come To WORK With Me | Amazon MORNING SHIFT,youtube,47,[126.20] the best and see if they bring out VTO,happens you take the day off
GDu6cmst__A,Come To WORK With Me | Amazon MORNING SHIFT,youtube,48,[128.12] and if they do I accept it and nothing,you don't get money from that day
GDu6cmst__A,Come To WORK With Me | Amazon MORNING SHIFT,youtube,49,[130.00] happens you know you take the day off,and if you want extra cash you can pick
GDu6cmst__A,Come To WORK With Me | Amazon MORNING SHIFT,youtube,50,[131.40] you just don't get money from that day,up ships and sometimes they have that $3
GDu6cmst__A,Come To WORK With Me | Amazon MORNING SHIFT,youtube,51,[132.96] and if you want extra cash you can pick,extra ship so that $3 extra ship is if
GDu6cmst__A,Come To WORK With Me | Amazon MORNING SHIFT,youtube,52,[134.76] up ships and sometimes they have that $3,you get paid $18 and if you pick up that
GDu6cmst__A,Come To WORK With Me | Amazon MORNING SHIFT,youtube,53,[137.72] extra ship so that $3 extra ship is if,ship you get paid 21 per hour i enter at
GDu6cmst__A,Come To WORK With Me | Amazon MORNING SHIFT,youtube,54,[140.32] you get paid $18 and if you pick up that,4:30 in the morning and i clock out 3:00
GDu6cmst__A,Come To WORK With Me | Amazon MORNING SHIFT,youtube,55,[143.08] ship you get paid 21 per hour I enter at,p.m. in the afternoon
GDu6cmst__A,Come To WORK With Me | Amazon MORNING SHIFT,youtube,56,[145.92] 4:30 in the morning and I clock out 3:00,but right now i'll be packing my lunch
GDu6cmst__A,Come To WORK With Me | Amazon MORNING SHIFT,youtube,57,[148.20] p.m. in the afternoon,for tomorrow and there's a very very
GDu6cmst__A,Come To WORK With Me | Amazon MORNING SHIFT,youtube,58,[152.04] but right now I'll be packing my lunch,good chance that the next few clips is
GDu6cmst__A,Come To WORK With Me | Amazon MORNING SHIFT,youtube,59,[153.68] for tomorrow and there's a very very,going to be a voice over 2 spending 7
GDu6cmst__A,Come To WORK With Me | Amazon MORNING SHIFT,youtube,60,[156.24] good chance that the next few Clips is,hours to be a mon with
GDu6cmst__A,Come To WORK With Me | Amazon MORNING SHIFT,youtube,61,[157.84] going to be a voice over 2 spending 7,you 3 hours in and we're talking about
GDu6cmst__A,Come To WORK With Me | Amazon MORNING SHIFT,youtube,62,[161.92] hours just to be a mon with,our futures we have a
GDu6cmst__A,Come To WORK With Me | Amazon MORNING SHIFT,youtube,63,[165.80] you 3 hours in and we're talking about,clue i hope your father will me i
GDu6cmst__A,Come To WORK With Me | Amazon MORNING SHIFT,youtube,64,[169.40] our futures like we have a,know expectations meanwhile my tea is
GDu6cmst__A,Come To WORK With Me | Amazon MORNING SHIFT,youtube,65,[172.12] clue I hope your father will like me I,cooling down i put put some of my
GDu6cmst__A,Come To WORK With Me | Amazon MORNING SHIFT,youtube,66,[175.68] know expectations Meanwhile my tea is,clothes from the washing machine to the
GDu6cmst__A,Come To WORK With Me | Amazon MORNING SHIFT,youtube,67,[178.64] cooling down I put put some of my,drying machine we're going to have
GDu6cmst__A,Come To WORK With Me | Amazon MORNING SHIFT,youtube,68,[180.20] clothes from the washing machine to the,a cute little team with fany moment and
GDu6cmst__A,Come To WORK With Me | Amazon MORNING SHIFT,youtube,69,[181.52] drying machine we're just going to have,relax our body and and food it
GDu6cmst__A,Come To WORK With Me | Amazon MORNING SHIFT,youtube,70,[182.84] a cute little team with fany moment and,should be fun so let me show you
GDu6cmst__A,Come To WORK With Me | Amazon MORNING SHIFT,youtube,71,[185.88] just relax our body and and food it,guys baby child we are starting by
GDu6cmst__A,Come To WORK With Me | Amazon MORNING SHIFT,youtube,72,[188.44] should be really fun so let me show you,waking up at 3:00 in the morning this is
GDu6cmst__A,Come To WORK With Me | Amazon MORNING SHIFT,youtube,73,[200.48] guys baby child we are starting by,my skincare martine mortine my skincare
GDu6cmst__A,Come To WORK With Me | Amazon MORNING SHIFT,youtube,74,[204.12] waking up at 3:00 in the morning this is,morning routine
GDu6cmst__A,Come To WORK With Me | Amazon MORNING SHIFT,youtube,75,[206.12] my skincare Martine mortine my skincare,quick and my favorite favorite
GDu6cmst__A,Come To WORK With Me | Amazon MORNING SHIFT,youtube,76,[208.52] morning routine you know something,capital b baggy sweater now i'm going to
GDu6cmst__A,Come To WORK With Me | Amazon MORNING SHIFT,youtube,77,[209.84] really quick and my favorite favorite,go ahead and get some cereal look at me
GDu6cmst__A,Come To WORK With Me | Amazon MORNING SHIFT,youtube,78,[212.08] capital B baggy sweater now I'm going to,i'm feeling so productive already even
GDu6cmst__A,Come To WORK With Me | Amazon MORNING SHIFT,youtube,79,[214.48] go ahead and get some cereal look at me,though i'm dying in the inside cuz i
GDu6cmst__A,Come To WORK With Me | Amazon MORNING SHIFT,youtube,80,[216.40] I'm feeling so productive already even,don't want to go to work but
GDu6cmst__A,Come To WORK With Me | Amazon MORNING SHIFT,youtube,81,[218.68] though I'm dying in the inside cuz I,here's my little doggy and it's about to
GDu6cmst__A,Come To WORK With Me | Amazon MORNING SHIFT,youtube,82,[220.52] really don't want to go to work but,be 4:00 a.m. so i have to grab my snacks
GDu6cmst__A,Come To WORK With Me | Amazon MORNING SHIFT,youtube,83,[221.72] here's my little doggy and it's about to,and brush out but first let me get my
GDu6cmst__A,Come To WORK With Me | Amazon MORNING SHIFT,youtube,84,[223.16] be 4:00 a.m. so I have to grab my snacks,lunch that we prepared yesterday another
GDu6cmst__A,Come To WORK With Me | Amazon MORNING SHIFT,youtube,85,[225.28] and brush out but first let me get my,clip of my cute doggy and an outfit of
GDu6cmst__A,Come To WORK With Me | Amazon MORNING SHIFT,youtube,86,[227.44] lunch that we prepared yesterday another,the day feeling all pink and we're going
GDu6cmst__A,Come To WORK With Me | Amazon MORNING SHIFT,youtube,87,[229.24] clip of my cute doggy and an outfit of,to listen to some music while we go to
GDu6cmst__A,Come To WORK With Me | Amazon MORNING SHIFT,youtube,88,[231.08] the day feeling all pink and we're going,work and this is where i'm putting my
GDu6cmst__A,Come To WORK With Me | Amazon MORNING SHIFT,youtube,89,[232.80] to listen to some music while we go to,shoes my harness getting my life
GDu6cmst__A,Come To WORK With Me | Amazon MORNING SHIFT,youtube,90,[234.36] work and this is where I'm putting my,together and thinking if i should
GDu6cmst__A,Come To WORK With Me | Amazon MORNING SHIFT,youtube,91,[235.88] shoes my harness getting my life,leave right now but we're not going
GDu6cmst__A,Come To WORK With Me | Amazon MORNING SHIFT,youtube,92,[237.60] together and really thinking if I should,to do that and here i am walking to
GDu6cmst__A,Come To WORK With Me | Amazon MORNING SHIFT,youtube,93,[239.32] just leave right now but we're not going,clock
GDu6cmst__A,Come To WORK With Me | Amazon MORNING SHIFT,youtube,94,[241.00] to do that and here I am walking to,in i was all last week tell me
GDu6cmst__A,Come To WORK With Me | Amazon MORNING SHIFT,youtube,95,[242.92] clock,where have you
GDu6cmst__A,Come To WORK With Me | Amazon MORNING SHIFT,youtube,96,[249.68] in I was all like last week tell me,been i don't know if all the warehouse
GDu6cmst__A,Come To WORK With Me | Amazon MORNING SHIFT,youtube,97,[253.68] where have you,have this but it's a locker room for the
GDu6cmst__A,Come To WORK With Me | Amazon MORNING SHIFT,youtube,98,[255.56] been I don't know if all the warehouse,employees it's first come first served
GDu6cmst__A,Come To WORK With Me | Amazon MORNING SHIFT,youtube,99,[257.92] have this but it's a locker room for the,and luckily i always get a locker even
GDu6cmst__A,Come To WORK With Me | Amazon MORNING SHIFT,youtube,100,[259.84] employees it's first come first served,though sometimes it come a little late
GDu6cmst__A,Come To WORK With Me | Amazon MORNING SHIFT,youtube,101,[261.72] and luckily I always get a locker even,but here i am putting my stuff away
GDu6cmst__A,Come To WORK With Me | Amazon MORNING SHIFT,youtube,102,[263.84] though sometimes it come a little late,somebody was talking to me so i had
GDu6cmst__A,Come To WORK With Me | Amazon MORNING SHIFT,youtube,103,[265.60] but here I am just putting my stuff away,to cut out the c and now we're going to
GDu6cmst__A,Come To WORK With Me | Amazon MORNING SHIFT,youtube,104,[267.40] somebody was just talking to me so I had,start the day sometimes i have to force
GDu6cmst__A,Come To WORK With Me | Amazon MORNING SHIFT,youtube,105,[268.88] to cut out the C and now we're going to,myself to get into the mood and be my
GDu6cmst__A,Come To WORK With Me | Amazon MORNING SHIFT,youtube,106,[270.44] start the day sometimes I have to force,own hype
GDu6cmst__A,Come To WORK With Me | Amazon MORNING SHIFT,youtube,107,[272.40] myself to get into the mood and be my,girl now this is where everybody is
GDu6cmst__A,Come To WORK With Me | Amazon MORNING SHIFT,youtube,108,[274.32] own hype,wondering what do you do in
GDu6cmst__A,Come To WORK With Me | Amazon MORNING SHIFT,youtube,109,[276.36] girl now this is where everybody is,amazon as i explained earlier in this
GDu6cmst__A,Come To WORK With Me | Amazon MORNING SHIFT,youtube,110,[279.48] wondering what do you really do in,video there are different roles to do in
GDu6cmst__A,Come To WORK With Me | Amazon MORNING SHIFT,youtube,111,[281.12] Amazon as I explained earlier in this,this warehouse the role that i was
GDu6cmst__A,Come To WORK With Me | Amazon MORNING SHIFT,youtube,112,[283.08] video there are different roles to do in,assigned today was under the mes under
GDu6cmst__A,Come To WORK With Me | Amazon MORNING SHIFT,youtube,113,[284.76] this Warehouse the role that I was,the mes is getting the
GDu6cmst__A,Come To WORK With Me | Amazon MORNING SHIFT,youtube,114,[286.24] assigned today was under the mes under,little boxes and putting into a bigger
GDu6cmst__A,Come To WORK With Me | Amazon MORNING SHIFT,youtube,115,[288.40] the mes is basically just getting the,box which is called shuttle as
GDu6cmst__A,Come To WORK With Me | Amazon MORNING SHIFT,youtube,116,[290.28] little boxes and putting into a bigger,that's why i'm doing the whole
GDu6cmst__A,Come To WORK With Me | Amazon MORNING SHIFT,youtube,117,[292.40] box which is called shuttle as you see,shift yes in both shifts i got assigned
GDu6cmst__A,Come To WORK With Me | Amazon MORNING SHIFT,youtube,118,[294.36] that's why I'm really doing the whole,to under the mees and that's what i'm
GDu6cmst__A,Come To WORK With Me | Amazon MORNING SHIFT,youtube,119,[296.08] shift yes in both shifts I got assigned,doing is getting the amazon
GDu6cmst__A,Come To WORK With Me | Amazon MORNING SHIFT,youtube,120,[298.64] to under the mees and that's what I'm,packages putting into the big
GDu6cmst__A,Come To WORK With Me | Amazon MORNING SHIFT,youtube,121,[300.64] really doing is just getting the Amazon,box and this warehouse is very rare for
GDu6cmst__A,Come To WORK With Me | Amazon MORNING SHIFT,youtube,122,[302.32] packages putting into the big,us to see what's inside the package so i
GDu6cmst__A,Come To WORK With Me | Amazon MORNING SHIFT,youtube,123,[306.51] [Music],thought it was cool to see that
GDu6cmst__A,Come To WORK With Me | Amazon MORNING SHIFT,youtube,124,[315.65] [Music],someone bought lights for the cars in
GDu6cmst__A,Come To WORK With Me | Amazon MORNING SHIFT,youtube,125,[317.36] box and this Warehouse is very rare for,this process we are wrapping around the
GDu6cmst__A,Come To WORK With Me | Amazon MORNING SHIFT,youtube,126,[320.08] us to see what's inside the package so I,big box aka the shuttle to make sure the
GDu6cmst__A,Come To WORK With Me | Amazon MORNING SHIFT,youtube,127,[321.92] thought it was really cool to see that,little box is ins side it's not fall out
GDu6cmst__A,Come To WORK With Me | Amazon MORNING SHIFT,youtube,128,[323.12] someone bought lights for the cars in,cuz if the little boxes fall over lord
GDu6cmst__A,Come To WORK With Me | Amazon MORNING SHIFT,youtube,129,[324.76] this process we are wrapping around the,jesus you're going to have to have a lot
GDu6cmst__A,Come To WORK With Me | Amazon MORNING SHIFT,youtube,130,[326.60] big box aka the shuttle to make sure the,of patience cuz there's a lot of little
GDu6cmst__A,Come To WORK With Me | Amazon MORNING SHIFT,youtube,131,[328.68] little box is INS side it's not fall out,boxes in those now here i am taking
GDu6cmst__A,Come To WORK With Me | Amazon MORNING SHIFT,youtube,132,[330.44] cuz if the little boxes fall over lord,a break for myself doing a little
GDu6cmst__A,Come To WORK With Me | Amazon MORNING SHIFT,youtube,133,[332.28] Jesus you're going to have to have a lot,stretch here and there drinking some
GDu6cmst__A,Come To WORK With Me | Amazon MORNING SHIFT,youtube,134,[334.16] of patience cuz there's a lot of little,water here is our vending machine in
GDu6cmst__A,Come To WORK With Me | Amazon MORNING SHIFT,youtube,135,[336.00] boxes in those now here I am just taking,this big break room we have three in
GDu6cmst__A,Come To WORK With Me | Amazon MORNING SHIFT,youtube,136,[338.04] a break for myself just doing a little,total but this is the main one and if
GDu6cmst__A,Come To WORK With Me | Amazon MORNING SHIFT,youtube,137,[340.12] stretch here and there drinking some,you're thinking about doing a vending
GDu6cmst__A,Come To WORK With Me | Amazon MORNING SHIFT,youtube,138,[342.04] water here is our vending machine in,machine business make sure you contact
GDu6cmst__A,Come To WORK With Me | Amazon MORNING SHIFT,youtube,139,[344.20] this big break room we have three in,amazon to put in the warehouse because
GDu6cmst__A,Come To WORK With Me | Amazon MORNING SHIFT,youtube,140,[346.00] total but this is the main one and if,let me tell you they sell out quick
GDu6cmst__A,Come To WORK With Me | Amazon MORNING SHIFT,youtube,141,[347.96] you're thinking about doing a vending,quick so it's a good little side hustle
GDu6cmst__A,Come To WORK With Me | Amazon MORNING SHIFT,youtube,142,[349.08] machine business make sure you contact,now they call our 15minute break so i'm
GDu6cmst__A,Come To WORK With Me | Amazon MORNING SHIFT,youtube,143,[351.12] Amazon to put in the warehouse because,going to my car to be in the
GDu6cmst__A,Come To WORK With Me | Amazon MORNING SHIFT,youtube,144,[352.64] let me tell you they sell out quick like,quiet noise because inside it's a little
GDu6cmst__A,Come To WORK With Me | Amazon MORNING SHIFT,youtube,145,[355.52] quick so it's a good little side hustle,bit noisy here i am snacking on my gummy
GDu6cmst__A,Come To WORK With Me | Amazon MORNING SHIFT,youtube,146,[357.44] now they call our 15minute break so I'm,bears love them so much and they're
GDu6cmst__A,Come To WORK With Me | Amazon MORNING SHIFT,youtube,147,[359.24] just going to my car just to be in the,vegan so it's amazing no pork no
GDu6cmst__A,Come To WORK With Me | Amazon MORNING SHIFT,youtube,148,[361.04] quiet noise because inside it's a little,and remember to hydrate it is
GDu6cmst__A,Come To WORK With Me | Amazon MORNING SHIFT,youtube,149,[363.04] bit noisy here I am snacking on my gummy,so important to
GDu6cmst__A,Come To WORK With Me | Amazon MORNING SHIFT,youtube,150,[365.24] bears love them so much and they're,hydrate now our break is over and i'm
GDu6cmst__A,Come To WORK With Me | Amazon MORNING SHIFT,youtube,151,[366.80] vegan so it's amazing no pork no,here thinking should i
GDu6cmst__A,Come To WORK With Me | Amazon MORNING SHIFT,youtube,152,[368.92] anything and remember to hydrate it is,go home right now and use my time
GDu6cmst__A,Come To WORK With Me | Amazon MORNING SHIFT,youtube,153,[370.92] so important to,but what we're going to keep on
GDu6cmst__A,Come To WORK With Me | Amazon MORNING SHIFT,youtube,154,[373.60] hydrate now our break is over and I'm,going it is time for a lunch break which
GDu6cmst__A,Come To WORK With Me | Amazon MORNING SHIFT,youtube,155,[376.16] just here thinking should I just really,is 30 minutes and i've been thinking
GDu6cmst__A,Come To WORK With Me | Amazon MORNING SHIFT,youtube,156,[377.72] go home right now and just use my time,about this veggie wrap all day so it was
GDu6cmst__A,Come To WORK With Me | Amazon MORNING SHIFT,youtube,157,[379.96] but you know what we're going to keep on,a motivation for me to keep going it was
GDu6cmst__A,Come To WORK With Me | Amazon MORNING SHIFT,youtube,158,[384.32] going it is time for a lunch break which,good i would give it 10 out of 10
GDu6cmst__A,Come To WORK With Me | Amazon MORNING SHIFT,youtube,159,[387.40] is 30 minutes and I've been thinking,now in the bathroom there was a
GDu6cmst__A,Come To WORK With Me | Amazon MORNING SHIFT,youtube,160,[389.00] about this veggie wrap all day so it was,situation is some girls was saying
GDu6cmst__A,Come To WORK With Me | Amazon MORNING SHIFT,youtube,161,[392.24] a motivation for me to keep going it was,what everybody got to get out
GDu6cmst__A,Come To WORK With Me | Amazon MORNING SHIFT,youtube,162,[394.24] pretty good I would give it 10 out of 10,of here because i got to use the
GDu6cmst__A,Come To WORK With Me | Amazon MORNING SHIFT,youtube,163,[396.20] now in the bathroom there was a,restroom and they were sitting down
GDu6cmst__A,Come To WORK With Me | Amazon MORNING SHIFT,youtube,164,[397.28] situation is just some girls was saying,using on their phone which i
GDu6cmst__A,Come To WORK With Me | Amazon MORNING SHIFT,youtube,165,[399.28] you know what everybody got to get out,thought was so funny it's a little
GDu6cmst__A,Come To WORK With Me | Amazon MORNING SHIFT,youtube,166,[400.52] of here because I got to use the,drama in the moment to make time
GDu6cmst__A,Come To WORK With Me | Amazon MORNING SHIFT,youtube,167,[401.56] restroom and they were just sitting down,pass by oops i forgot to tell you we're
GDu6cmst__A,Come To WORK With Me | Amazon MORNING SHIFT,youtube,168,[403.00] just using on their phone which I,now in our 10:00 a.m. shift and we're
GDu6cmst__A,Come To WORK With Me | Amazon MORNING SHIFT,youtube,169,[404.16] thought was so funny it's just a little,taking another 15minute break if you
GDu6cmst__A,Come To WORK With Me | Amazon MORNING SHIFT,youtube,170,[406.08] drama in the moment just to make time,confused on what's going on in
GDu6cmst__A,Come To WORK With Me | Amazon MORNING SHIFT,youtube,171,[407.64] pass by oops I forgot to tell you we're,this video please do not stress it out
GDu6cmst__A,Come To WORK With Me | Amazon MORNING SHIFT,youtube,172,[409.60] now in our 10:00 a.m. shift and we're,there will be a learning ambassador aka
GDu6cmst__A,Come To WORK With Me | Amazon MORNING SHIFT,youtube,173,[411.12] taking another 15minute break if you,a trainer that will train you for 3 days
GDu6cmst__A,Come To WORK With Me | Amazon MORNING SHIFT,youtube,174,[413.24] really confused on what's going on in,or week depending on your role overall i
GDu6cmst__A,Come To WORK With Me | Amazon MORNING SHIFT,youtube,175,[414.60] this video please do not stress it out,think amazon is a somewhat sh place to
GDu6cmst__A,Come To WORK With Me | Amazon MORNING SHIFT,youtube,176,[416.24] there will be a learning Ambassador AKA,work at i do think it's a good part-time
GDu6cmst__A,Come To WORK With Me | Amazon MORNING SHIFT,youtube,177,[418.08] a trainer that will train you for 3 days,job to get some extra cash but it
GDu6cmst__A,Come To WORK With Me | Amazon MORNING SHIFT,youtube,178,[419.72] or week depending on your role overall I,all depends on you if you want me to do
GDu6cmst__A,Come To WORK With Me | Amazon MORNING SHIFT,youtube,179,[422.00] think Amazon is a somewhat sh place to,a detailed video i can definitely do it
GDu6cmst__A,Come To WORK With Me | Amazon MORNING SHIFT,youtube,180,[423.92] work at I do think it's a good part-time,let me know in the comments the
GDu6cmst__A,Come To WORK With Me | Amazon MORNING SHIFT,youtube,181,[426.08] job just to get some extra cash but it,next clip finally has some audio i am
GDu6cmst__A,Come To WORK With Me | Amazon MORNING SHIFT,youtube,182,[428.24] all depends on you if you want me to do,finally done with the shift i'll see you
GDu6cmst__A,Come To WORK With Me | Amazon MORNING SHIFT,youtube,183,[429.72] a detailed video I can definitely do it,later hey y'all it is feuture me ed's
GDu6cmst__A,Come To WORK With Me | Amazon MORNING SHIFT,youtube,184,[431.60] just let me know in the comments the,video i realized i look so lonely
GDu6cmst__A,Come To WORK With Me | Amazon MORNING SHIFT,youtube,185,[432.92] next clip finally has some audio I am,and it looks i don't know what to
GDu6cmst__A,Come To WORK With Me | Amazon MORNING SHIFT,youtube,186,[434.84] finally done with the shift I'll see you,do with myself i do talk to people
GDu6cmst__A,Come To WORK With Me | Amazon MORNING SHIFT,youtube,187,[437.08] later hey y'all it is feuture me Ed's,throughout the shift obviously i'm not
GDu6cmst__A,Come To WORK With Me | Amazon MORNING SHIFT,youtube,188,[439.76] video I just realized I look so lonely,going to record them and be you
GDu6cmst__A,Come To WORK With Me | Amazon MORNING SHIFT,youtube,189,[443.48] and it looks like I don't know what to,want to be my youtube video no i am
GDu6cmst__A,Come To WORK With Me | Amazon MORNING SHIFT,youtube,190,[444.56] do with myself I do talk to people,finally back home when you do a double
GDu6cmst__A,Come To WORK With Me | Amazon MORNING SHIFT,youtube,191,[446.32] throughout the shift obviously I'm not,the last hour it takes so so long
GDu6cmst__A,Come To WORK With Me | Amazon MORNING SHIFT,youtube,192,[447.84] going to record them and be like you,it feels forever i don't know if i'm the
GDu6cmst__A,Come To WORK With Me | Amazon MORNING SHIFT,youtube,193,[448.96] want to be my YouTube video no I am,only one who experienced that right now
GDu6cmst__A,Come To WORK With Me | Amazon MORNING SHIFT,youtube,194,[451.96] finally back home when you do a double,i'm going to eat light
GDu6cmst__A,Come To WORK With Me | Amazon MORNING SHIFT,youtube,195,[456.28] the last hour it takes so so long like,the soup and poppy a little snack and
GDu6cmst__A,Come To WORK With Me | Amazon MORNING SHIFT,youtube,196,[460.44] it feels forever I don't know if I'm the,then i'm going to take a good good nap
GDu6cmst__A,Come To WORK With Me | Amazon MORNING SHIFT,youtube,197,[462.64] only one who experienced that right now,doing a 10hour shift is not
GDu6cmst__A,Come To WORK With Me | Amazon MORNING SHIFT,youtube,198,[464.20] I'm going to eat something light like,easy but they were paying that $3
GDu6cmst__A,Come To WORK With Me | Amazon MORNING SHIFT,youtube,199,[465.32] the soup and Poppy a little snack and,premium so i was what let
GDu6cmst__A,Come To WORK With Me | Amazon MORNING SHIFT,youtube,200,[467.68] then I'm going to take a good good nap,me get it over with we can do it and we
GDu6cmst__A,Come To WORK With Me | Amazon MORNING SHIFT,youtube,201,[470.12] you know doing a 10hour shift is not,did but thank you so much for watching
GDu6cmst__A,Come To WORK With Me | Amazon MORNING SHIFT,youtube,202,[472.16] easy but they were paying that $3,i'll see you in the next video stay
GDu6cmst__A,Come To WORK With Me | Amazon MORNING SHIFT,youtube,203,[474.24] premium so I was like you know what let,blessed
GDu6cmst__A,Come To WORK With Me | Amazon MORNING SHIFT,youtube,204,[476.12] me get it over with we can do it and we,bye 4 5 6 7 8 9 10 11 12 1 2 3 yeah i've
GDu6cmst__A,Come To WORK With Me | Amazon MORNING SHIFT,youtube,205,[478.20] did but thank you so much for watching,been awake for 12 hours
GDu6cmst__A,Come To WORK With Me | Amazon MORNING SHIFT,youtube,206,[480.36] I'll see you in the next video Stay,[480.36] I'll see you in the next video Stay
GDu6cmst__A,Come To WORK With Me | Amazon MORNING SHIFT,youtube,207,[482.20] Blessed,[482.20] Blessed
GDu6cmst__A,Come To WORK With Me | Amazon MORNING SHIFT,youtube,208,[484.87] [Music],[484.87] [Music]
GDu6cmst__A,Come To WORK With Me | Amazon MORNING SHIFT,youtube,209,[493.52] bye 4 5 6 7 8 9 10 11 12 1 2 3 yeah I've,[493.52] bye 4 5 6 7 8 9 10 11 12 1 2 3 yeah I've
GDu6cmst__A,Come To WORK With Me | Amazon MORNING SHIFT,youtube,210,[499.60] been awake for 12 hours,[499.60] been awake for 12 hours
MQjVIJkvNPY,ONE MONTH WORKING AT AMAZON WAREHOUSE: PROS & CONS,youtube,1,[0.08] hey guys welcome back to another video i,hey guys welcome back to another video i
MQjVIJkvNPY,ONE MONTH WORKING AT AMAZON WAREHOUSE: PROS & CONS,youtube,2,[2.72] figured i'd take a break from vlogging,figured i'd take a break from vlogging
MQjVIJkvNPY,ONE MONTH WORKING AT AMAZON WAREHOUSE: PROS & CONS,youtube,3,[4.40] today and instead do a more chill video,today and instead do a more chill video
MQjVIJkvNPY,ONE MONTH WORKING AT AMAZON WAREHOUSE: PROS & CONS,youtube,4,[7.84] talk to you guys about my experience so,talk to you guys about my experience so
MQjVIJkvNPY,ONE MONTH WORKING AT AMAZON WAREHOUSE: PROS & CONS,youtube,5,[10.08] far working on amazon you guys seem to,far working on amazon you guys seem to
MQjVIJkvNPY,ONE MONTH WORKING AT AMAZON WAREHOUSE: PROS & CONS,youtube,6,[11.92] like my amazon video so i figured i'll,my amazon video so i figured i'll
MQjVIJkvNPY,ONE MONTH WORKING AT AMAZON WAREHOUSE: PROS & CONS,youtube,7,[13.84] film another one tell you guys what i,film another one tell you guys what i
MQjVIJkvNPY,ONE MONTH WORKING AT AMAZON WAREHOUSE: PROS & CONS,youtube,8,[15.44] like about it what i don't like about it,about it what i don't about it
MQjVIJkvNPY,ONE MONTH WORKING AT AMAZON WAREHOUSE: PROS & CONS,youtube,9,[17.12] if you're thinking about applying amazon,if you're thinking about applying amazon
MQjVIJkvNPY,ONE MONTH WORKING AT AMAZON WAREHOUSE: PROS & CONS,youtube,10,[19.28] and working there hopefully this video,and working there hopefully this video
MQjVIJkvNPY,ONE MONTH WORKING AT AMAZON WAREHOUSE: PROS & CONS,youtube,11,[21.52] helps you out so i made a pros and cons,helps you out so i made a pros and cons
MQjVIJkvNPY,ONE MONTH WORKING AT AMAZON WAREHOUSE: PROS & CONS,youtube,12,[24.16] list on my phone about certain topics,list on my phone about certain topics
MQjVIJkvNPY,ONE MONTH WORKING AT AMAZON WAREHOUSE: PROS & CONS,youtube,13,[26.64] that i like and don't like so we're just,that i and don't so we're
MQjVIJkvNPY,ONE MONTH WORKING AT AMAZON WAREHOUSE: PROS & CONS,youtube,14,[28.40] gonna go through it all starting with,going to go through it all starting with
MQjVIJkvNPY,ONE MONTH WORKING AT AMAZON WAREHOUSE: PROS & CONS,youtube,15,[30.88] the pros first thing that i have is that,the pros first thing that i have is that
MQjVIJkvNPY,ONE MONTH WORKING AT AMAZON WAREHOUSE: PROS & CONS,youtube,16,[33.36] it's easy work currently i am a packer,it's easy work currently i am a packer
MQjVIJkvNPY,ONE MONTH WORKING AT AMAZON WAREHOUSE: PROS & CONS,youtube,17,[36.64] super easy grab a cart scan it scan the,super easy grab a cart scan it scan the
MQjVIJkvNPY,ONE MONTH WORKING AT AMAZON WAREHOUSE: PROS & CONS,youtube,18,[39.68] items put in a box tells you exactly,items put in a box tells you exactly
MQjVIJkvNPY,ONE MONTH WORKING AT AMAZON WAREHOUSE: PROS & CONS,youtube,19,[41.84] which box that you need tells you,which box that you need tells you
MQjVIJkvNPY,ONE MONTH WORKING AT AMAZON WAREHOUSE: PROS & CONS,youtube,20,[43.52] exactly what to scan pack it and then,exactly what to scan pack it and then
MQjVIJkvNPY,ONE MONTH WORKING AT AMAZON WAREHOUSE: PROS & CONS,youtube,21,[46.00] put it into the conveyor belt very,put it into the conveyor belt very
MQjVIJkvNPY,ONE MONTH WORKING AT AMAZON WAREHOUSE: PROS & CONS,youtube,22,[47.52] simple does not require any thinking at,simple does not require any thinking at
MQjVIJkvNPY,ONE MONTH WORKING AT AMAZON WAREHOUSE: PROS & CONS,youtube,23,[49.68] all the second thing i have is the pay,all the second thing i have is the pay
MQjVIJkvNPY,ONE MONTH WORKING AT AMAZON WAREHOUSE: PROS & CONS,youtube,24,[52.72] i think it has decent pay it's,i think it has decent pay it's
MQjVIJkvNPY,ONE MONTH WORKING AT AMAZON WAREHOUSE: PROS & CONS,youtube,25,[54.48] definitely not the best and it's,definitely not the best and it's
MQjVIJkvNPY,ONE MONTH WORKING AT AMAZON WAREHOUSE: PROS & CONS,youtube,26,[55.76] definitely not low it's right the middle,definitely not low it's right the middle
MQjVIJkvNPY,ONE MONTH WORKING AT AMAZON WAREHOUSE: PROS & CONS,youtube,27,[58.72] i think right now they're starting at 16,i think right now they're starting at 16
MQjVIJkvNPY,ONE MONTH WORKING AT AMAZON WAREHOUSE: PROS & CONS,youtube,28,[61.20] an hour but that also depends on your,an hour but that also depends on your
MQjVIJkvNPY,ONE MONTH WORKING AT AMAZON WAREHOUSE: PROS & CONS,youtube,29,[63.52] schedule in my specific facility,schedule in my specific facility
MQjVIJkvNPY,ONE MONTH WORKING AT AMAZON WAREHOUSE: PROS & CONS,youtube,30,[66.16] overnight people tend to get paid a,overnight people tend to get paid a
MQjVIJkvNPY,ONE MONTH WORKING AT AMAZON WAREHOUSE: PROS & CONS,youtube,31,[68.56] little bit more than the people who work,little bit more than the people who work
MQjVIJkvNPY,ONE MONTH WORKING AT AMAZON WAREHOUSE: PROS & CONS,youtube,32,[70.96] during the mornings,during the mornings
MQjVIJkvNPY,ONE MONTH WORKING AT AMAZON WAREHOUSE: PROS & CONS,youtube,33,[72.40] so,it depends on your facility and
MQjVIJkvNPY,ONE MONTH WORKING AT AMAZON WAREHOUSE: PROS & CONS,youtube,34,[73.20] it really depends on your facility and,to clear this up my pros and cons
MQjVIJkvNPY,ONE MONTH WORKING AT AMAZON WAREHOUSE: PROS & CONS,youtube,35,[75.68] just to clear this up my pros and cons,list is
MQjVIJkvNPY,ONE MONTH WORKING AT AMAZON WAREHOUSE: PROS & CONS,youtube,36,[78.56] list is,based on my facility it could be
MQjVIJkvNPY,ONE MONTH WORKING AT AMAZON WAREHOUSE: PROS & CONS,youtube,37,[80.32] based on my facility it could be,different for you it could be better it
MQjVIJkvNPY,ONE MONTH WORKING AT AMAZON WAREHOUSE: PROS & CONS,youtube,38,[82.64] different for you it could be better it,could be worse you could have a stricter
MQjVIJkvNPY,ONE MONTH WORKING AT AMAZON WAREHOUSE: PROS & CONS,youtube,39,[84.88] could be worse you could have a stricter,building but some buildings don't
MQjVIJkvNPY,ONE MONTH WORKING AT AMAZON WAREHOUSE: PROS & CONS,youtube,40,[87.04] building but some buildings don't really,care as much number three they have
MQjVIJkvNPY,ONE MONTH WORKING AT AMAZON WAREHOUSE: PROS & CONS,youtube,41,[89.20] care as much number three they have,great benefits i don't specifically
MQjVIJkvNPY,ONE MONTH WORKING AT AMAZON WAREHOUSE: PROS & CONS,youtube,42,[91.04] great benefits i don't specifically,remember all of them but i know that you
MQjVIJkvNPY,ONE MONTH WORKING AT AMAZON WAREHOUSE: PROS & CONS,youtube,43,[93.12] remember all of them but i know that you,get
MQjVIJkvNPY,ONE MONTH WORKING AT AMAZON WAREHOUSE: PROS & CONS,youtube,44,[95.44] get,eye care medical
MQjVIJkvNPY,ONE MONTH WORKING AT AMAZON WAREHOUSE: PROS & CONS,youtube,45,[96.24] eye care medical,they also have mental health lines 401k
MQjVIJkvNPY,ONE MONTH WORKING AT AMAZON WAREHOUSE: PROS & CONS,youtube,46,[98.00] they also have mental health lines 401k,you can search all those up on the
MQjVIJkvNPY,ONE MONTH WORKING AT AMAZON WAREHOUSE: PROS & CONS,youtube,47,[102.32] you can search all those up on the,website which i'll link down in the
MQjVIJkvNPY,ONE MONTH WORKING AT AMAZON WAREHOUSE: PROS & CONS,youtube,48,[104.32] website which i'll link down in the,description number four is having a good
MQjVIJkvNPY,ONE MONTH WORKING AT AMAZON WAREHOUSE: PROS & CONS,youtube,49,[105.84] description number four is having a good,schedule you work four days a week for
MQjVIJkvNPY,ONE MONTH WORKING AT AMAZON WAREHOUSE: PROS & CONS,youtube,50,[108.72] schedule you work four days a week for,10 hours i know for some people that's
MQjVIJkvNPY,ONE MONTH WORKING AT AMAZON WAREHOUSE: PROS & CONS,youtube,51,[111.12] 10 hours i know for some people that's,long but on the bright side
MQjVIJkvNPY,ONE MONTH WORKING AT AMAZON WAREHOUSE: PROS & CONS,youtube,52,[113.68] really long but on the bright side,you're only working four days a week
MQjVIJkvNPY,ONE MONTH WORKING AT AMAZON WAREHOUSE: PROS & CONS,youtube,53,[115.92] you're only working four days a week,obviously the schedules vary but
MQjVIJkvNPY,ONE MONTH WORKING AT AMAZON WAREHOUSE: PROS & CONS,youtube,54,[117.36] obviously the schedules vary but,from what i've heard they have sunday
MQjVIJkvNPY,ONE MONTH WORKING AT AMAZON WAREHOUSE: PROS & CONS,youtube,55,[119.84] from what i've heard they have sunday,monday tuesday wednesday monday tuesday
MQjVIJkvNPY,ONE MONTH WORKING AT AMAZON WAREHOUSE: PROS & CONS,youtube,56,[121.92] monday tuesday wednesday monday tuesday,thursday friday which is what they call
MQjVIJkvNPY,ONE MONTH WORKING AT AMAZON WAREHOUSE: PROS & CONS,youtube,57,[124.24] thursday friday which is what they call,the donut shift
MQjVIJkvNPY,ONE MONTH WORKING AT AMAZON WAREHOUSE: PROS & CONS,youtube,58,[126.00] the donut shift,and then they also have
MQjVIJkvNPY,ONE MONTH WORKING AT AMAZON WAREHOUSE: PROS & CONS,youtube,59,[127.52] and then they also have,i think wednesday thursday friday
MQjVIJkvNPY,ONE MONTH WORKING AT AMAZON WAREHOUSE: PROS & CONS,youtube,60,[129.76] i think wednesday thursday friday,saturday there could be more but
MQjVIJkvNPY,ONE MONTH WORKING AT AMAZON WAREHOUSE: PROS & CONS,youtube,61,[131.76] saturday there could be more but,that's what i've heard so far number
MQjVIJkvNPY,ONE MONTH WORKING AT AMAZON WAREHOUSE: PROS & CONS,youtube,62,[134.32] that's what i've heard so far number,four is the breaks i how i go in
MQjVIJkvNPY,ONE MONTH WORKING AT AMAZON WAREHOUSE: PROS & CONS,youtube,63,[136.80] four is the breaks i like how i go in,work for three hours take a 30 minute
MQjVIJkvNPY,ONE MONTH WORKING AT AMAZON WAREHOUSE: PROS & CONS,youtube,64,[140.80] work for three hours take a 30 minute,break for lunch come back work for
MQjVIJkvNPY,ONE MONTH WORKING AT AMAZON WAREHOUSE: PROS & CONS,youtube,65,[142.96] break for lunch come back work for,another three hours
MQjVIJkvNPY,ONE MONTH WORKING AT AMAZON WAREHOUSE: PROS & CONS,youtube,66,[144.64] another three hours,take another 30 minute break and then
MQjVIJkvNPY,ONE MONTH WORKING AT AMAZON WAREHOUSE: PROS & CONS,youtube,67,[146.40] take another 30 minute break and then,this one is paid right now with covid
MQjVIJkvNPY,ONE MONTH WORKING AT AMAZON WAREHOUSE: PROS & CONS,youtube,68,[148.40] this one is paid right now with covid,i'm sure
MQjVIJkvNPY,ONE MONTH WORKING AT AMAZON WAREHOUSE: PROS & CONS,youtube,69,[150.88] i'm pretty sure,all the facilities are doing it on a
MQjVIJkvNPY,ONE MONTH WORKING AT AMAZON WAREHOUSE: PROS & CONS,youtube,70,[152.56] all the facilities are doing it on a,schedule i heard that before you get two
MQjVIJkvNPY,ONE MONTH WORKING AT AMAZON WAREHOUSE: PROS & CONS,youtube,71,[155.12] schedule i heard that before you get two,15-minute breaks that you could take
MQjVIJkvNPY,ONE MONTH WORKING AT AMAZON WAREHOUSE: PROS & CONS,youtube,72,[158.00] 15-minute breaks that you could take,whenever you want but right now they are
MQjVIJkvNPY,ONE MONTH WORKING AT AMAZON WAREHOUSE: PROS & CONS,youtube,73,[159.68] whenever you want but right now they are,trying to limit the people in the
MQjVIJkvNPY,ONE MONTH WORKING AT AMAZON WAREHOUSE: PROS & CONS,youtube,74,[161.84] trying to limit the people in the,cafeteria obviously and the break rooms
MQjVIJkvNPY,ONE MONTH WORKING AT AMAZON WAREHOUSE: PROS & CONS,youtube,75,[163.36] cafeteria obviously and the break rooms,so there aren't too many people there at
MQjVIJkvNPY,ONE MONTH WORKING AT AMAZON WAREHOUSE: PROS & CONS,youtube,76,[165.84] so there aren't too many people there at,once another pro is if you shop on
MQjVIJkvNPY,ONE MONTH WORKING AT AMAZON WAREHOUSE: PROS & CONS,youtube,77,[168.32] once another pro is if you shop on,amazon a lot mia you get a 10
MQjVIJkvNPY,ONE MONTH WORKING AT AMAZON WAREHOUSE: PROS & CONS,youtube,78,[171.68] amazon a lot like mia you get a 10,discount
MQjVIJkvNPY,ONE MONTH WORKING AT AMAZON WAREHOUSE: PROS & CONS,youtube,79,[175.44] discount,i know it doesn't sound a lot we
MQjVIJkvNPY,ONE MONTH WORKING AT AMAZON WAREHOUSE: PROS & CONS,youtube,80,[176.72] i know it doesn't sound like a lot we,don't get amazon prime for free if
MQjVIJkvNPY,ONE MONTH WORKING AT AMAZON WAREHOUSE: PROS & CONS,youtube,81,[178.56] don't get amazon prime for free if,you're wondering but a dollar
MQjVIJkvNPY,ONE MONTH WORKING AT AMAZON WAREHOUSE: PROS & CONS,youtube,82,[180.40] you're wondering but you know a dollar,two
MQjVIJkvNPY,ONE MONTH WORKING AT AMAZON WAREHOUSE: PROS & CONS,youtube,83,[182.32] two,three maybe more depending on what
MQjVIJkvNPY,ONE MONTH WORKING AT AMAZON WAREHOUSE: PROS & CONS,youtube,84,[183.12] three maybe more depending on what,you're buying i feel it's a great
MQjVIJkvNPY,ONE MONTH WORKING AT AMAZON WAREHOUSE: PROS & CONS,youtube,85,[185.44] you're buying i feel like it's a great,difference i could use that dollar for
MQjVIJkvNPY,ONE MONTH WORKING AT AMAZON WAREHOUSE: PROS & CONS,youtube,86,[187.12] difference i could use that dollar for,else another thing is
MQjVIJkvNPY,ONE MONTH WORKING AT AMAZON WAREHOUSE: PROS & CONS,youtube,87,[188.56] something else you know another thing is,that we get paid weekly we get paid on
MQjVIJkvNPY,ONE MONTH WORKING AT AMAZON WAREHOUSE: PROS & CONS,youtube,88,[190.56] that we get paid weekly we get paid on,fridays every single week ptos this is
MQjVIJkvNPY,ONE MONTH WORKING AT AMAZON WAREHOUSE: PROS & CONS,youtube,89,[193.04] fridays every single week ptos this is,paid time off you get time as you're
MQjVIJkvNPY,ONE MONTH WORKING AT AMAZON WAREHOUSE: PROS & CONS,youtube,90,[196.24] paid time off you get time as you're,working i'm not completely sure
MQjVIJkvNPY,ONE MONTH WORKING AT AMAZON WAREHOUSE: PROS & CONS,youtube,91,[198.72] working i'm not completely sure,how it works i don't know how much
MQjVIJkvNPY,ONE MONTH WORKING AT AMAZON WAREHOUSE: PROS & CONS,youtube,92,[201.60] how it works like i don't know how much,time you get for
MQjVIJkvNPY,ONE MONTH WORKING AT AMAZON WAREHOUSE: PROS & CONS,youtube,93,[204.40] time you get for,the amount of hours that you work but
MQjVIJkvNPY,ONE MONTH WORKING AT AMAZON WAREHOUSE: PROS & CONS,youtube,94,[205.76] the amount of hours that you work but,you can use this to maybe come into work
MQjVIJkvNPY,ONE MONTH WORKING AT AMAZON WAREHOUSE: PROS & CONS,youtube,95,[207.28] you can use this to maybe come into work,an hour later
MQjVIJkvNPY,ONE MONTH WORKING AT AMAZON WAREHOUSE: PROS & CONS,youtube,96,[209.68] an hour later,leave work earlier or maybe take a day
MQjVIJkvNPY,ONE MONTH WORKING AT AMAZON WAREHOUSE: PROS & CONS,youtube,97,[211.04] leave work earlier or maybe take a day,off if you have enough for that so far
MQjVIJkvNPY,ONE MONTH WORKING AT AMAZON WAREHOUSE: PROS & CONS,youtube,98,[213.92] off if you have enough for that so far,everyone that i've met is nice
MQjVIJkvNPY,ONE MONTH WORKING AT AMAZON WAREHOUSE: PROS & CONS,youtube,99,[216.40] everyone that i've met is really nice,very helpful
MQjVIJkvNPY,ONE MONTH WORKING AT AMAZON WAREHOUSE: PROS & CONS,youtube,100,[218.96] very helpful,especially during my first and second
MQjVIJkvNPY,ONE MONTH WORKING AT AMAZON WAREHOUSE: PROS & CONS,youtube,101,[220.32] especially during my first and second,week they were showing me around on
MQjVIJkvNPY,ONE MONTH WORKING AT AMAZON WAREHOUSE: PROS & CONS,youtube,102,[222.32] week they were just showing me around on,what to do
MQjVIJkvNPY,ONE MONTH WORKING AT AMAZON WAREHOUSE: PROS & CONS,youtube,103,[225.28] what to do,how to not overwork myself
MQjVIJkvNPY,ONE MONTH WORKING AT AMAZON WAREHOUSE: PROS & CONS,youtube,104,[226.48] how to not overwork myself,and stuff that another pro is that
MQjVIJkvNPY,ONE MONTH WORKING AT AMAZON WAREHOUSE: PROS & CONS,youtube,105,[228.88] and stuff like that another pro is that,there's no dress code you can
MQjVIJkvNPY,ONE MONTH WORKING AT AMAZON WAREHOUSE: PROS & CONS,youtube,106,[231.28] there's basically no dress code you can,wear you want
MQjVIJkvNPY,ONE MONTH WORKING AT AMAZON WAREHOUSE: PROS & CONS,youtube,107,[233.12] basically wear whatever you want,obviously it has to be appropriate and
MQjVIJkvNPY,ONE MONTH WORKING AT AMAZON WAREHOUSE: PROS & CONS,youtube,108,[234.88] obviously it has to be appropriate and,the last thing on my list is
MQjVIJkvNPY,ONE MONTH WORKING AT AMAZON WAREHOUSE: PROS & CONS,youtube,109,[237.12] the last thing on my list is,that they added recently which
MQjVIJkvNPY,ONE MONTH WORKING AT AMAZON WAREHOUSE: PROS & CONS,youtube,110,[239.68] something that they added recently which,is they pay i think 95 of your tuition
MQjVIJkvNPY,ONE MONTH WORKING AT AMAZON WAREHOUSE: PROS & CONS,youtube,111,[242.32] is they pay i think 95 of your tuition,if you're working full time at amazon
MQjVIJkvNPY,ONE MONTH WORKING AT AMAZON WAREHOUSE: PROS & CONS,youtube,112,[246.32] if you're working full time at amazon,plus they will work around your school
MQjVIJkvNPY,ONE MONTH WORKING AT AMAZON WAREHOUSE: PROS & CONS,youtube,113,[248.72] plus they will work around your school,schedule
MQjVIJkvNPY,ONE MONTH WORKING AT AMAZON WAREHOUSE: PROS & CONS,youtube,114,[250.40] schedule,so they could give you
MQjVIJkvNPY,ONE MONTH WORKING AT AMAZON WAREHOUSE: PROS & CONS,youtube,115,[251.44] so they could give you,a schedule to where you could go to
MQjVIJkvNPY,ONE MONTH WORKING AT AMAZON WAREHOUSE: PROS & CONS,youtube,116,[253.12] a schedule to where you could go to,school and also work at amazon so i
MQjVIJkvNPY,ONE MONTH WORKING AT AMAZON WAREHOUSE: PROS & CONS,youtube,117,[254.96] school and also work at amazon so i,think that's a great benefit right now i
MQjVIJkvNPY,ONE MONTH WORKING AT AMAZON WAREHOUSE: PROS & CONS,youtube,118,[258.24] think that's a great benefit right now i,am seasonal so i don't get any of those
MQjVIJkvNPY,ONE MONTH WORKING AT AMAZON WAREHOUSE: PROS & CONS,youtube,119,[260.56] am seasonal so i don't get any of those,benefits but when i do if i do
MQjVIJkvNPY,ONE MONTH WORKING AT AMAZON WAREHOUSE: PROS & CONS,youtube,120,[262.72] benefits but when i do if i do,transfer to a blue badge then that's
MQjVIJkvNPY,ONE MONTH WORKING AT AMAZON WAREHOUSE: PROS & CONS,youtube,121,[266.48] transfer to a blue badge then that's,definitely a good perk now
MQjVIJkvNPY,ONE MONTH WORKING AT AMAZON WAREHOUSE: PROS & CONS,youtube,122,[268.80] definitely a good perk now,on to the cons first things first is
MQjVIJkvNPY,ONE MONTH WORKING AT AMAZON WAREHOUSE: PROS & CONS,youtube,123,[271.60] on to the cons first things first is,that you're on your feet constantly
MQjVIJkvNPY,ONE MONTH WORKING AT AMAZON WAREHOUSE: PROS & CONS,youtube,124,[275.20] that you're on your feet constantly,moving for 10 hours the work is very
MQjVIJkvNPY,ONE MONTH WORKING AT AMAZON WAREHOUSE: PROS & CONS,youtube,125,[277.12] moving for 10 hours the work is very,repetitive you're doing the exact same
MQjVIJkvNPY,ONE MONTH WORKING AT AMAZON WAREHOUSE: PROS & CONS,youtube,126,[280.72] repetitive you're doing the exact same,thing
MQjVIJkvNPY,ONE MONTH WORKING AT AMAZON WAREHOUSE: PROS & CONS,youtube,127,[282.96] thing,that it could
MQjVIJkvNPY,ONE MONTH WORKING AT AMAZON WAREHOUSE: PROS & CONS,youtube,128,[283.76] that it could,get boring sometimes
MQjVIJkvNPY,ONE MONTH WORKING AT AMAZON WAREHOUSE: PROS & CONS,youtube,129,[285.44] get boring sometimes,and in my facility we are not allowed to
MQjVIJkvNPY,ONE MONTH WORKING AT AMAZON WAREHOUSE: PROS & CONS,youtube,130,[287.28] and in my facility we are not allowed to,wear headphones so
MQjVIJkvNPY,ONE MONTH WORKING AT AMAZON WAREHOUSE: PROS & CONS,youtube,131,[290.00] wear headphones so,all you hear is the beeping sounds of
MQjVIJkvNPY,ONE MONTH WORKING AT AMAZON WAREHOUSE: PROS & CONS,youtube,132,[292.00] all you hear is the beeping sounds of,when you scan items another thing is
MQjVIJkvNPY,ONE MONTH WORKING AT AMAZON WAREHOUSE: PROS & CONS,youtube,133,[294.88] when you scan items another thing is,that since it is a fast-paced
MQjVIJkvNPY,ONE MONTH WORKING AT AMAZON WAREHOUSE: PROS & CONS,youtube,134,[297.52] that since it is a fast-paced,environment it gets hot i don't
MQjVIJkvNPY,ONE MONTH WORKING AT AMAZON WAREHOUSE: PROS & CONS,youtube,135,[299.76] environment it gets pretty hot i don't,know i don't think they have ac it
MQjVIJkvNPY,ONE MONTH WORKING AT AMAZON WAREHOUSE: PROS & CONS,youtube,136,[303.04] know i don't think they have ac it,sure they keep it room
MQjVIJkvNPY,ONE MONTH WORKING AT AMAZON WAREHOUSE: PROS & CONS,youtube,137,[305.44] pretty sure they just keep it room,temperature so when you're moving around
MQjVIJkvNPY,ONE MONTH WORKING AT AMAZON WAREHOUSE: PROS & CONS,youtube,138,[307.04] temperature so when you're moving around,a lot lifting heavy things
MQjVIJkvNPY,ONE MONTH WORKING AT AMAZON WAREHOUSE: PROS & CONS,youtube,139,[309.28] a lot lifting heavy things,it gets hot and that's another
MQjVIJkvNPY,ONE MONTH WORKING AT AMAZON WAREHOUSE: PROS & CONS,youtube,140,[311.68] it gets really hot and that's another,thing by the way you will be lifting a
MQjVIJkvNPY,ONE MONTH WORKING AT AMAZON WAREHOUSE: PROS & CONS,youtube,141,[313.28] thing by the way you will be lifting a,lot of heavy items cat litter
MQjVIJkvNPY,ONE MONTH WORKING AT AMAZON WAREHOUSE: PROS & CONS,youtube,142,[315.60] lot of heavy items like cat litter,dog food pounds of paper you guys i did
MQjVIJkvNPY,ONE MONTH WORKING AT AMAZON WAREHOUSE: PROS & CONS,youtube,143,[318.96] dog food pounds of paper you guys i did,not know cat litter and dog food could
MQjVIJkvNPY,ONE MONTH WORKING AT AMAZON WAREHOUSE: PROS & CONS,youtube,144,[322.48] not know cat litter and dog food could,get that heavy but it does it's
MQjVIJkvNPY,ONE MONTH WORKING AT AMAZON WAREHOUSE: PROS & CONS,youtube,145,[324.56] get that heavy but it does it's,definitely to consider
MQjVIJkvNPY,ONE MONTH WORKING AT AMAZON WAREHOUSE: PROS & CONS,youtube,146,[327.20] definitely something to consider,especially if you're not used to it if
MQjVIJkvNPY,ONE MONTH WORKING AT AMAZON WAREHOUSE: PROS & CONS,youtube,147,[329.04] especially if you're not used to it if,you're strong and you go to the gym and
MQjVIJkvNPY,ONE MONTH WORKING AT AMAZON WAREHOUSE: PROS & CONS,youtube,148,[331.60] you're strong and you go to the gym and,you lift a lot then good for you but
MQjVIJkvNPY,ONE MONTH WORKING AT AMAZON WAREHOUSE: PROS & CONS,youtube,149,[333.20] you lift a lot then good for you but,if you're skinny don't have much muscles
MQjVIJkvNPY,ONE MONTH WORKING AT AMAZON WAREHOUSE: PROS & CONS,youtube,150,[336.64] if you're skinny don't have much muscles,then you might want to consider it okay
MQjVIJkvNPY,ONE MONTH WORKING AT AMAZON WAREHOUSE: PROS & CONS,youtube,151,[339.28] like me,so along with it being fast paced you
MQjVIJkvNPY,ONE MONTH WORKING AT AMAZON WAREHOUSE: PROS & CONS,youtube,152,[340.40] then you might want to consider it okay,also have rates that you need to hit for
MQjVIJkvNPY,ONE MONTH WORKING AT AMAZON WAREHOUSE: PROS & CONS,youtube,153,[343.12] so along with it being fast paced you,my facility singles is 60
MQjVIJkvNPY,ONE MONTH WORKING AT AMAZON WAREHOUSE: PROS & CONS,youtube,154,[345.76] also have rates that you need to hit for,items and i think multi is 120 but
MQjVIJkvNPY,ONE MONTH WORKING AT AMAZON WAREHOUSE: PROS & CONS,youtube,155,[348.72] my facility singles is 60,let me say
MQjVIJkvNPY,ONE MONTH WORKING AT AMAZON WAREHOUSE: PROS & CONS,youtube,156,[352.56] items and i think multi is like 120 but,not everyone hits it our average is
MQjVIJkvNPY,ONE MONTH WORKING AT AMAZON WAREHOUSE: PROS & CONS,youtube,157,[356.16] let me just say,maybe even 48 45 sometimes another con
MQjVIJkvNPY,ONE MONTH WORKING AT AMAZON WAREHOUSE: PROS & CONS,youtube,158,[358.40] not everyone hits it our average is like,is the turnover rates are very high
MQjVIJkvNPY,ONE MONTH WORKING AT AMAZON WAREHOUSE: PROS & CONS,youtube,159,[362.24] 50,especially for younger people i'm 21 and
MQjVIJkvNPY,ONE MONTH WORKING AT AMAZON WAREHOUSE: PROS & CONS,youtube,160,[363.84] maybe even 48 45 sometimes another con,let me tell you
MQjVIJkvNPY,ONE MONTH WORKING AT AMAZON WAREHOUSE: PROS & CONS,youtube,161,[368.00] is the turnover rates are very high,it's very rare for me to meet someone
MQjVIJkvNPY,ONE MONTH WORKING AT AMAZON WAREHOUSE: PROS & CONS,youtube,162,[371.04] especially for younger people i'm 21 and,that are in the same age range as me
MQjVIJkvNPY,ONE MONTH WORKING AT AMAZON WAREHOUSE: PROS & CONS,youtube,163,[374.56] let me just tell you,most people are 26 and over
MQjVIJkvNPY,ONE MONTH WORKING AT AMAZON WAREHOUSE: PROS & CONS,youtube,164,[376.32] it's very rare for me to meet someone,there's a lot of people in their
MQjVIJkvNPY,ONE MONTH WORKING AT AMAZON WAREHOUSE: PROS & CONS,youtube,165,[378.80] that are in the same age range as me,40s mid 40s i think i've only met
MQjVIJkvNPY,ONE MONTH WORKING AT AMAZON WAREHOUSE: PROS & CONS,youtube,166,[381.44] most people are like 26 and over,one or two people that are
MQjVIJkvNPY,ONE MONTH WORKING AT AMAZON WAREHOUSE: PROS & CONS,youtube,167,[385.36] there's a lot of people in their,around my age another thing is that the
MQjVIJkvNPY,ONE MONTH WORKING AT AMAZON WAREHOUSE: PROS & CONS,youtube,168,[388.16] 40s mid 40s i think i've only really met,job could get exhausting i was
MQjVIJkvNPY,ONE MONTH WORKING AT AMAZON WAREHOUSE: PROS & CONS,youtube,169,[391.52] one or two people that are,talking about earlier it's fast paced
MQjVIJkvNPY,ONE MONTH WORKING AT AMAZON WAREHOUSE: PROS & CONS,youtube,170,[393.84] around my age another thing is that the,you're always moving you're always doing
MQjVIJkvNPY,ONE MONTH WORKING AT AMAZON WAREHOUSE: PROS & CONS,youtube,171,[396.80] job could get exhausting like i was,which
MQjVIJkvNPY,ONE MONTH WORKING AT AMAZON WAREHOUSE: PROS & CONS,youtube,172,[399.36] talking about earlier it's fast paced,sometimes could be a good thing for some
MQjVIJkvNPY,ONE MONTH WORKING AT AMAZON WAREHOUSE: PROS & CONS,youtube,173,[401.36] you're always moving you're always doing,people but 10 hours of doing that
MQjVIJkvNPY,ONE MONTH WORKING AT AMAZON WAREHOUSE: PROS & CONS,youtube,174,[402.88] something which,could be a lot we get into work at 7 30
MQjVIJkvNPY,ONE MONTH WORKING AT AMAZON WAREHOUSE: PROS & CONS,youtube,175,[404.64] sometimes could be a good thing for some,leave at 6 pm we don't have much
MQjVIJkvNPY,ONE MONTH WORKING AT AMAZON WAREHOUSE: PROS & CONS,youtube,176,[407.04] people but 10 hours of doing that,time
MQjVIJkvNPY,ONE MONTH WORKING AT AMAZON WAREHOUSE: PROS & CONS,youtube,177,[411.28] could be a lot we get into work at 7 30,after work to enjoy ourselves
MQjVIJkvNPY,ONE MONTH WORKING AT AMAZON WAREHOUSE: PROS & CONS,youtube,178,[414.40] leave at 6 pm we don't really have much,have a good work and life balance
MQjVIJkvNPY,ONE MONTH WORKING AT AMAZON WAREHOUSE: PROS & CONS,youtube,179,[417.92] time,because i get home exhausted my feet
MQjVIJkvNPY,ONE MONTH WORKING AT AMAZON WAREHOUSE: PROS & CONS,youtube,180,[418.88] after work to you know enjoy ourselves,hurt very tired because i don't get
MQjVIJkvNPY,ONE MONTH WORKING AT AMAZON WAREHOUSE: PROS & CONS,youtube,181,[421.84] have like a good work and life balance,enough sleep from the night before
MQjVIJkvNPY,ONE MONTH WORKING AT AMAZON WAREHOUSE: PROS & CONS,youtube,182,[424.64] because i get home exhausted my feet,i only have from let's say seven
MQjVIJkvNPY,ONE MONTH WORKING AT AMAZON WAREHOUSE: PROS & CONS,youtube,183,[427.84] hurt very tired because i don't get,o'clock to 10 o'clock to do
MQjVIJkvNPY,ONE MONTH WORKING AT AMAZON WAREHOUSE: PROS & CONS,youtube,184,[430.56] enough sleep from the night before,what i have to do which three hours
MQjVIJkvNPY,ONE MONTH WORKING AT AMAZON WAREHOUSE: PROS & CONS,youtube,185,[433.28] so,is not a lot but that's all you
MQjVIJkvNPY,ONE MONTH WORKING AT AMAZON WAREHOUSE: PROS & CONS,youtube,186,[434.16] i only really have from let's say seven,get if you still want to get a
MQjVIJkvNPY,ONE MONTH WORKING AT AMAZON WAREHOUSE: PROS & CONS,youtube,187,[437.36] o'clock to 10 o'clock to do,good amount of sleep okay one last thing
MQjVIJkvNPY,ONE MONTH WORKING AT AMAZON WAREHOUSE: PROS & CONS,youtube,188,[440.16] what i have to do which three hours,and this is the biggest thing i've
MQjVIJkvNPY,ONE MONTH WORKING AT AMAZON WAREHOUSE: PROS & CONS,youtube,189,[443.20] is really not a lot but that's all you,noticed
MQjVIJkvNPY,ONE MONTH WORKING AT AMAZON WAREHOUSE: PROS & CONS,youtube,190,[445.44] really get if you still want to get a,is that amazon is the most unorganized
MQjVIJkvNPY,ONE MONTH WORKING AT AMAZON WAREHOUSE: PROS & CONS,youtube,191,[447.52] good amount of sleep okay one last thing,company
MQjVIJkvNPY,ONE MONTH WORKING AT AMAZON WAREHOUSE: PROS & CONS,youtube,192,[449.84] and this is the biggest thing i've,i've ever worked for i noticed this the
MQjVIJkvNPY,ONE MONTH WORKING AT AMAZON WAREHOUSE: PROS & CONS,youtube,193,[452.08] noticed,first week that i started working it got
MQjVIJkvNPY,ONE MONTH WORKING AT AMAZON WAREHOUSE: PROS & CONS,youtube,194,[453.12] is that amazon is the most unorganized,worse as time went on this is going to go
MQjVIJkvNPY,ONE MONTH WORKING AT AMAZON WAREHOUSE: PROS & CONS,youtube,195,[457.04] company,in multiple topics but we're going to start
MQjVIJkvNPY,ONE MONTH WORKING AT AMAZON WAREHOUSE: PROS & CONS,youtube,196,[458.56] i've ever worked for i noticed this the,off with
MQjVIJkvNPY,ONE MONTH WORKING AT AMAZON WAREHOUSE: PROS & CONS,youtube,197,[460.72] first week that i started working it got,coming into work there's this
MQjVIJkvNPY,ONE MONTH WORKING AT AMAZON WAREHOUSE: PROS & CONS,youtube,198,[463.52] worse as time went on this is gonna go,board which tells you which station
MQjVIJkvNPY,ONE MONTH WORKING AT AMAZON WAREHOUSE: PROS & CONS,youtube,199,[466.24] in multiple topics but we're gonna start,you're going to be in for the day most of
MQjVIJkvNPY,ONE MONTH WORKING AT AMAZON WAREHOUSE: PROS & CONS,youtube,200,[469.28] off with,the time it's already done but you have
MQjVIJkvNPY,ONE MONTH WORKING AT AMAZON WAREHOUSE: PROS & CONS,youtube,201,[471.04] coming into work basically there's this,the other employees that are not on the
MQjVIJkvNPY,ONE MONTH WORKING AT AMAZON WAREHOUSE: PROS & CONS,youtube,202,[473.12] board which tells you which station,board they don't know
MQjVIJkvNPY,ONE MONTH WORKING AT AMAZON WAREHOUSE: PROS & CONS,youtube,203,[475.92] you're gonna be in for the day most of,when
MQjVIJkvNPY,ONE MONTH WORKING AT AMAZON WAREHOUSE: PROS & CONS,youtube,204,[478.24] the time it's already done but you have,they're going to be overstaffed until
MQjVIJkvNPY,ONE MONTH WORKING AT AMAZON WAREHOUSE: PROS & CONS,youtube,205,[481.20] the other employees that are not on the,we get there they have too many workers
MQjVIJkvNPY,ONE MONTH WORKING AT AMAZON WAREHOUSE: PROS & CONS,youtube,206,[483.36] board they don't know,and not enough spots during this time
MQjVIJkvNPY,ONE MONTH WORKING AT AMAZON WAREHOUSE: PROS & CONS,youtube,207,[485.52] when,it's peak season coming up they're
MQjVIJkvNPY,ONE MONTH WORKING AT AMAZON WAREHOUSE: PROS & CONS,youtube,208,[486.48] they're going to be overstaffed until,constantly hiring every single week
MQjVIJkvNPY,ONE MONTH WORKING AT AMAZON WAREHOUSE: PROS & CONS,youtube,209,[489.12] we get there they have too many workers,which only puts out more people
MQjVIJkvNPY,ONE MONTH WORKING AT AMAZON WAREHOUSE: PROS & CONS,youtube,210,[491.68] and not enough spots during this time,to overstaff so when overstaffing
MQjVIJkvNPY,ONE MONTH WORKING AT AMAZON WAREHOUSE: PROS & CONS,youtube,211,[494.24] it's peak season coming up they're,happens usually they send out bto which
MQjVIJkvNPY,ONE MONTH WORKING AT AMAZON WAREHOUSE: PROS & CONS,youtube,212,[496.16] constantly hiring every single week,is voluntary time off it's a choice you
MQjVIJkvNPY,ONE MONTH WORKING AT AMAZON WAREHOUSE: PROS & CONS,youtube,213,[498.56] which only puts out more people,could take it or you could stand around
MQjVIJkvNPY,ONE MONTH WORKING AT AMAZON WAREHOUSE: PROS & CONS,youtube,214,[501.52] to overstaff so when overstaffing,and see what work they would offer you
MQjVIJkvNPY,ONE MONTH WORKING AT AMAZON WAREHOUSE: PROS & CONS,youtube,215,[504.64] happens usually they send out bto which,to do what sucks about it is
MQjVIJkvNPY,ONE MONTH WORKING AT AMAZON WAREHOUSE: PROS & CONS,youtube,216,[507.28] is voluntary time off it's a choice you,driving to work 35 minutes
MQjVIJkvNPY,ONE MONTH WORKING AT AMAZON WAREHOUSE: PROS & CONS,youtube,217,[509.76] could take it or you could stand around,to be sent home and drive that 35
MQjVIJkvNPY,ONE MONTH WORKING AT AMAZON WAREHOUSE: PROS & CONS,youtube,218,[511.76] and see what work they would offer you,minutes back
MQjVIJkvNPY,ONE MONTH WORKING AT AMAZON WAREHOUSE: PROS & CONS,youtube,219,[513.52] to do what sucks about it is,when they could have sent out the
MQjVIJkvNPY,ONE MONTH WORKING AT AMAZON WAREHOUSE: PROS & CONS,youtube,220,[516.64] me,vto
MQjVIJkvNPY,ONE MONTH WORKING AT AMAZON WAREHOUSE: PROS & CONS,youtube,221,[517.44] driving to work 35 minutes,before we're there i don't know
MQjVIJkvNPY,ONE MONTH WORKING AT AMAZON WAREHOUSE: PROS & CONS,youtube,222,[520.96] just to be sent home and drive that 35,they probably have some reason for
MQjVIJkvNPY,ONE MONTH WORKING AT AMAZON WAREHOUSE: PROS & CONS,youtube,223,[524.00] minutes back,it but i don't understand
MQjVIJkvNPY,ONE MONTH WORKING AT AMAZON WAREHOUSE: PROS & CONS,youtube,224,[525.36] when they could have just sent out the,why they do it that way
MQjVIJkvNPY,ONE MONTH WORKING AT AMAZON WAREHOUSE: PROS & CONS,youtube,225,[526.96] vto,and yes
MQjVIJkvNPY,ONE MONTH WORKING AT AMAZON WAREHOUSE: PROS & CONS,youtube,226,[528.72] before we're there you know i don't know,i could stay at work but here's the
MQjVIJkvNPY,ONE MONTH WORKING AT AMAZON WAREHOUSE: PROS & CONS,youtube,227,[531.28] they probably have some like reason for,thing i get stuck in the most ridiculous
MQjVIJkvNPY,ONE MONTH WORKING AT AMAZON WAREHOUSE: PROS & CONS,youtube,228,[533.52] it but i just don't really understand,and unnecessary work there have been
MQjVIJkvNPY,ONE MONTH WORKING AT AMAZON WAREHOUSE: PROS & CONS,youtube,229,[535.60] why they do it that way,many times where i choose to stay
MQjVIJkvNPY,ONE MONTH WORKING AT AMAZON WAREHOUSE: PROS & CONS,youtube,230,[537.20] and yes,because i need the money and guess what
MQjVIJkvNPY,ONE MONTH WORKING AT AMAZON WAREHOUSE: PROS & CONS,youtube,231,[538.32] i could just stay at work but here's the,they wanted me to do if you guys watched
MQjVIJkvNPY,ONE MONTH WORKING AT AMAZON WAREHOUSE: PROS & CONS,youtube,232,[540.72] thing i get stuck in the most ridiculous,my previous vlogs i've already talked
MQjVIJkvNPY,ONE MONTH WORKING AT AMAZON WAREHOUSE: PROS & CONS,youtube,233,[543.52] and unnecessary work there have been,about this but
MQjVIJkvNPY,ONE MONTH WORKING AT AMAZON WAREHOUSE: PROS & CONS,youtube,234,[545.60] many times where i choose to stay,scraping tapes
MQjVIJkvNPY,ONE MONTH WORKING AT AMAZON WAREHOUSE: PROS & CONS,youtube,235,[547.68] because i need the money and guess what,off the ground which doesn't sound bad
MQjVIJkvNPY,ONE MONTH WORKING AT AMAZON WAREHOUSE: PROS & CONS,youtube,236,[549.84] they wanted me to do if you guys watched,at all
MQjVIJkvNPY,ONE MONTH WORKING AT AMAZON WAREHOUSE: PROS & CONS,youtube,237,[551.76] my previous vlogs i've already talked,but
MQjVIJkvNPY,ONE MONTH WORKING AT AMAZON WAREHOUSE: PROS & CONS,youtube,238,[553.52] about this but,i had that scraper one day
MQjVIJkvNPY,ONE MONTH WORKING AT AMAZON WAREHOUSE: PROS & CONS,youtube,239,[554.80] scraping tapes,scraped it
MQjVIJkvNPY,ONE MONTH WORKING AT AMAZON WAREHOUSE: PROS & CONS,youtube,240,[556.24] off the ground which doesn't sound bad,and it is hard to take off it doesn't
MQjVIJkvNPY,ONE MONTH WORKING AT AMAZON WAREHOUSE: PROS & CONS,youtube,241,[558.72] at all,smoothly glides off and you can't
MQjVIJkvNPY,ONE MONTH WORKING AT AMAZON WAREHOUSE: PROS & CONS,youtube,242,[559.60] but,take the tape and peel it
MQjVIJkvNPY,ONE MONTH WORKING AT AMAZON WAREHOUSE: PROS & CONS,youtube,243,[560.72] i had that scraper one day,yourself either because
MQjVIJkvNPY,ONE MONTH WORKING AT AMAZON WAREHOUSE: PROS & CONS,youtube,244,[563.36] scraped it,people walk over it all those
MQjVIJkvNPY,ONE MONTH WORKING AT AMAZON WAREHOUSE: PROS & CONS,youtube,245,[564.72] and it is hard to take off it doesn't,trucks thing drive over it and it
MQjVIJkvNPY,ONE MONTH WORKING AT AMAZON WAREHOUSE: PROS & CONS,youtube,246,[567.92] like smoothly glides off and you can't,peels off if you get what i'm saying
MQjVIJkvNPY,ONE MONTH WORKING AT AMAZON WAREHOUSE: PROS & CONS,youtube,247,[570.00] take the tape and like you know peel it,imagine doing that for 10 hours
MQjVIJkvNPY,ONE MONTH WORKING AT AMAZON WAREHOUSE: PROS & CONS,youtube,248,[572.40] yourself either because,no thank you
MQjVIJkvNPY,ONE MONTH WORKING AT AMAZON WAREHOUSE: PROS & CONS,youtube,249,[574.64] people walk over it um all those like,what are some other things that they
MQjVIJkvNPY,ONE MONTH WORKING AT AMAZON WAREHOUSE: PROS & CONS,youtube,250,[577.04] trucks thing drive over it and it like,wanted me to do washing harnesses
MQjVIJkvNPY,ONE MONTH WORKING AT AMAZON WAREHOUSE: PROS & CONS,youtube,251,[580.00] peels off if you get what i'm saying,never done that but i was told that and
MQjVIJkvNPY,ONE MONTH WORKING AT AMAZON WAREHOUSE: PROS & CONS,youtube,252,[582.40] imagine doing that for 10 hours,i immediately went back and said i'll
MQjVIJkvNPY,ONE MONTH WORKING AT AMAZON WAREHOUSE: PROS & CONS,youtube,253,[584.64] no thank you,take the vto and go home i don't
MQjVIJkvNPY,ONE MONTH WORKING AT AMAZON WAREHOUSE: PROS & CONS,youtube,254,[585.92] um what are some other things that they,want to make it sound i'm
MQjVIJkvNPY,ONE MONTH WORKING AT AMAZON WAREHOUSE: PROS & CONS,youtube,255,[587.92] wanted me to do washing harnesses,complaining but
MQjVIJkvNPY,ONE MONTH WORKING AT AMAZON WAREHOUSE: PROS & CONS,youtube,256,[591.28] never done that but i was told that and,realistically if i
MQjVIJkvNPY,ONE MONTH WORKING AT AMAZON WAREHOUSE: PROS & CONS,youtube,257,[593.28] i immediately went back and said i'll,got the job as a packer i should be
MQjVIJkvNPY,ONE MONTH WORKING AT AMAZON WAREHOUSE: PROS & CONS,youtube,258,[595.52] just take the vto and go home i don't,packing not all these other
MQjVIJkvNPY,ONE MONTH WORKING AT AMAZON WAREHOUSE: PROS & CONS,youtube,259,[597.52] want to make it sound like i'm,things that people don't want to do only
MQjVIJkvNPY,ONE MONTH WORKING AT AMAZON WAREHOUSE: PROS & CONS,youtube,260,[598.48] complaining but,because you overstaff the days but yeah
MQjVIJkvNPY,ONE MONTH WORKING AT AMAZON WAREHOUSE: PROS & CONS,youtube,261,[600.00] realistically if i,i think that's my biggest problem
MQjVIJkvNPY,ONE MONTH WORKING AT AMAZON WAREHOUSE: PROS & CONS,youtube,262,[602.40] got the job as a packer i should be,right now oh let's not forget on days
MQjVIJkvNPY,ONE MONTH WORKING AT AMAZON WAREHOUSE: PROS & CONS,youtube,263,[604.96] packing not all these other,where they're already overstaffed they
MQjVIJkvNPY,ONE MONTH WORKING AT AMAZON WAREHOUSE: PROS & CONS,youtube,264,[607.68] things that people don't want to do only,would send out
MQjVIJkvNPY,ONE MONTH WORKING AT AMAZON WAREHOUSE: PROS & CONS,youtube,265,[610.40] because you overstaff the days but yeah,voluntary extra time and then have more
MQjVIJkvNPY,ONE MONTH WORKING AT AMAZON WAREHOUSE: PROS & CONS,youtube,266,[613.12] um i think that's my biggest problem,people
MQjVIJkvNPY,ONE MONTH WORKING AT AMAZON WAREHOUSE: PROS & CONS,youtube,267,[615.28] right now oh let's not forget on days,come and be overstaffed to send
MQjVIJkvNPY,ONE MONTH WORKING AT AMAZON WAREHOUSE: PROS & CONS,youtube,268,[619.52] where they're already overstaffed they,them home and
MQjVIJkvNPY,ONE MONTH WORKING AT AMAZON WAREHOUSE: PROS & CONS,youtube,269,[621.44] would send out,it doesn't make sense to me you
MQjVIJkvNPY,ONE MONTH WORKING AT AMAZON WAREHOUSE: PROS & CONS,youtube,270,[622.88] voluntary extra time and then have more,know but yeah that's it that's
MQjVIJkvNPY,ONE MONTH WORKING AT AMAZON WAREHOUSE: PROS & CONS,youtube,271,[625.84] people,all i have for my pros and cons
MQjVIJkvNPY,ONE MONTH WORKING AT AMAZON WAREHOUSE: PROS & CONS,youtube,272,[627.36] come and be overstaffed just to send,hopefully this helped you guys out peak
MQjVIJkvNPY,ONE MONTH WORKING AT AMAZON WAREHOUSE: PROS & CONS,youtube,273,[629.52] them home and,season is coming up and i don't know how
MQjVIJkvNPY,ONE MONTH WORKING AT AMAZON WAREHOUSE: PROS & CONS,youtube,274,[630.96] it just doesn't make sense to me you,to feel about it it's definitely going to
MQjVIJkvNPY,ONE MONTH WORKING AT AMAZON WAREHOUSE: PROS & CONS,youtube,275,[632.24] know but yeah that's really it that's,be rough if i were to be honest with you
MQjVIJkvNPY,ONE MONTH WORKING AT AMAZON WAREHOUSE: PROS & CONS,youtube,276,[634.08] all i have for my pros and cons,guys i hated my first two weeks and you
MQjVIJkvNPY,ONE MONTH WORKING AT AMAZON WAREHOUSE: PROS & CONS,youtube,277,[635.60] hopefully this helped you guys out peak,probably will too but after the second
MQjVIJkvNPY,ONE MONTH WORKING AT AMAZON WAREHOUSE: PROS & CONS,youtube,278,[637.76] season is coming up and i don't know how,week you get the hang of it and
MQjVIJkvNPY,ONE MONTH WORKING AT AMAZON WAREHOUSE: PROS & CONS,youtube,279,[640.16] to feel about it it's definitely gonna,it starts to not be as bad but overall i
MQjVIJkvNPY,ONE MONTH WORKING AT AMAZON WAREHOUSE: PROS & CONS,youtube,280,[642.24] be rough if i were to be honest with you,don't know if i'm going to be staying with
MQjVIJkvNPY,ONE MONTH WORKING AT AMAZON WAREHOUSE: PROS & CONS,youtube,281,[644.64] guys i hated my first two weeks and you,amazon if i could get transferred to
MQjVIJkvNPY,ONE MONTH WORKING AT AMAZON WAREHOUSE: PROS & CONS,youtube,282,[647.76] probably will too but after the second,a part-time position i think that
MQjVIJkvNPY,ONE MONTH WORKING AT AMAZON WAREHOUSE: PROS & CONS,youtube,283,[649.52] week you kind of get the hang of it and,would be the best if eventually if i get
MQjVIJkvNPY,ONE MONTH WORKING AT AMAZON WAREHOUSE: PROS & CONS,youtube,284,[652.08] it starts to not be as bad but overall i,transferred to a blue badge then i could
MQjVIJkvNPY,ONE MONTH WORKING AT AMAZON WAREHOUSE: PROS & CONS,youtube,285,[655.68] don't know if i'm gonna be staying with,give them my school schedule and they
MQjVIJkvNPY,ONE MONTH WORKING AT AMAZON WAREHOUSE: PROS & CONS,youtube,286,[657.28] amazon if i could get transferred to,could work around my schedule and stuff
MQjVIJkvNPY,ONE MONTH WORKING AT AMAZON WAREHOUSE: PROS & CONS,youtube,287,[659.52] like a part-time position i think that,that so we'll see what happens but
MQjVIJkvNPY,ONE MONTH WORKING AT AMAZON WAREHOUSE: PROS & CONS,youtube,288,[661.44] would be the best if eventually if i get,yeah i hope you guys enjoyed this video
MQjVIJkvNPY,ONE MONTH WORKING AT AMAZON WAREHOUSE: PROS & CONS,youtube,289,[663.68] transferred to a blue badge then i could,if you did make sure to leave a if
MQjVIJkvNPY,ONE MONTH WORKING AT AMAZON WAREHOUSE: PROS & CONS,youtube,290,[666.08] give them my school schedule and they,you guys have any questions about
MQjVIJkvNPY,ONE MONTH WORKING AT AMAZON WAREHOUSE: PROS & CONS,youtube,291,[667.36] could work around my schedule and stuff,working at amazon that maybe i could
MQjVIJkvNPY,ONE MONTH WORKING AT AMAZON WAREHOUSE: PROS & CONS,youtube,292,[668.72] like that so we'll see what happens but,help out with make sure you leave a
MQjVIJkvNPY,ONE MONTH WORKING AT AMAZON WAREHOUSE: PROS & CONS,youtube,293,[670.72] yeah i hope you guys enjoyed this video,comment down below subscribe if you
MQjVIJkvNPY,ONE MONTH WORKING AT AMAZON WAREHOUSE: PROS & CONS,youtube,294,[672.64] if you did make sure to leave a like if,haven't already and i will see you guys
MQjVIJkvNPY,ONE MONTH WORKING AT AMAZON WAREHOUSE: PROS & CONS,youtube,295,[674.72] you guys have any questions about,all in my next videos bye guys
MQjVIJkvNPY,ONE MONTH WORKING AT AMAZON WAREHOUSE: PROS & CONS,youtube,296,[676.56] working at amazon that maybe i could,[676.56] working at amazon that maybe i could
MQjVIJkvNPY,ONE MONTH WORKING AT AMAZON WAREHOUSE: PROS & CONS,youtube,297,[678.96] help out with make sure you leave a,[678.96] help out with make sure you leave a
MQjVIJkvNPY,ONE MONTH WORKING AT AMAZON WAREHOUSE: PROS & CONS,youtube,298,[680.48] comment down below subscribe if you,[680.48] comment down below subscribe if you
MQjVIJkvNPY,ONE MONTH WORKING AT AMAZON WAREHOUSE: PROS & CONS,youtube,299,[682.16] haven't already and i will see you guys,[682.16] haven't already and i will see you guys
MQjVIJkvNPY,ONE MONTH WORKING AT AMAZON WAREHOUSE: PROS & CONS,youtube,300,[684.08] all in my next videos bye guys,[684.08] all in my next videos bye guys
jzg4snTtk3E,DAY IN THE LIFE Working at an AMAZON Warehouse (INSIDE FOOTAGE),youtube,1,[0.34] [Music],so it's 7 23
jzg4snTtk3E,DAY IN THE LIFE Working at an AMAZON Warehouse (INSIDE FOOTAGE),youtube,2,[7.20] so it's 7 23,my shift starts at 7 30.
jzg4snTtk3E,DAY IN THE LIFE Working at an AMAZON Warehouse (INSIDE FOOTAGE),youtube,3,[9.52] my shift starts at 7 30.,i usually sit in my car
jzg4snTtk3E,DAY IN THE LIFE Working at an AMAZON Warehouse (INSIDE FOOTAGE),youtube,4,[13.04] i usually sit in my car,because i don't going in there when
jzg4snTtk3E,DAY IN THE LIFE Working at an AMAZON Warehouse (INSIDE FOOTAGE),youtube,5,[15.76] because i don't like going in there when,it's crowded that there's a
jzg4snTtk3E,DAY IN THE LIFE Working at an AMAZON Warehouse (INSIDE FOOTAGE),youtube,6,[17.44] it's crowded like that like there's a,lot of people clocking in
jzg4snTtk3E,DAY IN THE LIFE Working at an AMAZON Warehouse (INSIDE FOOTAGE),youtube,7,[19.28] lot of people clocking in,and going through the security check so
jzg4snTtk3E,DAY IN THE LIFE Working at an AMAZON Warehouse (INSIDE FOOTAGE),youtube,8,[22.24] and going through the security check so,i to sit in my car for a
jzg4snTtk3E,DAY IN THE LIFE Working at an AMAZON Warehouse (INSIDE FOOTAGE),youtube,9,[24.24] i like to just sit in my car for a,little bit
jzg4snTtk3E,DAY IN THE LIFE Working at an AMAZON Warehouse (INSIDE FOOTAGE),youtube,10,[26.72] little bit,and unwind
jzg4snTtk3E,DAY IN THE LIFE Working at an AMAZON Warehouse (INSIDE FOOTAGE),youtube,11,[30.00] and just unwind,because it is going to be a long day i
jzg4snTtk3E,DAY IN THE LIFE Working at an AMAZON Warehouse (INSIDE FOOTAGE),youtube,12,[32.16] because it is going to be a long day i,work 10 hours so
jzg4snTtk3E,DAY IN THE LIFE Working at an AMAZON Warehouse (INSIDE FOOTAGE),youtube,13,[34.48] work 10 hours so,i need all the time of peace that i can
jzg4snTtk3E,DAY IN THE LIFE Working at an AMAZON Warehouse (INSIDE FOOTAGE),youtube,14,[36.72] i need all the time of peace that i can,get it's loud in there
jzg4snTtk3E,DAY IN THE LIFE Working at an AMAZON Warehouse (INSIDE FOOTAGE),youtube,15,[38.72] get it's like really loud in there,and sometimes it makes my ears hurt
jzg4snTtk3E,DAY IN THE LIFE Working at an AMAZON Warehouse (INSIDE FOOTAGE),youtube,16,[41.76] and sometimes it makes my ears hurt,all right so we're going to get my day
jzg4snTtk3E,DAY IN THE LIFE Working at an AMAZON Warehouse (INSIDE FOOTAGE),youtube,17,[63.20] all right so we're going to get my day,started
jzg4snTtk3E,DAY IN THE LIFE Working at an AMAZON Warehouse (INSIDE FOOTAGE),youtube,18,[64.80] started,so it looks
jzg4snTtk3E,DAY IN THE LIFE Working at an AMAZON Warehouse (INSIDE FOOTAGE),youtube,19,[67.04] so it looks like,make sure my car is locked
jzg4snTtk3E,DAY IN THE LIFE Working at an AMAZON Warehouse (INSIDE FOOTAGE),youtube,20,[73.44] make sure my car is locked,foreign
jzg4snTtk3E,DAY IN THE LIFE Working at an AMAZON Warehouse (INSIDE FOOTAGE),youtube,21,[87.45] [Music],so at the beginning of our shifts we
jzg4snTtk3E,DAY IN THE LIFE Working at an AMAZON Warehouse (INSIDE FOOTAGE),youtube,22,[98.00] foreign,have to put on gloves it's mandatory you
jzg4snTtk3E,DAY IN THE LIFE Working at an AMAZON Warehouse (INSIDE FOOTAGE),youtube,23,[160.48] so,get two gloves per week two sets of
jzg4snTtk3E,DAY IN THE LIFE Working at an AMAZON Warehouse (INSIDE FOOTAGE),youtube,24,[179.60] [Music],gloves
jzg4snTtk3E,DAY IN THE LIFE Working at an AMAZON Warehouse (INSIDE FOOTAGE),youtube,25,[189.44] so at the beginning of our shifts we,there's a machine that spits out the
jzg4snTtk3E,DAY IN THE LIFE Working at an AMAZON Warehouse (INSIDE FOOTAGE),youtube,26,[191.44] have to put on gloves it's mandatory you,gloves with your bathroom skin and it
jzg4snTtk3E,DAY IN THE LIFE Working at an AMAZON Warehouse (INSIDE FOOTAGE),youtube,27,[194.72] get two gloves per week like two sets of,comes out
jzg4snTtk3E,DAY IN THE LIFE Working at an AMAZON Warehouse (INSIDE FOOTAGE),youtube,28,[197.68] gloves,it's for safety reasons so amazon's
jzg4snTtk3E,DAY IN THE LIFE Working at an AMAZON Warehouse (INSIDE FOOTAGE),youtube,29,[198.64] there's a machine that spits out the,big on safety so we're not
jzg4snTtk3E,DAY IN THE LIFE Working at an AMAZON Warehouse (INSIDE FOOTAGE),youtube,30,[201.04] gloves with your bathroom skin and it,allowed to start working without it and
jzg4snTtk3E,DAY IN THE LIFE Working at an AMAZON Warehouse (INSIDE FOOTAGE),youtube,31,[202.72] comes out,if they see you without the glove
jzg4snTtk3E,DAY IN THE LIFE Working at an AMAZON Warehouse (INSIDE FOOTAGE),youtube,32,[203.76] it's for safety reasons so amazon's,they're going to remind you that they wear
jzg4snTtk3E,DAY IN THE LIFE Working at an AMAZON Warehouse (INSIDE FOOTAGE),youtube,33,[206.08] really big on safety so we're not,gloves
jzg4snTtk3E,DAY IN THE LIFE Working at an AMAZON Warehouse (INSIDE FOOTAGE),youtube,34,[208.16] allowed to start working without it and,each taupe has items that go into one
jzg4snTtk3E,DAY IN THE LIFE Working at an AMAZON Warehouse (INSIDE FOOTAGE),youtube,35,[210.24] if they see you without the glove,individual bag i only pack single orders
jzg4snTtk3E,DAY IN THE LIFE Working at an AMAZON Warehouse (INSIDE FOOTAGE),youtube,36,[211.68] they're gonna remind you that they wear,what you're seeing is i scan
jzg4snTtk3E,DAY IN THE LIFE Working at an AMAZON Warehouse (INSIDE FOOTAGE),youtube,37,[213.12] gloves,the item it prints a shipping label then
jzg4snTtk3E,DAY IN THE LIFE Working at an AMAZON Warehouse (INSIDE FOOTAGE),youtube,38,[214.08] um,it stamps the bag
jzg4snTtk3E,DAY IN THE LIFE Working at an AMAZON Warehouse (INSIDE FOOTAGE),youtube,39,[215.44] each taupe has items that go into one,once it goes down it seals the bag
jzg4snTtk3E,DAY IN THE LIFE Working at an AMAZON Warehouse (INSIDE FOOTAGE),youtube,40,[218.40] individual bag i only pack single orders,shut and then after it seals the bag
jzg4snTtk3E,DAY IN THE LIFE Working at an AMAZON Warehouse (INSIDE FOOTAGE),youtube,41,[221.28] so,shut there's a little conveyor belt
jzg4snTtk3E,DAY IN THE LIFE Working at an AMAZON Warehouse (INSIDE FOOTAGE),youtube,42,[222.00] basically what you're seeing is i scan,inside the machine that shoots it onto
jzg4snTtk3E,DAY IN THE LIFE Working at an AMAZON Warehouse (INSIDE FOOTAGE),youtube,43,[224.16] the item it prints a shipping label then,the bigger conveyor belt and then it
jzg4snTtk3E,DAY IN THE LIFE Working at an AMAZON Warehouse (INSIDE FOOTAGE),youtube,44,[226.56] it stamps the bag,goes to the second floor to ship to
jzg4snTtk3E,DAY IN THE LIFE Working at an AMAZON Warehouse (INSIDE FOOTAGE),youtube,45,[228.32] um once it goes down it seals the bag,whichever part of the country that's
jzg4snTtk3E,DAY IN THE LIFE Working at an AMAZON Warehouse (INSIDE FOOTAGE),youtube,46,[231.04] shut and then after it seals the bag,going to be shipped
jzg4snTtk3E,DAY IN THE LIFE Working at an AMAZON Warehouse (INSIDE FOOTAGE),youtube,47,[233.28] shut there's like a little conveyor belt,i'm so sleepy
jzg4snTtk3E,DAY IN THE LIFE Working at an AMAZON Warehouse (INSIDE FOOTAGE),youtube,48,[234.88] inside the machine that shoots it onto,i don't worry
jzg4snTtk3E,DAY IN THE LIFE Working at an AMAZON Warehouse (INSIDE FOOTAGE),youtube,49,[237.12] the bigger conveyor belt and then it,monday tuesday wednesday thursday friday
jzg4snTtk3E,DAY IN THE LIFE Working at an AMAZON Warehouse (INSIDE FOOTAGE),youtube,50,[239.92] goes to the second floor to ship to,saturday today
jzg4snTtk3E,DAY IN THE LIFE Working at an AMAZON Warehouse (INSIDE FOOTAGE),youtube,51,[242.64] whichever part of the country that's,i'm not doing that again
jzg4snTtk3E,DAY IN THE LIFE Working at an AMAZON Warehouse (INSIDE FOOTAGE),youtube,52,[244.56] going to be shipped,i'm too tired
jzg4snTtk3E,DAY IN THE LIFE Working at an AMAZON Warehouse (INSIDE FOOTAGE),youtube,53,[251.97] [Music],then they keep me on that machine all
jzg4snTtk3E,DAY IN THE LIFE Working at an AMAZON Warehouse (INSIDE FOOTAGE),youtube,54,[259.92] so,day
jzg4snTtk3E,DAY IN THE LIFE Working at an AMAZON Warehouse (INSIDE FOOTAGE),youtube,55,[261.30] [Music],i get to pack the
jzg4snTtk3E,DAY IN THE LIFE Working at an AMAZON Warehouse (INSIDE FOOTAGE),youtube,56,[288.42] [Music],i get to pack the regular
jzg4snTtk3E,DAY IN THE LIFE Working at an AMAZON Warehouse (INSIDE FOOTAGE),youtube,57,[304.08] [Music],boxes
jzg4snTtk3E,DAY IN THE LIFE Working at an AMAZON Warehouse (INSIDE FOOTAGE),youtube,58,[316.08] so,i'm always a
jzg4snTtk3E,DAY IN THE LIFE Working at an AMAZON Warehouse (INSIDE FOOTAGE),youtube,59,[331.60] [Music],smartpak
jzg4snTtk3E,DAY IN THE LIFE Working at an AMAZON Warehouse (INSIDE FOOTAGE),youtube,60,[363.19] [Music],i'm too ready to get off work
jzg4snTtk3E,DAY IN THE LIFE Working at an AMAZON Warehouse (INSIDE FOOTAGE),youtube,61,[385.68] so,hit my baby up
jzg4snTtk3E,DAY IN THE LIFE Working at an AMAZON Warehouse (INSIDE FOOTAGE),youtube,62,[400.32] so,and lay my ass in the bed
jzg4snTtk3E,DAY IN THE LIFE Working at an AMAZON Warehouse (INSIDE FOOTAGE),youtube,63,[402.98] [Music],i know my nails need to be done
jzg4snTtk3E,DAY IN THE LIFE Working at an AMAZON Warehouse (INSIDE FOOTAGE),youtube,64,[424.88] [Music],oh i'm so tired
jzg4snTtk3E,DAY IN THE LIFE Working at an AMAZON Warehouse (INSIDE FOOTAGE),youtube,65,[439.76] so,hello this is so good
jzg4snTtk3E,DAY IN THE LIFE Working at an AMAZON Warehouse (INSIDE FOOTAGE),youtube,66,[446.58] [Music],i think he's home at five
jzg4snTtk3E,DAY IN THE LIFE Working at an AMAZON Warehouse (INSIDE FOOTAGE),youtube,67,[453.36] so,on a good day i have to eat the whole
jzg4snTtk3E,DAY IN THE LIFE Working at an AMAZON Warehouse (INSIDE FOOTAGE),youtube,68,[454.60] [Music],thing
jzg4snTtk3E,DAY IN THE LIFE Working at an AMAZON Warehouse (INSIDE FOOTAGE),youtube,69,[466.94] [Music],two in the morning two in the middle a
jzg4snTtk3E,DAY IN THE LIFE Working at an AMAZON Warehouse (INSIDE FOOTAGE),youtube,70,[469.28] so,day and two
jzg4snTtk3E,DAY IN THE LIFE Working at an AMAZON Warehouse (INSIDE FOOTAGE),youtube,71,[478.87] [Music],on my last break
jzg4snTtk3E,DAY IN THE LIFE Working at an AMAZON Warehouse (INSIDE FOOTAGE),youtube,72,[488.75] [Music],because on my first lunch i usually have
jzg4snTtk3E,DAY IN THE LIFE Working at an AMAZON Warehouse (INSIDE FOOTAGE),youtube,73,[509.28] so,a meal so
jzg4snTtk3E,DAY IN THE LIFE Working at an AMAZON Warehouse (INSIDE FOOTAGE),youtube,74,[523.44] so,there's no need to snack
jzg4snTtk3E,DAY IN THE LIFE Working at an AMAZON Warehouse (INSIDE FOOTAGE),youtube,75,[539.76] so,i'll be too full
jzg4snTtk3E,DAY IN THE LIFE Working at an AMAZON Warehouse (INSIDE FOOTAGE),youtube,76,[604.16] i'm so sleepy,to me i see the difference some people
jzg4snTtk3E,DAY IN THE LIFE Working at an AMAZON Warehouse (INSIDE FOOTAGE),youtube,77,[607.36] i don't worry,say they don't see the difference but
jzg4snTtk3E,DAY IN THE LIFE Working at an AMAZON Warehouse (INSIDE FOOTAGE),youtube,78,[609.04] monday tuesday wednesday thursday friday,it's way better than staying on the
jzg4snTtk3E,DAY IN THE LIFE Working at an AMAZON Warehouse (INSIDE FOOTAGE),youtube,79,[613.04] saturday just today,floor
jzg4snTtk3E,DAY IN THE LIFE Working at an AMAZON Warehouse (INSIDE FOOTAGE),youtube,80,[615.12] i'm not doing that again,especially if you have shoes that aren't
jzg4snTtk3E,DAY IN THE LIFE Working at an AMAZON Warehouse (INSIDE FOOTAGE),youtube,81,[617.28] i'm too tired,comfortable
jzg4snTtk3E,DAY IN THE LIFE Working at an AMAZON Warehouse (INSIDE FOOTAGE),youtube,82,[630.32] then they keep me on that machine all,so they have this and then we also have
jzg4snTtk3E,DAY IN THE LIFE Working at an AMAZON Warehouse (INSIDE FOOTAGE),youtube,83,[631.76] day,fans at our station we could turn
jzg4snTtk3E,DAY IN THE LIFE Working at an AMAZON Warehouse (INSIDE FOOTAGE),youtube,84,[637.04] i really get to pack the um,we could turn it
jzg4snTtk3E,DAY IN THE LIFE Working at an AMAZON Warehouse (INSIDE FOOTAGE),youtube,85,[641.04] i really get to pack the regular uh,up down side to side it could move down
jzg4snTtk3E,DAY IN THE LIFE Working at an AMAZON Warehouse (INSIDE FOOTAGE),youtube,86,[642.80] boxes,if you're shorter and also it has
jzg4snTtk3E,DAY IN THE LIFE Working at an AMAZON Warehouse (INSIDE FOOTAGE),youtube,87,[644.24] i'm always a,three settings
jzg4snTtk3E,DAY IN THE LIFE Working at an AMAZON Warehouse (INSIDE FOOTAGE),youtube,88,[645.68] smartpak,so if you want it slow medium or
jzg4snTtk3E,DAY IN THE LIFE Working at an AMAZON Warehouse (INSIDE FOOTAGE),youtube,89,[663.36] i'm too ready to get off work,real fast to blow the air because they
jzg4snTtk3E,DAY IN THE LIFE Working at an AMAZON Warehouse (INSIDE FOOTAGE),youtube,90,[669.92] hit my baby up,can get hot in
jzg4snTtk3E,DAY IN THE LIFE Working at an AMAZON Warehouse (INSIDE FOOTAGE),youtube,91,[673.20] and lay my ass in the bed,here downtime i figured i'd show you
jzg4snTtk3E,DAY IN THE LIFE Working at an AMAZON Warehouse (INSIDE FOOTAGE),youtube,92,[680.08] i know my nails need to be done,guys the last packing method this is the
jzg4snTtk3E,DAY IN THE LIFE Working at an AMAZON Warehouse (INSIDE FOOTAGE),youtube,93,[683.68] oh i'm so tired,cw 1000 or 100 i can't remember the
jzg4snTtk3E,DAY IN THE LIFE Working at an AMAZON Warehouse (INSIDE FOOTAGE),youtube,94,[719.44] hello this is so good,exact name but this is
jzg4snTtk3E,DAY IN THE LIFE Working at an AMAZON Warehouse (INSIDE FOOTAGE),youtube,95,[728.64] i think he's home at five,the fastest packing that we have i think
jzg4snTtk3E,DAY IN THE LIFE Working at an AMAZON Warehouse (INSIDE FOOTAGE),youtube,96,[732.24] on a good day i have to eat the whole,the rate for this machine is
jzg4snTtk3E,DAY IN THE LIFE Working at an AMAZON Warehouse (INSIDE FOOTAGE),youtube,97,[733.60] thing like,650
jzg4snTtk3E,DAY IN THE LIFE Working at an AMAZON Warehouse (INSIDE FOOTAGE),youtube,98,[736.24] two in the morning two in the middle a,an hour and ryan this is 5.5
jzg4snTtk3E,DAY IN THE LIFE Working at an AMAZON Warehouse (INSIDE FOOTAGE),youtube,99,[738.08] day and two,but it makes the boxes as
jzg4snTtk3E,DAY IN THE LIFE Working at an AMAZON Warehouse (INSIDE FOOTAGE),youtube,100,[739.84] on my last break,you can see it's cutting
jzg4snTtk3E,DAY IN THE LIFE Working at an AMAZON Warehouse (INSIDE FOOTAGE),youtube,101,[741.36] because on my first lunch i usually have,the box based on the shape and the
jzg4snTtk3E,DAY IN THE LIFE Working at an AMAZON Warehouse (INSIDE FOOTAGE),youtube,102,[743.28] a meal so,weight of the item the machine is
jzg4snTtk3E,DAY IN THE LIFE Working at an AMAZON Warehouse (INSIDE FOOTAGE),youtube,103,[744.64] there's no need to really snack,so smart technology is so crazy but yeah
jzg4snTtk3E,DAY IN THE LIFE Working at an AMAZON Warehouse (INSIDE FOOTAGE),youtube,104,[747.44] i'll be too full,it builds the box
jzg4snTtk3E,DAY IN THE LIFE Working at an AMAZON Warehouse (INSIDE FOOTAGE),youtube,105,[794.40] to me i see the difference some people,and it goes straight down the line and
jzg4snTtk3E,DAY IN THE LIFE Working at an AMAZON Warehouse (INSIDE FOOTAGE),youtube,106,[795.92] say they don't see the difference but,as you can see as it's going it's
jzg4snTtk3E,DAY IN THE LIFE Working at an AMAZON Warehouse (INSIDE FOOTAGE),youtube,107,[797.52] it's way better than staying on the,cutting the box i thought this is super
jzg4snTtk3E,DAY IN THE LIFE Working at an AMAZON Warehouse (INSIDE FOOTAGE),youtube,108,[799.28] floor,cool
jzg4snTtk3E,DAY IN THE LIFE Working at an AMAZON Warehouse (INSIDE FOOTAGE),youtube,109,[800.48] especially if you have shoes that aren't,they put me on this box before
jzg4snTtk3E,DAY IN THE LIFE Working at an AMAZON Warehouse (INSIDE FOOTAGE),youtube,110,[802.56] like,sorry this machine but
jzg4snTtk3E,DAY IN THE LIFE Working at an AMAZON Warehouse (INSIDE FOOTAGE),youtube,111,[803.36] comfortable,it's too it's too much work i rather do
jzg4snTtk3E,DAY IN THE LIFE Working at an AMAZON Warehouse (INSIDE FOOTAGE),youtube,112,[805.36] so they have this and then we also have,what i do because you can't be on
jzg4snTtk3E,DAY IN THE LIFE Working at an AMAZON Warehouse (INSIDE FOOTAGE),youtube,113,[808.96] fans at our station like we could turn,your phone at all since it's
jzg4snTtk3E,DAY IN THE LIFE Working at an AMAZON Warehouse (INSIDE FOOTAGE),youtube,114,[811.04] it,very important to make sure that they're
jzg4snTtk3E,DAY IN THE LIFE Working at an AMAZON Warehouse (INSIDE FOOTAGE),youtube,115,[812.24] we could turn it like uh,getting the packages out
jzg4snTtk3E,DAY IN THE LIFE Working at an AMAZON Warehouse (INSIDE FOOTAGE),youtube,116,[814.56] up down side to side it could move down,on this one as you can see the
jzg4snTtk3E,DAY IN THE LIFE Working at an AMAZON Warehouse (INSIDE FOOTAGE),youtube,117,[816.88] if you're shorter and also it has like,packages are right behind each other
jzg4snTtk3E,DAY IN THE LIFE Working at an AMAZON Warehouse (INSIDE FOOTAGE),youtube,118,[819.92] um three settings,sometimes the conveyor belt stops and
jzg4snTtk3E,DAY IN THE LIFE Working at an AMAZON Warehouse (INSIDE FOOTAGE),youtube,119,[822.16] so if you want it like slow medium or,when it stops it can't work so
jzg4snTtk3E,DAY IN THE LIFE Working at an AMAZON Warehouse (INSIDE FOOTAGE),youtube,120,[824.64] real fast to blow the air because they,the machine will automatically stop also
jzg4snTtk3E,DAY IN THE LIFE Working at an AMAZON Warehouse (INSIDE FOOTAGE),youtube,121,[826.40] can get like really really really hot in,so we have to wait for
jzg4snTtk3E,DAY IN THE LIFE Working at an AMAZON Warehouse (INSIDE FOOTAGE),youtube,122,[828.16] here downtime i figured i'd show you,it to come back up
jzg4snTtk3E,DAY IN THE LIFE Working at an AMAZON Warehouse (INSIDE FOOTAGE),youtube,123,[830.32] guys the last packing method this is the,usually this happens gets
jzg4snTtk3E,DAY IN THE LIFE Working at an AMAZON Warehouse (INSIDE FOOTAGE),youtube,124,[833.76] cw 1000 or 100 i can't remember the,stuck on the second floor or with
jzg4snTtk3E,DAY IN THE LIFE Working at an AMAZON Warehouse (INSIDE FOOTAGE),youtube,125,[837.20] exact name but basically this is like,conveyor belt ripped they staple it back
jzg4snTtk3E,DAY IN THE LIFE Working at an AMAZON Warehouse (INSIDE FOOTAGE),youtube,126,[839.44] the fastest packing that we have i think,together
jzg4snTtk3E,DAY IN THE LIFE Working at an AMAZON Warehouse (INSIDE FOOTAGE),youtube,127,[842.08] the rate for this machine is,it can be for 30 seconds 45 minutes
jzg4snTtk3E,DAY IN THE LIFE Working at an AMAZON Warehouse (INSIDE FOOTAGE),youtube,128,[845.12] 650,one time it was down for three
jzg4snTtk3E,DAY IN THE LIFE Working at an AMAZON Warehouse (INSIDE FOOTAGE),youtube,129,[846.80] an hour and like ryan this is like 5.5,hours when we first came into work
jzg4snTtk3E,DAY IN THE LIFE Working at an AMAZON Warehouse (INSIDE FOOTAGE),youtube,130,[849.68] but basically it makes the boxes like as,you
jzg4snTtk3E,DAY IN THE LIFE Working at an AMAZON Warehouse (INSIDE FOOTAGE),youtube,131,[851.84] you can see it's cutting,[851.84] you can see it's cutting
jzg4snTtk3E,DAY IN THE LIFE Working at an AMAZON Warehouse (INSIDE FOOTAGE),youtube,132,[853.84] the box based on the shape and the,[853.84] the box based on the shape and the
jzg4snTtk3E,DAY IN THE LIFE Working at an AMAZON Warehouse (INSIDE FOOTAGE),youtube,133,[856.16] weight of the item like the machine is,[856.16] weight of the item like the machine is
jzg4snTtk3E,DAY IN THE LIFE Working at an AMAZON Warehouse (INSIDE FOOTAGE),youtube,134,[858.16] so smart technology is so crazy but yeah,[858.16] so smart technology is so crazy but yeah
jzg4snTtk3E,DAY IN THE LIFE Working at an AMAZON Warehouse (INSIDE FOOTAGE),youtube,135,[861.28] it builds the box,[861.28] it builds the box
jzg4snTtk3E,DAY IN THE LIFE Working at an AMAZON Warehouse (INSIDE FOOTAGE),youtube,136,[863.36] and it goes straight down the line and,[863.36] and it goes straight down the line and
jzg4snTtk3E,DAY IN THE LIFE Working at an AMAZON Warehouse (INSIDE FOOTAGE),youtube,137,[864.88] as you can see as it's going it's like,[864.88] as you can see as it's going it's like
jzg4snTtk3E,DAY IN THE LIFE Working at an AMAZON Warehouse (INSIDE FOOTAGE),youtube,138,[866.72] cutting the box i thought this is super,[866.72] cutting the box i thought this is super
jzg4snTtk3E,DAY IN THE LIFE Working at an AMAZON Warehouse (INSIDE FOOTAGE),youtube,139,[868.40] cool,[868.40] cool
jzg4snTtk3E,DAY IN THE LIFE Working at an AMAZON Warehouse (INSIDE FOOTAGE),youtube,140,[869.44] they put me on this box before i mean,[869.44] they put me on this box before i mean
jzg4snTtk3E,DAY IN THE LIFE Working at an AMAZON Warehouse (INSIDE FOOTAGE),youtube,141,[871.92] sorry this machine but,[871.92] sorry this machine but
jzg4snTtk3E,DAY IN THE LIFE Working at an AMAZON Warehouse (INSIDE FOOTAGE),youtube,142,[874.40] it's too it's too much work i rather do,[874.40] it's too it's too much work i rather do
jzg4snTtk3E,DAY IN THE LIFE Working at an AMAZON Warehouse (INSIDE FOOTAGE),youtube,143,[876.72] what i do because you really can't be on,[876.72] what i do because you really can't be on
jzg4snTtk3E,DAY IN THE LIFE Working at an AMAZON Warehouse (INSIDE FOOTAGE),youtube,144,[879.36] your phone at all since it's like,[879.36] your phone at all since it's like
jzg4snTtk3E,DAY IN THE LIFE Working at an AMAZON Warehouse (INSIDE FOOTAGE),youtube,145,[881.52] very important to make sure that they're,[881.52] very important to make sure that they're
jzg4snTtk3E,DAY IN THE LIFE Working at an AMAZON Warehouse (INSIDE FOOTAGE),youtube,146,[883.28] getting the packages out,[883.28] getting the packages out
jzg4snTtk3E,DAY IN THE LIFE Working at an AMAZON Warehouse (INSIDE FOOTAGE),youtube,147,[885.20] on this one as you can see like the,[885.20] on this one as you can see like the
jzg4snTtk3E,DAY IN THE LIFE Working at an AMAZON Warehouse (INSIDE FOOTAGE),youtube,148,[886.72] packages are right behind each other,[886.72] packages are right behind each other
jzg4snTtk3E,DAY IN THE LIFE Working at an AMAZON Warehouse (INSIDE FOOTAGE),youtube,149,[909.76] so,[909.76] so
jzg4snTtk3E,DAY IN THE LIFE Working at an AMAZON Warehouse (INSIDE FOOTAGE),youtube,150,[918.88] so,[918.88] so
jzg4snTtk3E,DAY IN THE LIFE Working at an AMAZON Warehouse (INSIDE FOOTAGE),youtube,151,[931.20] so,[931.20] so
jzg4snTtk3E,DAY IN THE LIFE Working at an AMAZON Warehouse (INSIDE FOOTAGE),youtube,152,[952.40] sometimes the conveyor belt stops and,[952.40] sometimes the conveyor belt stops and
jzg4snTtk3E,DAY IN THE LIFE Working at an AMAZON Warehouse (INSIDE FOOTAGE),youtube,153,[955.20] when it stops it can't work so,[955.20] when it stops it can't work so
jzg4snTtk3E,DAY IN THE LIFE Working at an AMAZON Warehouse (INSIDE FOOTAGE),youtube,154,[958.32] the machine will automatically stop also,[958.32] the machine will automatically stop also
jzg4snTtk3E,DAY IN THE LIFE Working at an AMAZON Warehouse (INSIDE FOOTAGE),youtube,155,[960.48] so we have to wait for,[960.48] so we have to wait for
jzg4snTtk3E,DAY IN THE LIFE Working at an AMAZON Warehouse (INSIDE FOOTAGE),youtube,156,[962.96] it to come back up,[962.96] it to come back up
jzg4snTtk3E,DAY IN THE LIFE Working at an AMAZON Warehouse (INSIDE FOOTAGE),youtube,157,[969.68] usually this happens like something gets,[969.68] usually this happens like something gets
jzg4snTtk3E,DAY IN THE LIFE Working at an AMAZON Warehouse (INSIDE FOOTAGE),youtube,158,[971.68] stuck on the second floor or like with,[971.68] stuck on the second floor or like with
jzg4snTtk3E,DAY IN THE LIFE Working at an AMAZON Warehouse (INSIDE FOOTAGE),youtube,159,[974.00] conveyor belt ripped they staple it back,[974.00] conveyor belt ripped they staple it back
jzg4snTtk3E,DAY IN THE LIFE Working at an AMAZON Warehouse (INSIDE FOOTAGE),youtube,160,[976.48] together,[976.48] together
jzg4snTtk3E,DAY IN THE LIFE Working at an AMAZON Warehouse (INSIDE FOOTAGE),youtube,161,[978.00] it can be for like 30 seconds 45 minutes,[978.00] it can be for like 30 seconds 45 minutes
jzg4snTtk3E,DAY IN THE LIFE Working at an AMAZON Warehouse (INSIDE FOOTAGE),youtube,162,[981.12] one time it was down for like three,[981.12] one time it was down for like three
jzg4snTtk3E,DAY IN THE LIFE Working at an AMAZON Warehouse (INSIDE FOOTAGE),youtube,163,[982.56] hours when we first came into work,[982.56] hours when we first came into work
jzg4snTtk3E,DAY IN THE LIFE Working at an AMAZON Warehouse (INSIDE FOOTAGE),youtube,164,[996.09] [Music],[996.09] [Music]
jzg4snTtk3E,DAY IN THE LIFE Working at an AMAZON Warehouse (INSIDE FOOTAGE),youtube,165,[1012.56] you,[1012.56] you
kXOb9lfWU9w,AMAZON WAREHOUSE SHIFT 6pm-4:30am |SUNDAY-WEDNESDAY OVERNIGHT SHIFT Vlogmas,youtube,1,[0.00] [Music],i hey you guys what's up welcome back to
kXOb9lfWU9w,AMAZON WAREHOUSE SHIFT 6pm-4:30am |SUNDAY-WEDNESDAY OVERNIGHT SHIFT Vlogmas,youtube,2,[6.12] I hey you guys what's up welcome back to,my channel if you new to my channel go
kXOb9lfWU9w,AMAZON WAREHOUSE SHIFT 6pm-4:30am |SUNDAY-WEDNESDAY OVERNIGHT SHIFT Vlogmas,youtube,3,[8.68] my channel if you new to my channel go,ahead hit that subcribe but me if you
kXOb9lfWU9w,AMAZON WAREHOUSE SHIFT 6pm-4:30am |SUNDAY-WEDNESDAY OVERNIGHT SHIFT Vlogmas,youtube,4,[10.08] ahead hit that subcribe but me if you,not new you already know what time it is
kXOb9lfWU9w,AMAZON WAREHOUSE SHIFT 6pm-4:30am |SUNDAY-WEDNESDAY OVERNIGHT SHIFT Vlogmas,youtube,5,[11.56] not new you already know what time it is,this so you guys today is freaking
kXOb9lfWU9w,AMAZON WAREHOUSE SHIFT 6pm-4:30am |SUNDAY-WEDNESDAY OVERNIGHT SHIFT Vlogmas,youtube,6,[13.68] this so you guys today is freaking,monday november the 6th about to get
kXOb9lfWU9w,AMAZON WAREHOUSE SHIFT 6pm-4:30am |SUNDAY-WEDNESDAY OVERNIGHT SHIFT Vlogmas,youtube,7,[16.00] Monday November the 6th about to get,ready to go to
kXOb9lfWU9w,AMAZON WAREHOUSE SHIFT 6pm-4:30am |SUNDAY-WEDNESDAY OVERNIGHT SHIFT Vlogmas,youtube,8,[19.52] ready to go to,work yeah it's november the 6th i'm
kXOb9lfWU9w,AMAZON WAREHOUSE SHIFT 6pm-4:30am |SUNDAY-WEDNESDAY OVERNIGHT SHIFT Vlogmas,youtube,9,[21.40] work yeah it's November the 6th I'm,about to get ready to go to work i pick
kXOb9lfWU9w,AMAZON WAREHOUSE SHIFT 6pm-4:30am |SUNDAY-WEDNESDAY OVERNIGHT SHIFT Vlogmas,youtube,10,[24.28] about to get ready to go to work I pick,c up it's almost
kXOb9lfWU9w,AMAZON WAREHOUSE SHIFT 6pm-4:30am |SUNDAY-WEDNESDAY OVERNIGHT SHIFT Vlogmas,youtube,11,[25.88] C up it's almost like,5:00 this vlog is going to be a vlog of
kXOb9lfWU9w,AMAZON WAREHOUSE SHIFT 6pm-4:30am |SUNDAY-WEDNESDAY OVERNIGHT SHIFT Vlogmas,youtube,12,[28.76] 5:00 this Vlog is going to be a vlog of,y'all going to work with me today is my
kXOb9lfWU9w,AMAZON WAREHOUSE SHIFT 6pm-4:30am |SUNDAY-WEDNESDAY OVERNIGHT SHIFT Vlogmas,youtube,13,[32.08] y'all going to work with me today is my,second day i picked up a extra shift on
kXOb9lfWU9w,AMAZON WAREHOUSE SHIFT 6pm-4:30am |SUNDAY-WEDNESDAY OVERNIGHT SHIFT Vlogmas,youtube,14,[34.00] second day I picked up a extra shift on,my regular schedule is sunday through
kXOb9lfWU9w,AMAZON WAREHOUSE SHIFT 6pm-4:30am |SUNDAY-WEDNESDAY OVERNIGHT SHIFT Vlogmas,youtube,15,[38.04] my regular schedule is Sunday through,wednesday from 6:00 p.m. to 4:30 a.m.
kXOb9lfWU9w,AMAZON WAREHOUSE SHIFT 6pm-4:30am |SUNDAY-WEDNESDAY OVERNIGHT SHIFT Vlogmas,youtube,16,[40.80] Wednesday from 6:00 p.m. to 4:30 a.m.,but this week surpris me the week that i
kXOb9lfWU9w,AMAZON WAREHOUSE SHIFT 6pm-4:30am |SUNDAY-WEDNESDAY OVERNIGHT SHIFT Vlogmas,youtube,17,[44.92] but this week surpris me the week that I,start they have mandatory hours so inste
kXOb9lfWU9w,AMAZON WAREHOUSE SHIFT 6pm-4:30am |SUNDAY-WEDNESDAY OVERNIGHT SHIFT Vlogmas,youtube,18,[46.76] start they have mandatory hours so inste,of me get off at
kXOb9lfWU9w,AMAZON WAREHOUSE SHIFT 6pm-4:30am |SUNDAY-WEDNESDAY OVERNIGHT SHIFT Vlogmas,youtube,19,[50.00] of me get off at,4:30 i'm going to get off at
kXOb9lfWU9w,AMAZON WAREHOUSE SHIFT 6pm-4:30am |SUNDAY-WEDNESDAY OVERNIGHT SHIFT Vlogmas,youtube,20,[51.32] 4:30 I'm going to get off at,5:30 and then also i picked up an
kXOb9lfWU9w,AMAZON WAREHOUSE SHIFT 6pm-4:30am |SUNDAY-WEDNESDAY OVERNIGHT SHIFT Vlogmas,youtube,21,[54.80] um 5:30 and then also I picked up an,extra shift saturday but it's from 6:00
kXOb9lfWU9w,AMAZON WAREHOUSE SHIFT 6pm-4:30am |SUNDAY-WEDNESDAY OVERNIGHT SHIFT Vlogmas,youtube,22,[58.84] extra shift Saturday but it's from 6:00,a.m. to 5:30 p.m. cu i'm trying to get
kXOb9lfWU9w,AMAZON WAREHOUSE SHIFT 6pm-4:30am |SUNDAY-WEDNESDAY OVERNIGHT SHIFT Vlogmas,youtube,23,[62.04] a.m. to 5:30 p.m. CU I'm trying to get,as many hours as i can y'all y'all
kXOb9lfWU9w,AMAZON WAREHOUSE SHIFT 6pm-4:30am |SUNDAY-WEDNESDAY OVERNIGHT SHIFT Vlogmas,youtube,24,[64.04] as many hours as I can y'all y'all,is in the process of sending
kXOb9lfWU9w,AMAZON WAREHOUSE SHIFT 6pm-4:30am |SUNDAY-WEDNESDAY OVERNIGHT SHIFT Vlogmas,youtube,25,[66.44] literally is in the process of sending,me get my life back on track get to
kXOb9lfWU9w,AMAZON WAREHOUSE SHIFT 6pm-4:30am |SUNDAY-WEDNESDAY OVERNIGHT SHIFT Vlogmas,youtube,26,[67.88] me like get my life back on track get to,where i need to be i'm
kXOb9lfWU9w,AMAZON WAREHOUSE SHIFT 6pm-4:30am |SUNDAY-WEDNESDAY OVERNIGHT SHIFT Vlogmas,youtube,27,[72.04] where I need to be like I'm really like,starting over but that's okay cuz that's
kXOb9lfWU9w,AMAZON WAREHOUSE SHIFT 6pm-4:30am |SUNDAY-WEDNESDAY OVERNIGHT SHIFT Vlogmas,youtube,28,[73.80] starting over but that's okay cuz that's,a good thing
kXOb9lfWU9w,AMAZON WAREHOUSE SHIFT 6pm-4:30am |SUNDAY-WEDNESDAY OVERNIGHT SHIFT Vlogmas,youtube,29,[75.40] a good thing,yesterday my period had
kXOb9lfWU9w,AMAZON WAREHOUSE SHIFT 6pm-4:30am |SUNDAY-WEDNESDAY OVERNIGHT SHIFT Vlogmas,youtube,30,[77.84] yesterday my period literally had just,yesterday so my stomach and stuff is
kXOb9lfWU9w,AMAZON WAREHOUSE SHIFT 6pm-4:30am |SUNDAY-WEDNESDAY OVERNIGHT SHIFT Vlogmas,youtube,31,[80.60] yesterday so my stomach and stuff is,hurting then i ran out of snacks but
kXOb9lfWU9w,AMAZON WAREHOUSE SHIFT 6pm-4:30am |SUNDAY-WEDNESDAY OVERNIGHT SHIFT Vlogmas,youtube,32,[82.24] hurting then I ran out of snacks but,today i'm not going to do that i'm about
kXOb9lfWU9w,AMAZON WAREHOUSE SHIFT 6pm-4:30am |SUNDAY-WEDNESDAY OVERNIGHT SHIFT Vlogmas,youtube,33,[84.40] today I'm not going to do that I'm about,to pack some
kXOb9lfWU9w,AMAZON WAREHOUSE SHIFT 6pm-4:30am |SUNDAY-WEDNESDAY OVERNIGHT SHIFT Vlogmas,youtube,34,[86.64] to pack some,oatmeal i get hungry and i'm about
kXOb9lfWU9w,AMAZON WAREHOUSE SHIFT 6pm-4:30am |SUNDAY-WEDNESDAY OVERNIGHT SHIFT Vlogmas,youtube,35,[88.56] oatmeal just I get hungry and I'm about,get yeah mommy ate salad
kXOb9lfWU9w,AMAZON WAREHOUSE SHIFT 6pm-4:30am |SUNDAY-WEDNESDAY OVERNIGHT SHIFT Vlogmas,youtube,36,[92.36] to,yesterday i got oatmeal i got this fruit
kXOb9lfWU9w,AMAZON WAREHOUSE SHIFT 6pm-4:30am |SUNDAY-WEDNESDAY OVERNIGHT SHIFT Vlogmas,youtube,37,[95.85] [Music],these apple slices
kXOb9lfWU9w,AMAZON WAREHOUSE SHIFT 6pm-4:30am |SUNDAY-WEDNESDAY OVERNIGHT SHIFT Vlogmas,youtube,38,[97.08] get yeah Mommy ate salad,sandwiches you fruit yes you want
kXOb9lfWU9w,AMAZON WAREHOUSE SHIFT 6pm-4:30am |SUNDAY-WEDNESDAY OVERNIGHT SHIFT Vlogmas,youtube,39,[100.44] yesterday I got oatmeal I got this fruit,apple and i have water a bottle of water
kXOb9lfWU9w,AMAZON WAREHOUSE SHIFT 6pm-4:30am |SUNDAY-WEDNESDAY OVERNIGHT SHIFT Vlogmas,youtube,40,[105.92] these apple slices,and coffee in my
kXOb9lfWU9w,AMAZON WAREHOUSE SHIFT 6pm-4:30am |SUNDAY-WEDNESDAY OVERNIGHT SHIFT Vlogmas,youtube,41,[107.72] sandwiches you like fruit yes you want,you want an
kXOb9lfWU9w,AMAZON WAREHOUSE SHIFT 6pm-4:30am |SUNDAY-WEDNESDAY OVERNIGHT SHIFT Vlogmas,youtube,42,[110.92] an,apple green app yeah you green
kXOb9lfWU9w,AMAZON WAREHOUSE SHIFT 6pm-4:30am |SUNDAY-WEDNESDAY OVERNIGHT SHIFT Vlogmas,youtube,43,[116.12] apple and I have water a bottle of water,apples yes that's what i too sour
kXOb9lfWU9w,AMAZON WAREHOUSE SHIFT 6pm-4:30am |SUNDAY-WEDNESDAY OVERNIGHT SHIFT Vlogmas,youtube,44,[118.88] and coffee in my,well not not and i got a
kXOb9lfWU9w,AMAZON WAREHOUSE SHIFT 6pm-4:30am |SUNDAY-WEDNESDAY OVERNIGHT SHIFT Vlogmas,youtube,45,[122.40] you want an,green apple so we about to pack all this
kXOb9lfWU9w,AMAZON WAREHOUSE SHIFT 6pm-4:30am |SUNDAY-WEDNESDAY OVERNIGHT SHIFT Vlogmas,youtube,46,[123.56] apple green app yeah you like green,and then before i go to work it's a
kXOb9lfWU9w,AMAZON WAREHOUSE SHIFT 6pm-4:30am |SUNDAY-WEDNESDAY OVERNIGHT SHIFT Vlogmas,youtube,47,[127.12] apples yes that's what I like too sour,school night so he going to get dr off
kXOb9lfWU9w,AMAZON WAREHOUSE SHIFT 6pm-4:30am |SUNDAY-WEDNESDAY OVERNIGHT SHIFT Vlogmas,youtube,48,[131.28] well not really not really and I got a,at my mom house i already worked on his
kXOb9lfWU9w,AMAZON WAREHOUSE SHIFT 6pm-4:30am |SUNDAY-WEDNESDAY OVERNIGHT SHIFT Vlogmas,youtube,49,[134.20] green apple so we about to pack all this,homework with him then i'm be on my w
kXOb9lfWU9w,AMAZON WAREHOUSE SHIFT 6pm-4:30am |SUNDAY-WEDNESDAY OVERNIGHT SHIFT Vlogmas,youtube,50,[136.12] and then before I go to work it's a,and luckily where i work at it's not
kXOb9lfWU9w,AMAZON WAREHOUSE SHIFT 6pm-4:30am |SUNDAY-WEDNESDAY OVERNIGHT SHIFT Vlogmas,youtube,51,[138.68] school night so he going to get Dr off,that
kXOb9lfWU9w,AMAZON WAREHOUSE SHIFT 6pm-4:30am |SUNDAY-WEDNESDAY OVERNIGHT SHIFT Vlogmas,youtube,52,[141.60] at my mom house I already worked on his,so i wish i would have got the bag that
kXOb9lfWU9w,AMAZON WAREHOUSE SHIFT 6pm-4:30am |SUNDAY-WEDNESDAY OVERNIGHT SHIFT Vlogmas,youtube,53,[143.64] homework with him um then I'm be on my w,had i think i'm going to get
kXOb9lfWU9w,AMAZON WAREHOUSE SHIFT 6pm-4:30am |SUNDAY-WEDNESDAY OVERNIGHT SHIFT Vlogmas,youtube,54,[147.72] and luckily where I work at it's not,another bag but not right now so i can't
kXOb9lfWU9w,AMAZON WAREHOUSE SHIFT 6pm-4:30am |SUNDAY-WEDNESDAY OVERNIGHT SHIFT Vlogmas,youtube,55,[149.48] that,record yeah it is tiny come
kXOb9lfWU9w,AMAZON WAREHOUSE SHIFT 6pm-4:30am |SUNDAY-WEDNESDAY OVERNIGHT SHIFT Vlogmas,youtube,56,[150.88] so I wish I would have got the bag that,tiny come
kXOb9lfWU9w,AMAZON WAREHOUSE SHIFT 6pm-4:30am |SUNDAY-WEDNESDAY OVERNIGHT SHIFT Vlogmas,youtube,57,[153.48] had like I think I'm going to get,on okay you guys i'm on the way to drop
kXOb9lfWU9w,AMAZON WAREHOUSE SHIFT 6pm-4:30am |SUNDAY-WEDNESDAY OVERNIGHT SHIFT Vlogmas,youtube,58,[154.84] another bag but not right now so I can't,c off but i'm about to drink this
kXOb9lfWU9w,AMAZON WAREHOUSE SHIFT 6pm-4:30am |SUNDAY-WEDNESDAY OVERNIGHT SHIFT Vlogmas,youtube,59,[156.16] record anything yeah it is Tiny come,coffee i want to start taking the coffee
kXOb9lfWU9w,AMAZON WAREHOUSE SHIFT 6pm-4:30am |SUNDAY-WEDNESDAY OVERNIGHT SHIFT Vlogmas,youtube,60,[159.48] on,at the right time so a lot of coffee
kXOb9lfWU9w,AMAZON WAREHOUSE SHIFT 6pm-4:30am |SUNDAY-WEDNESDAY OVERNIGHT SHIFT Vlogmas,youtube,61,[161.92] Tiny come,yeah that's a lot of coffee back there
kXOb9lfWU9w,AMAZON WAREHOUSE SHIFT 6pm-4:30am |SUNDAY-WEDNESDAY OVERNIGHT SHIFT Vlogmas,youtube,62,[166.80] on okay you guys I'm on the way to drop,so i'm i'm going to drink one right
kXOb9lfWU9w,AMAZON WAREHOUSE SHIFT 6pm-4:30am |SUNDAY-WEDNESDAY OVERNIGHT SHIFT Vlogmas,youtube,63,[170.12] um C off but I'm about to drink this,before my shift and then at 12 when
kXOb9lfWU9w,AMAZON WAREHOUSE SHIFT 6pm-4:30am |SUNDAY-WEDNESDAY OVERNIGHT SHIFT Vlogmas,youtube,64,[172.04] coffee I want to start taking the coffee,i start to get
kXOb9lfWU9w,AMAZON WAREHOUSE SHIFT 6pm-4:30am |SUNDAY-WEDNESDAY OVERNIGHT SHIFT Vlogmas,youtube,65,[174.20] at the right time so a lot of coffee,sleepy no not 12 baby i'm going to drink
kXOb9lfWU9w,AMAZON WAREHOUSE SHIFT 6pm-4:30am |SUNDAY-WEDNESDAY OVERNIGHT SHIFT Vlogmas,youtube,66,[177.40] yeah that's a lot of coffee back there,another one and then hopefully that
kXOb9lfWU9w,AMAZON WAREHOUSE SHIFT 6pm-4:30am |SUNDAY-WEDNESDAY OVERNIGHT SHIFT Vlogmas,youtube,67,[179.20] so I'm I'm going to drink one right,last me until 5:30 in the morning but i
kXOb9lfWU9w,AMAZON WAREHOUSE SHIFT 6pm-4:30am |SUNDAY-WEDNESDAY OVERNIGHT SHIFT Vlogmas,youtube,68,[180.64] before my shift and then at like 12 when,don't know probably at 1 1 2 3 4 5 6 i
kXOb9lfWU9w,AMAZON WAREHOUSE SHIFT 6pm-4:30am |SUNDAY-WEDNESDAY OVERNIGHT SHIFT Vlogmas,youtube,69,[183.92] I start to get,probably take another one at one but we
kXOb9lfWU9w,AMAZON WAREHOUSE SHIFT 6pm-4:30am |SUNDAY-WEDNESDAY OVERNIGHT SHIFT Vlogmas,youtube,70,[186.96] sleepy no not 12 baby I'm going to drink,about to take this one right now though
kXOb9lfWU9w,AMAZON WAREHOUSE SHIFT 6pm-4:30am |SUNDAY-WEDNESDAY OVERNIGHT SHIFT Vlogmas,youtube,71,[189.76] another one and then hopefully that just,hey guys right now it's 5:38 i'm
kXOb9lfWU9w,AMAZON WAREHOUSE SHIFT 6pm-4:30am |SUNDAY-WEDNESDAY OVERNIGHT SHIFT Vlogmas,youtube,72,[192.68] last me until 5:30 in the morning but I,right here i'm pulling in
kXOb9lfWU9w,AMAZON WAREHOUSE SHIFT 6pm-4:30am |SUNDAY-WEDNESDAY OVERNIGHT SHIFT Vlogmas,youtube,73,[194.68] don't know probably at 1 1 2 3 4 5 6 I,i don't have to clock in until 6:00 i
kXOb9lfWU9w,AMAZON WAREHOUSE SHIFT 6pm-4:30am |SUNDAY-WEDNESDAY OVERNIGHT SHIFT Vlogmas,youtube,74,[199.20] probably take another one at one but we,got to talk to shart because my time my
kXOb9lfWU9w,AMAZON WAREHOUSE SHIFT 6pm-4:30am |SUNDAY-WEDNESDAY OVERNIGHT SHIFT Vlogmas,youtube,75,[200.80] about to take this one right now though,time input from yesterday is wrong
kXOb9lfWU9w,AMAZON WAREHOUSE SHIFT 6pm-4:30am |SUNDAY-WEDNESDAY OVERNIGHT SHIFT Vlogmas,youtube,76,[203.48] hey guys right now it's 5:38 I'm,and they need to fix that because it's
kXOb9lfWU9w,AMAZON WAREHOUSE SHIFT 6pm-4:30am |SUNDAY-WEDNESDAY OVERNIGHT SHIFT Vlogmas,youtube,77,[205.08] literally like right here I'm pulling in,showing that i only have six
kXOb9lfWU9w,AMAZON WAREHOUSE SHIFT 6pm-4:30am |SUNDAY-WEDNESDAY OVERNIGHT SHIFT Vlogmas,youtube,78,[207.64] um I don't have to clock in until 6:00 I,six what do they call
kXOb9lfWU9w,AMAZON WAREHOUSE SHIFT 6pm-4:30am |SUNDAY-WEDNESDAY OVERNIGHT SHIFT Vlogmas,youtube,79,[209.16] got to talk to shart because my time my,it pto pto hours stuff and i supposed to
kXOb9lfWU9w,AMAZON WAREHOUSE SHIFT 6pm-4:30am |SUNDAY-WEDNESDAY OVERNIGHT SHIFT Vlogmas,youtube,80,[212.20] time um input from yesterday is wrong,have 10 but because the way my stuff was
kXOb9lfWU9w,AMAZON WAREHOUSE SHIFT 6pm-4:30am |SUNDAY-WEDNESDAY OVERNIGHT SHIFT Vlogmas,youtube,81,[214.16] and they need to fix that because it's,set up it's
kXOb9lfWU9w,AMAZON WAREHOUSE SHIFT 6pm-4:30am |SUNDAY-WEDNESDAY OVERNIGHT SHIFT Vlogmas,youtube,82,[215.40] showing that I only have six,saying i only got six so they got to fix
kXOb9lfWU9w,AMAZON WAREHOUSE SHIFT 6pm-4:30am |SUNDAY-WEDNESDAY OVERNIGHT SHIFT Vlogmas,youtube,83,[218.20] um six like what do they call,that definitely make sure they fix
kXOb9lfWU9w,AMAZON WAREHOUSE SHIFT 6pm-4:30am |SUNDAY-WEDNESDAY OVERNIGHT SHIFT Vlogmas,youtube,84,[220.92] it PTO PTO hours stuff and I supposed to,that today cuz yeah no we was there
kXOb9lfWU9w,AMAZON WAREHOUSE SHIFT 6pm-4:30am |SUNDAY-WEDNESDAY OVERNIGHT SHIFT Vlogmas,youtube,85,[224.60] have 10 but because the way my stuff was,yesterday the whole day too hopefully i
kXOb9lfWU9w,AMAZON WAREHOUSE SHIFT 6pm-4:30am |SUNDAY-WEDNESDAY OVERNIGHT SHIFT Vlogmas,youtube,86,[226.76] set up it's,don't have had a problem today cuz i'll
kXOb9lfWU9w,AMAZON WAREHOUSE SHIFT 6pm-4:30am |SUNDAY-WEDNESDAY OVERNIGHT SHIFT Vlogmas,youtube,87,[228.08] saying I only got six so they got to fix,be able to clock in and clock out
kXOb9lfWU9w,AMAZON WAREHOUSE SHIFT 6pm-4:30am |SUNDAY-WEDNESDAY OVERNIGHT SHIFT Vlogmas,youtube,88,[230.72] that um definitely make sure they fix,on time and stuff punch in and
kXOb9lfWU9w,AMAZON WAREHOUSE SHIFT 6pm-4:30am |SUNDAY-WEDNESDAY OVERNIGHT SHIFT Vlogmas,youtube,89,[233.36] that today cuz yeah no we was there,punch out on break and stuff
kXOb9lfWU9w,AMAZON WAREHOUSE SHIFT 6pm-4:30am |SUNDAY-WEDNESDAY OVERNIGHT SHIFT Vlogmas,youtube,90,[236.60] yesterday the whole day too hopefully I,so yeah but i'm going to try to make a
kXOb9lfWU9w,AMAZON WAREHOUSE SHIFT 6pm-4:30am |SUNDAY-WEDNESDAY OVERNIGHT SHIFT Vlogmas,youtube,91,[239.44] don't have had a problem today cuz I'll,tik tok before i go in there i said
kXOb9lfWU9w,AMAZON WAREHOUSE SHIFT 6pm-4:30am |SUNDAY-WEDNESDAY OVERNIGHT SHIFT Vlogmas,youtube,92,[240.68] be able to clock in and clock out like,it's
kXOb9lfWU9w,AMAZON WAREHOUSE SHIFT 6pm-4:30am |SUNDAY-WEDNESDAY OVERNIGHT SHIFT Vlogmas,youtube,93,[242.28] on time and stuff like punch in and,5:39 so i have time but i'm try to
kXOb9lfWU9w,AMAZON WAREHOUSE SHIFT 6pm-4:30am |SUNDAY-WEDNESDAY OVERNIGHT SHIFT Vlogmas,youtube,94,[244.00] punch out on break and stuff,get out my car 10 minutes or
kXOb9lfWU9w,AMAZON WAREHOUSE SHIFT 6pm-4:30am |SUNDAY-WEDNESDAY OVERNIGHT SHIFT Vlogmas,youtube,95,[246.56] so yeah but I'm going to try to make a,so we going to see but stay
kXOb9lfWU9w,AMAZON WAREHOUSE SHIFT 6pm-4:30am |SUNDAY-WEDNESDAY OVERNIGHT SHIFT Vlogmas,youtube,96,[249.56] Tik Tok before I go in there like I said,tuned you guys it's day two i'm going to
kXOb9lfWU9w,AMAZON WAREHOUSE SHIFT 6pm-4:30am |SUNDAY-WEDNESDAY OVERNIGHT SHIFT Vlogmas,youtube,97,[251.48] it's,try to do my best to stick this out as
kXOb9lfWU9w,AMAZON WAREHOUSE SHIFT 6pm-4:30am |SUNDAY-WEDNESDAY OVERNIGHT SHIFT Vlogmas,youtube,98,[252.60] 5:39 so I have like time but I'm try to,much as i can i know it's going to be
kXOb9lfWU9w,AMAZON WAREHOUSE SHIFT 6pm-4:30am |SUNDAY-WEDNESDAY OVERNIGHT SHIFT Vlogmas,youtube,99,[256.20] get out my car like 10 minutes or,crazy and long but we going to we g
kXOb9lfWU9w,AMAZON WAREHOUSE SHIFT 6pm-4:30am |SUNDAY-WEDNESDAY OVERNIGHT SHIFT Vlogmas,youtube,100,[257.88] whatever so we going to see but stay,to push through and we going to get this
kXOb9lfWU9w,AMAZON WAREHOUSE SHIFT 6pm-4:30am |SUNDAY-WEDNESDAY OVERNIGHT SHIFT Vlogmas,youtube,101,[260.16] tuned you guys it's day two I'm going to,done cuz i got stuff to do
kXOb9lfWU9w,AMAZON WAREHOUSE SHIFT 6pm-4:30am |SUNDAY-WEDNESDAY OVERNIGHT SHIFT Vlogmas,youtube,102,[263.04] try to do my best to stick this out as,okay okay y it's 5:50 my sc clock
kXOb9lfWU9w,AMAZON WAREHOUSE SHIFT 6pm-4:30am |SUNDAY-WEDNESDAY OVERNIGHT SHIFT Vlogmas,youtube,103,[265.32] much as I can I know it's going to be,in i can't talk too much cuz it's
kXOb9lfWU9w,AMAZON WAREHOUSE SHIFT 6pm-4:30am |SUNDAY-WEDNESDAY OVERNIGHT SHIFT Vlogmas,youtube,104,[268.00] crazy and long but we just going to we G,music playing but wish me luck coming
kXOb9lfWU9w,AMAZON WAREHOUSE SHIFT 6pm-4:30am |SUNDAY-WEDNESDAY OVERNIGHT SHIFT Vlogmas,youtube,105,[269.92] to push through and we gonna get this,down time how you my day to going
kXOb9lfWU9w,AMAZON WAREHOUSE SHIFT 6pm-4:30am |SUNDAY-WEDNESDAY OVERNIGHT SHIFT Vlogmas,youtube,106,[271.12] done cuz I got stuff to do,go i i
kXOb9lfWU9w,AMAZON WAREHOUSE SHIFT 6pm-4:30am |SUNDAY-WEDNESDAY OVERNIGHT SHIFT Vlogmas,youtube,107,[274.36] okay okay y it's like 5:50 my SC clock,okay you guys it's almost not quite
kXOb9lfWU9w,AMAZON WAREHOUSE SHIFT 6pm-4:30am |SUNDAY-WEDNESDAY OVERNIGHT SHIFT Vlogmas,youtube,108,[277.88] in I can't really talk too much cuz it's,i got put in and everybody well not
kXOb9lfWU9w,AMAZON WAREHOUSE SHIFT 6pm-4:30am |SUNDAY-WEDNESDAY OVERNIGHT SHIFT Vlogmas,youtube,109,[279.16] music playing but wish me luck coming,everybody said this is
kXOb9lfWU9w,AMAZON WAREHOUSE SHIFT 6pm-4:30am |SUNDAY-WEDNESDAY OVERNIGHT SHIFT Vlogmas,youtube,110,[281.28] down time how you my day to going,i hope so and it's back
kXOb9lfWU9w,AMAZON WAREHOUSE SHIFT 6pm-4:30am |SUNDAY-WEDNESDAY OVERNIGHT SHIFT Vlogmas,youtube,111,[291.06] [Music],quiet and people on their and they got
kXOb9lfWU9w,AMAZON WAREHOUSE SHIFT 6pm-4:30am |SUNDAY-WEDNESDAY OVERNIGHT SHIFT Vlogmas,youtube,112,[296.00] go I I,hair i that and you
kXOb9lfWU9w,AMAZON WAREHOUSE SHIFT 6pm-4:30am |SUNDAY-WEDNESDAY OVERNIGHT SHIFT Vlogmas,youtube,113,[298.56] literally,work so yeah i'm waiting to figure
kXOb9lfWU9w,AMAZON WAREHOUSE SHIFT 6pm-4:30am |SUNDAY-WEDNESDAY OVERNIGHT SHIFT Vlogmas,youtube,114,[301.20] [Music],out how i'm
kXOb9lfWU9w,AMAZON WAREHOUSE SHIFT 6pm-4:30am |SUNDAY-WEDNESDAY OVERNIGHT SHIFT Vlogmas,youtube,115,[306.04] okay you guys it's like almost not quite,do okay y it's 8:44 time by so i'm
kXOb9lfWU9w,AMAZON WAREHOUSE SHIFT 6pm-4:30am |SUNDAY-WEDNESDAY OVERNIGHT SHIFT Vlogmas,youtube,116,[308.96] I got put in and everybody like well not,over here e my food i'm hungry today so
kXOb9lfWU9w,AMAZON WAREHOUSE SHIFT 6pm-4:30am |SUNDAY-WEDNESDAY OVERNIGHT SHIFT Vlogmas,youtube,117,[312.28] everybody said this is,by time i go to bre i'm in food so when
kXOb9lfWU9w,AMAZON WAREHOUSE SHIFT 6pm-4:30am |SUNDAY-WEDNESDAY OVERNIGHT SHIFT Vlogmas,youtube,118,[315.52] like I hope so and it's like really back,we go back to the
kXOb9lfWU9w,AMAZON WAREHOUSE SHIFT 6pm-4:30am |SUNDAY-WEDNESDAY OVERNIGHT SHIFT Vlogmas,youtube,119,[319.36] quiet and people on their and they got,store snacks bring but so far it's
kXOb9lfWU9w,AMAZON WAREHOUSE SHIFT 6pm-4:30am |SUNDAY-WEDNESDAY OVERNIGHT SHIFT Vlogmas,youtube,120,[321.96] hair I like that and you,cool it's
kXOb9lfWU9w,AMAZON WAREHOUSE SHIFT 6pm-4:30am |SUNDAY-WEDNESDAY OVERNIGHT SHIFT Vlogmas,youtube,121,[325.56] work so yeah I'm just waiting to figure,easy so yeah i'm watching
kXOb9lfWU9w,AMAZON WAREHOUSE SHIFT 6pm-4:30am |SUNDAY-WEDNESDAY OVERNIGHT SHIFT Vlogmas,youtube,122,[328.00] out like how I'm,videos
kXOb9lfWU9w,AMAZON WAREHOUSE SHIFT 6pm-4:30am |SUNDAY-WEDNESDAY OVERNIGHT SHIFT Vlogmas,youtube,123,[332.36] do okay y it's like 8:44 Time by so I'm,okay
kXOb9lfWU9w,AMAZON WAREHOUSE SHIFT 6pm-4:30am |SUNDAY-WEDNESDAY OVERNIGHT SHIFT Vlogmas,youtube,124,[337.60] over here e my food I'm hungry today so,okay y right now it's my back is
kXOb9lfWU9w,AMAZON WAREHOUSE SHIFT 6pm-4:30am |SUNDAY-WEDNESDAY OVERNIGHT SHIFT Vlogmas,youtube,125,[341.08] by time I go to bre I'm in food so when,hurting i'm wai on work i got 1 2 3
kXOb9lfWU9w,AMAZON WAREHOUSE SHIFT 6pm-4:30am |SUNDAY-WEDNESDAY OVERNIGHT SHIFT Vlogmas,youtube,126,[344.24] we go back to the,4 i'm going to
kXOb9lfWU9w,AMAZON WAREHOUSE SHIFT 6pm-4:30am |SUNDAY-WEDNESDAY OVERNIGHT SHIFT Vlogmas,youtube,127,[345.72] store snacks like bring but so far it's,leave they we leave at 4:30 but i'm
kXOb9lfWU9w,AMAZON WAREHOUSE SHIFT 6pm-4:30am |SUNDAY-WEDNESDAY OVERNIGHT SHIFT Vlogmas,youtube,128,[349.68] cool it's,trying to push it and stay until 5:30 i
kXOb9lfWU9w,AMAZON WAREHOUSE SHIFT 6pm-4:30am |SUNDAY-WEDNESDAY OVERNIGHT SHIFT Vlogmas,youtube,129,[353.20] easy so yeah I'm watching,get the extra hour before i get over
kXOb9lfWU9w,AMAZON WAREHOUSE SHIFT 6pm-4:30am |SUNDAY-WEDNESDAY OVERNIGHT SHIFT Vlogmas,youtube,130,[358.48] videos,time what
kXOb9lfWU9w,AMAZON WAREHOUSE SHIFT 6pm-4:30am |SUNDAY-WEDNESDAY OVERNIGHT SHIFT Vlogmas,youtube,131,[386.28] okay,okay y'all it's
kXOb9lfWU9w,AMAZON WAREHOUSE SHIFT 6pm-4:30am |SUNDAY-WEDNESDAY OVERNIGHT SHIFT Vlogmas,youtube,132,[388.40] I,4:26 they came around and said we
kXOb9lfWU9w,AMAZON WAREHOUSE SHIFT 6pm-4:30am |SUNDAY-WEDNESDAY OVERNIGHT SHIFT Vlogmas,youtube,133,[393.23] [Music],wanted to leave at 4:30 but i got get
kXOb9lfWU9w,AMAZON WAREHOUSE SHIFT 6pm-4:30am |SUNDAY-WEDNESDAY OVERNIGHT SHIFT Vlogmas,youtube,134,[398.64] okay y right now it's my back is,this money so and there's no point
kXOb9lfWU9w,AMAZON WAREHOUSE SHIFT 6pm-4:30am |SUNDAY-WEDNESDAY OVERNIGHT SHIFT Vlogmas,youtube,135,[403.60] hurting I'm Wai on work I got like 1 2 3,i'm going to be chilling
kXOb9lfWU9w,AMAZON WAREHOUSE SHIFT 6pm-4:30am |SUNDAY-WEDNESDAY OVERNIGHT SHIFT Vlogmas,youtube,136,[406.52] 4 I'm going to,until 5:30 that's time i
kXOb9lfWU9w,AMAZON WAREHOUSE SHIFT 6pm-4:30am |SUNDAY-WEDNESDAY OVERNIGHT SHIFT Vlogmas,youtube,137,[409.76] leave they we leave at 4:30 but I'm,mom house my sister and my son so i'm 53
kXOb9lfWU9w,AMAZON WAREHOUSE SHIFT 6pm-4:30am |SUNDAY-WEDNESDAY OVERNIGHT SHIFT Vlogmas,youtube,138,[412.76] trying to push it and stay until 5:30 I,my son's going to be working at
kXOb9lfWU9w,AMAZON WAREHOUSE SHIFT 6pm-4:30am |SUNDAY-WEDNESDAY OVERNIGHT SHIFT Vlogmas,youtube,139,[415.60] get the extra hour before I get over,6:30 the only thing that bothered me
kXOb9lfWU9w,AMAZON WAREHOUSE SHIFT 6pm-4:30am |SUNDAY-WEDNESDAY OVERNIGHT SHIFT Vlogmas,youtube,140,[418.60] time what,about
kXOb9lfWU9w,AMAZON WAREHOUSE SHIFT 6pm-4:30am |SUNDAY-WEDNESDAY OVERNIGHT SHIFT Vlogmas,youtube,141,[431.44] okay y'all it's,today the work is easy it's
kXOb9lfWU9w,AMAZON WAREHOUSE SHIFT 6pm-4:30am |SUNDAY-WEDNESDAY OVERNIGHT SHIFT Vlogmas,youtube,142,[433.24] 4:26 they just came around and said we,ch no mes you trying to work on
kXOb9lfWU9w,AMAZON WAREHOUSE SHIFT 6pm-4:30am |SUNDAY-WEDNESDAY OVERNIGHT SHIFT Vlogmas,youtube,143,[435.52] wanted to leave at 4:30 but I got get,think about that instead of
kXOb9lfWU9w,AMAZON WAREHOUSE SHIFT 6pm-4:30am |SUNDAY-WEDNESDAY OVERNIGHT SHIFT Vlogmas,youtube,144,[438.24] this money so and there's no point like,thinking about
kXOb9lfWU9w,AMAZON WAREHOUSE SHIFT 6pm-4:30am |SUNDAY-WEDNESDAY OVERNIGHT SHIFT Vlogmas,youtube,145,[443.16] I'm literally just going to be chilling,what you doing i don't know
kXOb9lfWU9w,AMAZON WAREHOUSE SHIFT 6pm-4:30am |SUNDAY-WEDNESDAY OVERNIGHT SHIFT Vlogmas,youtube,146,[444.60] until like 5:30 that's time I,you got to have
kXOb9lfWU9w,AMAZON WAREHOUSE SHIFT 6pm-4:30am |SUNDAY-WEDNESDAY OVERNIGHT SHIFT Vlogmas,youtube,147,[448.32] like,an hour almost an
kXOb9lfWU9w,AMAZON WAREHOUSE SHIFT 6pm-4:30am |SUNDAY-WEDNESDAY OVERNIGHT SHIFT Vlogmas,youtube,148,[450.00] mom house my sister and my son so I'm 53,hour everybody else you stand you
kXOb9lfWU9w,AMAZON WAREHOUSE SHIFT 6pm-4:30am |SUNDAY-WEDNESDAY OVERNIGHT SHIFT Vlogmas,youtube,149,[454.36] my son's going to be working at,know leave right i was yeah but
kXOb9lfWU9w,AMAZON WAREHOUSE SHIFT 6pm-4:30am |SUNDAY-WEDNESDAY OVERNIGHT SHIFT Vlogmas,youtube,150,[462.44] 6:30 the only thing that bothered me,i'm then i was still working they was
kXOb9lfWU9w,AMAZON WAREHOUSE SHIFT 6pm-4:30am |SUNDAY-WEDNESDAY OVERNIGHT SHIFT Vlogmas,youtube,151,[464.76] about,you don't got to work it's time to
kXOb9lfWU9w,AMAZON WAREHOUSE SHIFT 6pm-4:30am |SUNDAY-WEDNESDAY OVERNIGHT SHIFT Vlogmas,youtube,152,[465.70] [Music],go i was no
kXOb9lfWU9w,AMAZON WAREHOUSE SHIFT 6pm-4:30am |SUNDAY-WEDNESDAY OVERNIGHT SHIFT Vlogmas,youtube,153,[469.84] today like the work is easy it's,i'm
kXOb9lfWU9w,AMAZON WAREHOUSE SHIFT 6pm-4:30am |SUNDAY-WEDNESDAY OVERNIGHT SHIFT Vlogmas,youtube,154,[473.62] [Music],i'm all right y it's
kXOb9lfWU9w,AMAZON WAREHOUSE SHIFT 6pm-4:30am |SUNDAY-WEDNESDAY OVERNIGHT SHIFT Vlogmas,youtube,155,[477.48] ch no mes whatever you trying to work on,5:24 my back is killing i'm not going to
kXOb9lfWU9w,AMAZON WAREHOUSE SHIFT 6pm-4:30am |SUNDAY-WEDNESDAY OVERNIGHT SHIFT Vlogmas,youtube,156,[480.56] just think about that instead of,hold it but i'm walking down towards
kXOb9lfWU9w,AMAZON WAREHOUSE SHIFT 6pm-4:30am |SUNDAY-WEDNESDAY OVERNIGHT SHIFT Vlogmas,youtube,157,[482.00] thinking about,down i'm all the way at
kXOb9lfWU9w,AMAZON WAREHOUSE SHIFT 6pm-4:30am |SUNDAY-WEDNESDAY OVERNIGHT SHIFT Vlogmas,youtube,158,[484.56] like what you doing I don't know like,the top it's four different
kXOb9lfWU9w,AMAZON WAREHOUSE SHIFT 6pm-4:30am |SUNDAY-WEDNESDAY OVERNIGHT SHIFT Vlogmas,youtube,159,[486.68] you just got to have,floors and i'm walking down about tr to
kXOb9lfWU9w,AMAZON WAREHOUSE SHIFT 6pm-4:30am |SUNDAY-WEDNESDAY OVERNIGHT SHIFT Vlogmas,youtube,160,[488.75] [Music],get down she was close timey to
kXOb9lfWU9w,AMAZON WAREHOUSE SHIFT 6pm-4:30am |SUNDAY-WEDNESDAY OVERNIGHT SHIFT Vlogmas,youtube,161,[491.56] like an hour almost an,clock
kXOb9lfWU9w,AMAZON WAREHOUSE SHIFT 6pm-4:30am |SUNDAY-WEDNESDAY OVERNIGHT SHIFT Vlogmas,youtube,162,[496.76] hour everybody else like you stand you,out i'm i ain't going to hold you at
kXOb9lfWU9w,AMAZON WAREHOUSE SHIFT 6pm-4:30am |SUNDAY-WEDNESDAY OVERNIGHT SHIFT Vlogmas,youtube,163,[500.32] know leave right I was like yeah but,4:30 i okay i'm going to go then i
kXOb9lfWU9w,AMAZON WAREHOUSE SHIFT 6pm-4:30am |SUNDAY-WEDNESDAY OVERNIGHT SHIFT Vlogmas,youtube,164,[508.24] I'm then I was still working they was,push myself and i was sti it
kXOb9lfWU9w,AMAZON WAREHOUSE SHIFT 6pm-4:30am |SUNDAY-WEDNESDAY OVERNIGHT SHIFT Vlogmas,youtube,165,[510.52] like you don't got to work it's time to,out this shirt jackie making my tit look
kXOb9lfWU9w,AMAZON WAREHOUSE SHIFT 6pm-4:30am |SUNDAY-WEDNESDAY OVERNIGHT SHIFT Vlogmas,youtube,166,[512.36] go I was like no,they to the
kXOb9lfWU9w,AMAZON WAREHOUSE SHIFT 6pm-4:30am |SUNDAY-WEDNESDAY OVERNIGHT SHIFT Vlogmas,youtube,167,[517.24] I'm,floor but i push
kXOb9lfWU9w,AMAZON WAREHOUSE SHIFT 6pm-4:30am |SUNDAY-WEDNESDAY OVERNIGHT SHIFT Vlogmas,youtube,168,[524.04] I'm all right y it's,myself i had met my man too but that was
kXOb9lfWU9w,AMAZON WAREHOUSE SHIFT 6pm-4:30am |SUNDAY-WEDNESDAY OVERNIGHT SHIFT Vlogmas,youtube,169,[527.40] 5:24 my back is killing I'm not going to,way earlier he he be
kXOb9lfWU9w,AMAZON WAREHOUSE SHIFT 6pm-4:30am |SUNDAY-WEDNESDAY OVERNIGHT SHIFT Vlogmas,youtube,170,[529.68] hold it but I'm walking down towards,on level two so i won't be on that level
kXOb9lfWU9w,AMAZON WAREHOUSE SHIFT 6pm-4:30am |SUNDAY-WEDNESDAY OVERNIGHT SHIFT Vlogmas,youtube,171,[532.76] like down I'm literally all the way at,well i'm try not be on that level but he
kXOb9lfWU9w,AMAZON WAREHOUSE SHIFT 6pm-4:30am |SUNDAY-WEDNESDAY OVERNIGHT SHIFT Vlogmas,youtube,172,[534.20] the top it's like four different,was cool i guess he did walk
kXOb9lfWU9w,AMAZON WAREHOUSE SHIFT 6pm-4:30am |SUNDAY-WEDNESDAY OVERNIGHT SHIFT Vlogmas,youtube,173,[537.28] floors and I'm walking down about TR to,around on my floor different time
kXOb9lfWU9w,AMAZON WAREHOUSE SHIFT 6pm-4:30am |SUNDAY-WEDNESDAY OVERNIGHT SHIFT Vlogmas,youtube,174,[539.68] get down she was close timey to like,but most part day two i learned
kXOb9lfWU9w,AMAZON WAREHOUSE SHIFT 6pm-4:30am |SUNDAY-WEDNESDAY OVERNIGHT SHIFT Vlogmas,youtube,175,[542.80] clock,what i was doing and it was
kXOb9lfWU9w,AMAZON WAREHOUSE SHIFT 6pm-4:30am |SUNDAY-WEDNESDAY OVERNIGHT SHIFT Vlogmas,youtube,176,[545.92] out I'm I ain't going to hold you at,chill or
kXOb9lfWU9w,AMAZON WAREHOUSE SHIFT 6pm-4:30am |SUNDAY-WEDNESDAY OVERNIGHT SHIFT Vlogmas,youtube,177,[548.32] like 4:30 I okay I'm going to go then I,i got to go get my
kXOb9lfWU9w,AMAZON WAREHOUSE SHIFT 6pm-4:30am |SUNDAY-WEDNESDAY OVERNIGHT SHIFT Vlogmas,youtube,178,[550.84] push myself and I was like just STI it,baby lay down
kXOb9lfWU9w,AMAZON WAREHOUSE SHIFT 6pm-4:30am |SUNDAY-WEDNESDAY OVERNIGHT SHIFT Vlogmas,youtube,179,[553.64] out this shirt Jackie making my tit look,down over i'm going to
kXOb9lfWU9w,AMAZON WAREHOUSE SHIFT 6pm-4:30am |SUNDAY-WEDNESDAY OVERNIGHT SHIFT Vlogmas,youtube,180,[556.56] like they to the,stay
kXOb9lfWU9w,AMAZON WAREHOUSE SHIFT 6pm-4:30am |SUNDAY-WEDNESDAY OVERNIGHT SHIFT Vlogmas,youtube,181,[559.04] floor but um I push,vloging i get to
kXOb9lfWU9w,AMAZON WAREHOUSE SHIFT 6pm-4:30am |SUNDAY-WEDNESDAY OVERNIGHT SHIFT Vlogmas,youtube,182,[564.60] myself I had met my man too but that was,the killing
kXOb9lfWU9w,AMAZON WAREHOUSE SHIFT 6pm-4:30am |SUNDAY-WEDNESDAY OVERNIGHT SHIFT Vlogmas,youtube,183,[567.60] like way earlier like like he like he be,me is killing me i'm def have to
kXOb9lfWU9w,AMAZON WAREHOUSE SHIFT 6pm-4:30am |SUNDAY-WEDNESDAY OVERNIGHT SHIFT Vlogmas,youtube,184,[570.88] on level two so I won't be on that level,get a back
kXOb9lfWU9w,AMAZON WAREHOUSE SHIFT 6pm-4:30am |SUNDAY-WEDNESDAY OVERNIGHT SHIFT Vlogmas,youtube,185,[575.08] well I'm try not be on that level but he,first don't how much
kXOb9lfWU9w,AMAZON WAREHOUSE SHIFT 6pm-4:30am |SUNDAY-WEDNESDAY OVERNIGHT SHIFT Vlogmas,youtube,186,[577.00] was cool I guess he did walk,c it feel it a lot
kXOb9lfWU9w,AMAZON WAREHOUSE SHIFT 6pm-4:30am |SUNDAY-WEDNESDAY OVERNIGHT SHIFT Vlogmas,youtube,187,[581.48] around on my floor like different time,of pressure and then i don't know if
kXOb9lfWU9w,AMAZON WAREHOUSE SHIFT 6pm-4:30am |SUNDAY-WEDNESDAY OVERNIGHT SHIFT Vlogmas,youtube,188,[584.96] but most part day two I just learned,it's i'm on period
kXOb9lfWU9w,AMAZON WAREHOUSE SHIFT 6pm-4:30am |SUNDAY-WEDNESDAY OVERNIGHT SHIFT Vlogmas,youtube,189,[588.16] like what I was doing and it was like,it's a lot of pressure if you
kXOb9lfWU9w,AMAZON WAREHOUSE SHIFT 6pm-4:30am |SUNDAY-WEDNESDAY OVERNIGHT SHIFT Vlogmas,youtube,190,[590.64] chill or,ever had a baby but it's not compared to
kXOb9lfWU9w,AMAZON WAREHOUSE SHIFT 6pm-4:30am |SUNDAY-WEDNESDAY OVERNIGHT SHIFT Vlogmas,youtube,191,[592.52] whatever I got to go get my,a baby you know that pressure that
kXOb9lfWU9w,AMAZON WAREHOUSE SHIFT 6pm-4:30am |SUNDAY-WEDNESDAY OVERNIGHT SHIFT Vlogmas,youtube,192,[597.20] baby lay down,going
kXOb9lfWU9w,AMAZON WAREHOUSE SHIFT 6pm-4:30am |SUNDAY-WEDNESDAY OVERNIGHT SHIFT Vlogmas,youtube,193,[599.80] down over I'm going to,it it's so big up
kXOb9lfWU9w,AMAZON WAREHOUSE SHIFT 6pm-4:30am |SUNDAY-WEDNESDAY OVERNIGHT SHIFT Vlogmas,youtube,194,[602.56] stay,here this warehouse
kXOb9lfWU9w,AMAZON WAREHOUSE SHIFT 6pm-4:30am |SUNDAY-WEDNESDAY OVERNIGHT SHIFT Vlogmas,youtube,195,[604.44] vloging I get to,is let me see how many minut
kXOb9lfWU9w,AMAZON WAREHOUSE SHIFT 6pm-4:30am |SUNDAY-WEDNESDAY OVERNIGHT SHIFT Vlogmas,youtube,196,[606.09] [Music],k now it's
kXOb9lfWU9w,AMAZON WAREHOUSE SHIFT 6pm-4:30am |SUNDAY-WEDNESDAY OVERNIGHT SHIFT Vlogmas,youtube,197,[607.88] the killing,57 put three minutes walk still
kXOb9lfWU9w,AMAZON WAREHOUSE SHIFT 6pm-4:30am |SUNDAY-WEDNESDAY OVERNIGHT SHIFT Vlogmas,youtube,198,[611.16] me is killing me like I'm def have to,lay down
kXOb9lfWU9w,AMAZON WAREHOUSE SHIFT 6pm-4:30am |SUNDAY-WEDNESDAY OVERNIGHT SHIFT Vlogmas,youtube,199,[616.00] get a back,comment down below and tell me if you
kXOb9lfWU9w,AMAZON WAREHOUSE SHIFT 6pm-4:30am |SUNDAY-WEDNESDAY OVERNIGHT SHIFT Vlogmas,youtube,200,[617.68] first don't how much,work at amazon which section do you work
kXOb9lfWU9w,AMAZON WAREHOUSE SHIFT 6pm-4:30am |SUNDAY-WEDNESDAY OVERNIGHT SHIFT Vlogmas,youtube,201,[622.84] C it just feel like it just like a lot,at i do st and do you it or if you
kXOb9lfWU9w,AMAZON WAREHOUSE SHIFT 6pm-4:30am |SUNDAY-WEDNESDAY OVERNIGHT SHIFT Vlogmas,youtube,202,[626.68] of pressure and then I don't know if,could pick a section you work it what
kXOb9lfWU9w,AMAZON WAREHOUSE SHIFT 6pm-4:30am |SUNDAY-WEDNESDAY OVERNIGHT SHIFT Vlogmas,youtube,203,[628.08] it's I'm on period,section you work it and surprisingly i'm
kXOb9lfWU9w,AMAZON WAREHOUSE SHIFT 6pm-4:30am |SUNDAY-WEDNESDAY OVERNIGHT SHIFT Vlogmas,youtube,204,[630.04] it's like a lot of pressure like if you,not
kXOb9lfWU9w,AMAZON WAREHOUSE SHIFT 6pm-4:30am |SUNDAY-WEDNESDAY OVERNIGHT SHIFT Vlogmas,youtube,205,[632.24] ever had a baby but it's not compared to,sleepy my body
kXOb9lfWU9w,AMAZON WAREHOUSE SHIFT 6pm-4:30am |SUNDAY-WEDNESDAY OVERNIGHT SHIFT Vlogmas,youtube,206,[634.44] a baby you just know that pressure that,my arm h
kXOb9lfWU9w,AMAZON WAREHOUSE SHIFT 6pm-4:30am |SUNDAY-WEDNESDAY OVERNIGHT SHIFT Vlogmas,youtube,207,[637.80] going,i i do got to
kXOb9lfWU9w,AMAZON WAREHOUSE SHIFT 6pm-4:30am |SUNDAY-WEDNESDAY OVERNIGHT SHIFT Vlogmas,youtube,208,[642.32] it it's so big up,walk down all these stairs
kXOb9lfWU9w,AMAZON WAREHOUSE SHIFT 6pm-4:30am |SUNDAY-WEDNESDAY OVERNIGHT SHIFT Vlogmas,youtube,209,[645.48] here this Warehouse,hope my headon i'm w for
kXOb9lfWU9w,AMAZON WAREHOUSE SHIFT 6pm-4:30am |SUNDAY-WEDNESDAY OVERNIGHT SHIFT Vlogmas,youtube,210,[647.80] is let me see how many minut,my i'm waiting for
kXOb9lfWU9w,AMAZON WAREHOUSE SHIFT 6pm-4:30am |SUNDAY-WEDNESDAY OVERNIGHT SHIFT Vlogmas,youtube,211,[650.80] K now it's,my cal
kXOb9lfWU9w,AMAZON WAREHOUSE SHIFT 6pm-4:30am |SUNDAY-WEDNESDAY OVERNIGHT SHIFT Vlogmas,youtube,212,[653.72] 57 whatever put three minutes walk still,up let's
kXOb9lfWU9w,AMAZON WAREHOUSE SHIFT 6pm-4:30am |SUNDAY-WEDNESDAY OVERNIGHT SHIFT Vlogmas,youtube,213,[658.52] lay down,do okay you guys i didn't get to bre the
kXOb9lfWU9w,AMAZON WAREHOUSE SHIFT 6pm-4:30am |SUNDAY-WEDNESDAY OVERNIGHT SHIFT Vlogmas,youtube,214,[661.68] comment down below and tell me if you,video from this morning but it's
kXOb9lfWU9w,AMAZON WAREHOUSE SHIFT 6pm-4:30am |SUNDAY-WEDNESDAY OVERNIGHT SHIFT Vlogmas,youtube,215,[662.76] work at Amazon which section do you work,time me to go to work again
kXOb9lfWU9w,AMAZON WAREHOUSE SHIFT 6pm-4:30am |SUNDAY-WEDNESDAY OVERNIGHT SHIFT Vlogmas,youtube,216,[665.80] at I do St and do you like it or if you,i got to get ready to drop my son off to
kXOb9lfWU9w,AMAZON WAREHOUSE SHIFT 6pm-4:30am |SUNDAY-WEDNESDAY OVERNIGHT SHIFT Vlogmas,youtube,217,[670.20] could pick a section you work it what,my mom house and then i'm about to go to
kXOb9lfWU9w,AMAZON WAREHOUSE SHIFT 6pm-4:30am |SUNDAY-WEDNESDAY OVERNIGHT SHIFT Vlogmas,youtube,218,[671.96] section you work it and surprisingly I'm,work but if y'all got any questions
kXOb9lfWU9w,AMAZON WAREHOUSE SHIFT 6pm-4:30am |SUNDAY-WEDNESDAY OVERNIGHT SHIFT Vlogmas,youtube,219,[675.20] not,or comment down below even
kXOb9lfWU9w,AMAZON WAREHOUSE SHIFT 6pm-4:30am |SUNDAY-WEDNESDAY OVERNIGHT SHIFT Vlogmas,youtube,220,[676.08] sleepy my body,though i'm working every single well no
kXOb9lfWU9w,AMAZON WAREHOUSE SHIFT 6pm-4:30am |SUNDAY-WEDNESDAY OVERNIGHT SHIFT Vlogmas,youtube,221,[679.92] just my arm h,i'm not working every single day i'm
kXOb9lfWU9w,AMAZON WAREHOUSE SHIFT 6pm-4:30am |SUNDAY-WEDNESDAY OVERNIGHT SHIFT Vlogmas,youtube,222,[683.00] i I do got to,working every single day but not at that
kXOb9lfWU9w,AMAZON WAREHOUSE SHIFT 6pm-4:30am |SUNDAY-WEDNESDAY OVERNIGHT SHIFT Vlogmas,youtube,223,[686.28] walk down all these stairs,job but i'm trying to push myself to
kXOb9lfWU9w,AMAZON WAREHOUSE SHIFT 6pm-4:30am |SUNDAY-WEDNESDAY OVERNIGHT SHIFT Vlogmas,youtube,224,[691.12] hope my headon I'm W for,upload every single day go hard
kXOb9lfWU9w,AMAZON WAREHOUSE SHIFT 6pm-4:30am |SUNDAY-WEDNESDAY OVERNIGHT SHIFT Vlogmas,youtube,225,[698.04] my I'm waiting for,with my content we going super hard
kXOb9lfWU9w,AMAZON WAREHOUSE SHIFT 6pm-4:30am |SUNDAY-WEDNESDAY OVERNIGHT SHIFT Vlogmas,youtube,226,[701.72] my Cal,it's bad te it's my season so y got
kXOb9lfWU9w,AMAZON WAREHOUSE SHIFT 6pm-4:30am |SUNDAY-WEDNESDAY OVERNIGHT SHIFT Vlogmas,youtube,227,[706.64] up let's,any questions let me know today is
kXOb9lfWU9w,AMAZON WAREHOUSE SHIFT 6pm-4:30am |SUNDAY-WEDNESDAY OVERNIGHT SHIFT Vlogmas,youtube,228,[708.72] do okay you guys I didn't get to bre the,day three of me working i think i'm
kXOb9lfWU9w,AMAZON WAREHOUSE SHIFT 6pm-4:30am |SUNDAY-WEDNESDAY OVERNIGHT SHIFT Vlogmas,youtube,229,[710.88] video from this morning but it's,going to vlog today i don't know
kXOb9lfWU9w,AMAZON WAREHOUSE SHIFT 6pm-4:30am |SUNDAY-WEDNESDAY OVERNIGHT SHIFT Vlogmas,youtube,230,[712.52] literally time me to go to work again um,i don't want it to be
kXOb9lfWU9w,AMAZON WAREHOUSE SHIFT 6pm-4:30am |SUNDAY-WEDNESDAY OVERNIGHT SHIFT Vlogmas,youtube,231,[715.28] I got to get ready to drop my son off to,repetitive or i don't know so i
kXOb9lfWU9w,AMAZON WAREHOUSE SHIFT 6pm-4:30am |SUNDAY-WEDNESDAY OVERNIGHT SHIFT Vlogmas,youtube,232,[716.72] my mom house and then I'm about to go to,feel i still should vlog you
kXOb9lfWU9w,AMAZON WAREHOUSE SHIFT 6pm-4:30am |SUNDAY-WEDNESDAY OVERNIGHT SHIFT Vlogmas,youtube,233,[718.56] work but if y'all got like any questions,never know but
kXOb9lfWU9w,AMAZON WAREHOUSE SHIFT 6pm-4:30am |SUNDAY-WEDNESDAY OVERNIGHT SHIFT Vlogmas,youtube,234,[720.12] or anything comment down below even,i don't know i feel i should
kXOb9lfWU9w,AMAZON WAREHOUSE SHIFT 6pm-4:30am |SUNDAY-WEDNESDAY OVERNIGHT SHIFT Vlogmas,youtube,235,[722.20] though I'm working every single well no,vlog you never know but we'll see but
kXOb9lfWU9w,AMAZON WAREHOUSE SHIFT 6pm-4:30am |SUNDAY-WEDNESDAY OVERNIGHT SHIFT Vlogmas,youtube,236,[724.80] I'm not working every single day I'm,stay well a stay tun if you guys new to
kXOb9lfWU9w,AMAZON WAREHOUSE SHIFT 6pm-4:30am |SUNDAY-WEDNESDAY OVERNIGHT SHIFT Vlogmas,youtube,237,[726.52] working every single day but not at that,my channel make sure you hit that
kXOb9lfWU9w,AMAZON WAREHOUSE SHIFT 6pm-4:30am |SUNDAY-WEDNESDAY OVERNIGHT SHIFT Vlogmas,youtube,238,[727.92] job but I'm trying to push myself to,subscribe button make sure you follow me
kXOb9lfWU9w,AMAZON WAREHOUSE SHIFT 6pm-4:30am |SUNDAY-WEDNESDAY OVERNIGHT SHIFT Vlogmas,youtube,239,[730.32] upload every single day like go hard,on tik tok i'm trying to get monetized
kXOb9lfWU9w,AMAZON WAREHOUSE SHIFT 6pm-4:30am |SUNDAY-WEDNESDAY OVERNIGHT SHIFT Vlogmas,youtube,240,[731.96] with my content we just going super hard,"on tik tok i need 10,000 subscribers but"
kXOb9lfWU9w,AMAZON WAREHOUSE SHIFT 6pm-4:30am |SUNDAY-WEDNESDAY OVERNIGHT SHIFT Vlogmas,youtube,241,[733.72] like it's bad te it's my season so y got,for now i need th000 subscribers to go
kXOb9lfWU9w,AMAZON WAREHOUSE SHIFT 6pm-4:30am |SUNDAY-WEDNESDAY OVERNIGHT SHIFT Vlogmas,youtube,242,[736.44] like any questions let me know today is,live so y'all follow me on tik tok
kXOb9lfWU9w,AMAZON WAREHOUSE SHIFT 6pm-4:30am |SUNDAY-WEDNESDAY OVERNIGHT SHIFT Vlogmas,youtube,243,[738.84] day three of me working I think I'm,please help me get that bag but this it
kXOb9lfWU9w,AMAZON WAREHOUSE SHIFT 6pm-4:30am |SUNDAY-WEDNESDAY OVERNIGHT SHIFT Vlogmas,youtube,244,[740.96] going to Vlog today I just don't know,for this video i'm going catch you guys
kXOb9lfWU9w,AMAZON WAREHOUSE SHIFT 6pm-4:30am |SUNDAY-WEDNESDAY OVERNIGHT SHIFT Vlogmas,youtube,245,[742.28] like I don't want it to be like,in the next video
kXOb9lfWU9w,AMAZON WAREHOUSE SHIFT 6pm-4:30am |SUNDAY-WEDNESDAY OVERNIGHT SHIFT Vlogmas,youtube,246,[743.40] repetitive or anything I don't know so I,bye
kXOb9lfWU9w,AMAZON WAREHOUSE SHIFT 6pm-4:30am |SUNDAY-WEDNESDAY OVERNIGHT SHIFT Vlogmas,youtube,247,[746.96] feel like I still should Vlog like you,[746.96] feel like I still should Vlog like you
kXOb9lfWU9w,AMAZON WAREHOUSE SHIFT 6pm-4:30am |SUNDAY-WEDNESDAY OVERNIGHT SHIFT Vlogmas,youtube,248,[748.24] never know but,[748.24] never know but
kXOb9lfWU9w,AMAZON WAREHOUSE SHIFT 6pm-4:30am |SUNDAY-WEDNESDAY OVERNIGHT SHIFT Vlogmas,youtube,249,[750.72] um I don't know I feel like I should,[750.72] um I don't know I feel like I should
kXOb9lfWU9w,AMAZON WAREHOUSE SHIFT 6pm-4:30am |SUNDAY-WEDNESDAY OVERNIGHT SHIFT Vlogmas,youtube,250,[752.68] Vlog you never know but we'll see but,[752.68] Vlog you never know but we'll see but
kXOb9lfWU9w,AMAZON WAREHOUSE SHIFT 6pm-4:30am |SUNDAY-WEDNESDAY OVERNIGHT SHIFT Vlogmas,youtube,251,[755.68] stay well a stay tun if you guys new to,[755.68] stay well a stay tun if you guys new to
kXOb9lfWU9w,AMAZON WAREHOUSE SHIFT 6pm-4:30am |SUNDAY-WEDNESDAY OVERNIGHT SHIFT Vlogmas,youtube,252,[758.92] my channel make sure you um hit that,[758.92] my channel make sure you um hit that
kXOb9lfWU9w,AMAZON WAREHOUSE SHIFT 6pm-4:30am |SUNDAY-WEDNESDAY OVERNIGHT SHIFT Vlogmas,youtube,253,[761.04] subscribe button make sure you follow me,[761.04] subscribe button make sure you follow me
kXOb9lfWU9w,AMAZON WAREHOUSE SHIFT 6pm-4:30am |SUNDAY-WEDNESDAY OVERNIGHT SHIFT Vlogmas,youtube,254,[762.92] on Tik Tok I'm trying to get monetized,[762.92] on Tik Tok I'm trying to get monetized
kXOb9lfWU9w,AMAZON WAREHOUSE SHIFT 6pm-4:30am |SUNDAY-WEDNESDAY OVERNIGHT SHIFT Vlogmas,youtube,255,"[764.20] on Tik Tok I need 10,000 subscribers but","[764.20] on Tik Tok I need 10,000 subscribers but"
kXOb9lfWU9w,AMAZON WAREHOUSE SHIFT 6pm-4:30am |SUNDAY-WEDNESDAY OVERNIGHT SHIFT Vlogmas,youtube,256,[766.04] for now I need th000 subscribers to go,[766.04] for now I need th000 subscribers to go
kXOb9lfWU9w,AMAZON WAREHOUSE SHIFT 6pm-4:30am |SUNDAY-WEDNESDAY OVERNIGHT SHIFT Vlogmas,youtube,257,[767.56] live so y'all follow me on Tik Tok,[767.56] live so y'all follow me on Tik Tok
kXOb9lfWU9w,AMAZON WAREHOUSE SHIFT 6pm-4:30am |SUNDAY-WEDNESDAY OVERNIGHT SHIFT Vlogmas,youtube,258,[770.64] please help me get that bag but this it,[770.64] please help me get that bag but this it
kXOb9lfWU9w,AMAZON WAREHOUSE SHIFT 6pm-4:30am |SUNDAY-WEDNESDAY OVERNIGHT SHIFT Vlogmas,youtube,259,[773.56] for this video I'm going catch you guys,[773.56] for this video I'm going catch you guys
kXOb9lfWU9w,AMAZON WAREHOUSE SHIFT 6pm-4:30am |SUNDAY-WEDNESDAY OVERNIGHT SHIFT Vlogmas,youtube,260,[774.56] in the next video,[774.56] in the next video
kXOb9lfWU9w,AMAZON WAREHOUSE SHIFT 6pm-4:30am |SUNDAY-WEDNESDAY OVERNIGHT SHIFT Vlogmas,youtube,261,[777.84] bye,[777.84] bye
kXOb9lfWU9w,AMAZON WAREHOUSE SHIFT 6pm-4:30am |SUNDAY-WEDNESDAY OVERNIGHT SHIFT Vlogmas,youtube,262,[779.60] a,[779.60] a
lxBjYK8wHt4,WORKING AT AMAZON WAREHOUSE + COME TO WORK WITH ME: FIRST DAY,youtube,1,[0.00] this is what y'all need to know if,this is what y'all need to know if
lxBjYK8wHt4,WORKING AT AMAZON WAREHOUSE + COME TO WORK WITH ME: FIRST DAY,youtube,2,[1.36] you're working at amazon warehouse,you're working at amazon warehouse
lxBjYK8wHt4,WORKING AT AMAZON WAREHOUSE + COME TO WORK WITH ME: FIRST DAY,youtube,3,[3.36] please listen,please listen
lxBjYK8wHt4,WORKING AT AMAZON WAREHOUSE + COME TO WORK WITH ME: FIRST DAY,youtube,4,[6.40] [Music],what's up y'all welcome and welcome back
lxBjYK8wHt4,WORKING AT AMAZON WAREHOUSE + COME TO WORK WITH ME: FIRST DAY,youtube,5,[8.32] what's up y'all welcome and welcome back,to my channel it's your girl jada lynn
lxBjYK8wHt4,WORKING AT AMAZON WAREHOUSE + COME TO WORK WITH ME: FIRST DAY,youtube,6,[10.16] to my channel it's your girl jada lynn,for those who don't know how
lxBjYK8wHt4,WORKING AT AMAZON WAREHOUSE + COME TO WORK WITH ME: FIRST DAY,youtube,7,[11.84] for those who don't know how you know,and as by the title of this
lxBjYK8wHt4,WORKING AT AMAZON WAREHOUSE + COME TO WORK WITH ME: FIRST DAY,youtube,8,[13.20] and as you see by the title of this,video your girl is giving you a part
lxBjYK8wHt4,WORKING AT AMAZON WAREHOUSE + COME TO WORK WITH ME: FIRST DAY,youtube,9,[15.20] video your girl is giving you a part,three because i did two videos already
lxBjYK8wHt4,WORKING AT AMAZON WAREHOUSE + COME TO WORK WITH ME: FIRST DAY,youtube,10,[17.28] three because i did two videos already,but my third
lxBjYK8wHt4,WORKING AT AMAZON WAREHOUSE + COME TO WORK WITH ME: FIRST DAY,youtube,11,[18.96] but my third,it's my third wait
lxBjYK8wHt4,WORKING AT AMAZON WAREHOUSE + COME TO WORK WITH ME: FIRST DAY,youtube,12,[21.04] it's my third wait,this is my third amazon video for those
lxBjYK8wHt4,WORKING AT AMAZON WAREHOUSE + COME TO WORK WITH ME: FIRST DAY,youtube,13,[23.68] this is my third amazon video for those,who don't know i got hired at amazon in
lxBjYK8wHt4,WORKING AT AMAZON WAREHOUSE + COME TO WORK WITH ME: FIRST DAY,youtube,14,[25.84] who don't know i got hired at amazon in,2020 so august 31st 2020 was my official
lxBjYK8wHt4,WORKING AT AMAZON WAREHOUSE + COME TO WORK WITH ME: FIRST DAY,youtube,15,[28.72] 2020 so august 31st 2020 was my official,first time working at amazon i left
lxBjYK8wHt4,WORKING AT AMAZON WAREHOUSE + COME TO WORK WITH ME: FIRST DAY,youtube,16,[32.64] first time working at amazon i left,february
lxBjYK8wHt4,WORKING AT AMAZON WAREHOUSE + COME TO WORK WITH ME: FIRST DAY,youtube,17,[35.44] february,2021 i was going all in march and then i
lxBjYK8wHt4,WORKING AT AMAZON WAREHOUSE + COME TO WORK WITH ME: FIRST DAY,youtube,18,[36.64] 2021 i was going all in march and then i,came i was going for one month and then
lxBjYK8wHt4,WORKING AT AMAZON WAREHOUSE + COME TO WORK WITH ME: FIRST DAY,youtube,19,[39.68] came i was going for one month and then,april 2021 is when i came back
lxBjYK8wHt4,WORKING AT AMAZON WAREHOUSE + COME TO WORK WITH ME: FIRST DAY,youtube,20,[41.28] april 2021 is when i came back,so i'm getting into this video as i get
lxBjYK8wHt4,WORKING AT AMAZON WAREHOUSE + COME TO WORK WITH ME: FIRST DAY,youtube,21,[43.52] so i'm getting into this video as i get,into this video i'll be looking down at
lxBjYK8wHt4,WORKING AT AMAZON WAREHOUSE + COME TO WORK WITH ME: FIRST DAY,youtube,22,[46.24] into this video i'll be looking down at,my notes because i typed out
lxBjYK8wHt4,WORKING AT AMAZON WAREHOUSE + COME TO WORK WITH ME: FIRST DAY,youtube,23,[47.68] my notes because i literally typed out,everything that i want to mention in
lxBjYK8wHt4,WORKING AT AMAZON WAREHOUSE + COME TO WORK WITH ME: FIRST DAY,youtube,24,[50.16] everything that i want to mention in,this video i also have props and stuff
lxBjYK8wHt4,WORKING AT AMAZON WAREHOUSE + COME TO WORK WITH ME: FIRST DAY,youtube,25,[51.36] this video i also have props and stuff,to show y'all a little bit of stuff that
lxBjYK8wHt4,WORKING AT AMAZON WAREHOUSE + COME TO WORK WITH ME: FIRST DAY,youtube,26,[53.52] to show y'all a little bit of stuff that,i do got
lxBjYK8wHt4,WORKING AT AMAZON WAREHOUSE + COME TO WORK WITH ME: FIRST DAY,youtube,27,[54.88] i do got,so when you first get hired you're going
lxBjYK8wHt4,WORKING AT AMAZON WAREHOUSE + COME TO WORK WITH ME: FIRST DAY,youtube,28,[56.96] so when you first get hired you're going,to go to your look up amazon
lxBjYK8wHt4,WORKING AT AMAZON WAREHOUSE + COME TO WORK WITH ME: FIRST DAY,youtube,29,[58.56] to go to your like look up amazon,warehouse hiring near me amazon jobs
lxBjYK8wHt4,WORKING AT AMAZON WAREHOUSE + COME TO WORK WITH ME: FIRST DAY,youtube,30,[60.72] warehouse hiring near me amazon jobs,near me you're going to click apply now
lxBjYK8wHt4,WORKING AT AMAZON WAREHOUSE + COME TO WORK WITH ME: FIRST DAY,youtube,31,[63.20] near me you're going to click apply now,amazon a lot of people do ask how
lxBjYK8wHt4,WORKING AT AMAZON WAREHOUSE + COME TO WORK WITH ME: FIRST DAY,youtube,32,[66.40] amazon a lot of people do ask like how,do you pick your shift do they pick your
lxBjYK8wHt4,WORKING AT AMAZON WAREHOUSE + COME TO WORK WITH ME: FIRST DAY,youtube,33,[68.48] do you pick your shift do they pick your,shift how does that work when you go to
lxBjYK8wHt4,WORKING AT AMAZON WAREHOUSE + COME TO WORK WITH ME: FIRST DAY,youtube,34,[70.24] shift how does that work when you go to,apply for amazon they let you
lxBjYK8wHt4,WORKING AT AMAZON WAREHOUSE + COME TO WORK WITH ME: FIRST DAY,youtube,35,[72.64] apply for amazon they literally let you,pick shift you want i work
lxBjYK8wHt4,WORKING AT AMAZON WAREHOUSE + COME TO WORK WITH ME: FIRST DAY,youtube,36,[75.36] pick whatever shift you want i work,sunday night
lxBjYK8wHt4,WORKING AT AMAZON WAREHOUSE + COME TO WORK WITH ME: FIRST DAY,youtube,37,[77.20] sunday night,to wednesday so
lxBjYK8wHt4,WORKING AT AMAZON WAREHOUSE + COME TO WORK WITH ME: FIRST DAY,youtube,38,[79.04] to wednesday so,i go into work sunday night and then
lxBjYK8wHt4,WORKING AT AMAZON WAREHOUSE + COME TO WORK WITH ME: FIRST DAY,youtube,39,[80.64] i go into work sunday night and then,ending shift will be thursday morning i
lxBjYK8wHt4,WORKING AT AMAZON WAREHOUSE + COME TO WORK WITH ME: FIRST DAY,youtube,40,[83.52] my,work sunday to monday monday to tuesday
lxBjYK8wHt4,WORKING AT AMAZON WAREHOUSE + COME TO WORK WITH ME: FIRST DAY,youtube,41,[84.40] ending shift will be thursday morning i,tuesday to wednesday wednesday to
lxBjYK8wHt4,WORKING AT AMAZON WAREHOUSE + COME TO WORK WITH ME: FIRST DAY,youtube,42,[86.08] work sunday to monday monday to tuesday,thursday and then thursday morning
lxBjYK8wHt4,WORKING AT AMAZON WAREHOUSE + COME TO WORK WITH ME: FIRST DAY,youtube,43,[89.20] tuesday to wednesday wednesday to,that's when i'm off all the thursday or
lxBjYK8wHt4,WORKING AT AMAZON WAREHOUSE + COME TO WORK WITH ME: FIRST DAY,youtube,44,[91.44] thursday and then thursday morning,all of friday all the saturday and to me
lxBjYK8wHt4,WORKING AT AMAZON WAREHOUSE + COME TO WORK WITH ME: FIRST DAY,youtube,45,[92.88] that's when i'm off all the thursday or,i still consider that i'm off sunday
lxBjYK8wHt4,WORKING AT AMAZON WAREHOUSE + COME TO WORK WITH ME: FIRST DAY,youtube,46,[95.52] all of friday all the saturday and to me,until sunday night because you got all
lxBjYK8wHt4,WORKING AT AMAZON WAREHOUSE + COME TO WORK WITH ME: FIRST DAY,youtube,47,[98.24] i still consider that i'm off sunday,the sunday until sunday night 7 p.m they
lxBjYK8wHt4,WORKING AT AMAZON WAREHOUSE + COME TO WORK WITH ME: FIRST DAY,youtube,48,[99.84] until sunday night because you got all,got part-time shifts and also they have
lxBjYK8wHt4,WORKING AT AMAZON WAREHOUSE + COME TO WORK WITH ME: FIRST DAY,youtube,49,[101.28] the sunday until sunday night 7 p.m they,donut shifts so if you are donut shift
lxBjYK8wHt4,WORKING AT AMAZON WAREHOUSE + COME TO WORK WITH ME: FIRST DAY,youtube,50,[104.24] got part-time shifts and also they have,you come in monday tuesday off wednesday
lxBjYK8wHt4,WORKING AT AMAZON WAREHOUSE + COME TO WORK WITH ME: FIRST DAY,youtube,51,[106.64] donut shifts so if you are donut shift,work thursday friday off saturday sunday
lxBjYK8wHt4,WORKING AT AMAZON WAREHOUSE + COME TO WORK WITH ME: FIRST DAY,youtube,52,[109.04] you come in monday tuesday off wednesday,so once again if you look for a doughnut
lxBjYK8wHt4,WORKING AT AMAZON WAREHOUSE + COME TO WORK WITH ME: FIRST DAY,youtube,53,[113.20] work thursday friday off saturday sunday,shift donut shift is where you got some
lxBjYK8wHt4,WORKING AT AMAZON WAREHOUSE + COME TO WORK WITH ME: FIRST DAY,youtube,54,[116.32] so once again if you look for a doughnut,days to yourself in between you work
lxBjYK8wHt4,WORKING AT AMAZON WAREHOUSE + COME TO WORK WITH ME: FIRST DAY,youtube,55,[118.40] shift donut shift is where you got some,monday tuesday off wednesday
lxBjYK8wHt4,WORKING AT AMAZON WAREHOUSE + COME TO WORK WITH ME: FIRST DAY,youtube,56,[120.08] days to yourself in between you work,go in thursday friday and you have the
lxBjYK8wHt4,WORKING AT AMAZON WAREHOUSE + COME TO WORK WITH ME: FIRST DAY,youtube,57,[123.28] monday tuesday off wednesday,weekend saturday and sunday off which is
lxBjYK8wHt4,WORKING AT AMAZON WAREHOUSE + COME TO WORK WITH ME: FIRST DAY,youtube,58,[125.68] go in thursday friday and you have the,cool for those who need that downtime i
lxBjYK8wHt4,WORKING AT AMAZON WAREHOUSE + COME TO WORK WITH ME: FIRST DAY,youtube,59,[127.36] weekend saturday and sunday off which is,used to always think about switching to
lxBjYK8wHt4,WORKING AT AMAZON WAREHOUSE + COME TO WORK WITH ME: FIRST DAY,youtube,60,[128.88] cool for those who need that downtime i,donut because i work straight through
lxBjYK8wHt4,WORKING AT AMAZON WAREHOUSE + COME TO WORK WITH ME: FIRST DAY,youtube,61,[130.88] used to always think about switching to,sometimes you do need a little off
lxBjYK8wHt4,WORKING AT AMAZON WAREHOUSE + COME TO WORK WITH ME: FIRST DAY,youtube,62,[132.16] donut because i work straight through,day in between but i to get my
lxBjYK8wHt4,WORKING AT AMAZON WAREHOUSE + COME TO WORK WITH ME: FIRST DAY,youtube,63,[134.32] sometimes you do just need a little off,shifts done and out the way i don't
lxBjYK8wHt4,WORKING AT AMAZON WAREHOUSE + COME TO WORK WITH ME: FIRST DAY,youtube,64,[136.00] day in between but i just like to get my,want to stop i'm tired but i'm going to
lxBjYK8wHt4,WORKING AT AMAZON WAREHOUSE + COME TO WORK WITH ME: FIRST DAY,youtube,65,[137.92] shifts done and out the way like i don't,keep going and get pushed through
lxBjYK8wHt4,WORKING AT AMAZON WAREHOUSE + COME TO WORK WITH ME: FIRST DAY,youtube,66,[139.12] want to stop i'm tired but i'm gonna,the week most of the time is going to be
lxBjYK8wHt4,WORKING AT AMAZON WAREHOUSE + COME TO WORK WITH ME: FIRST DAY,youtube,67,[140.88] just keep going and get pushed through,a full time position on your then you
lxBjYK8wHt4,WORKING AT AMAZON WAREHOUSE + COME TO WORK WITH ME: FIRST DAY,youtube,68,[142.32] the week most of the time is going to be,have the other half where you work
lxBjYK8wHt4,WORKING AT AMAZON WAREHOUSE + COME TO WORK WITH ME: FIRST DAY,youtube,69,[144.00] a full time position on your then you,wednesday thursday friday saturday and
lxBjYK8wHt4,WORKING AT AMAZON WAREHOUSE + COME TO WORK WITH ME: FIRST DAY,youtube,70,[145.76] have the other half where you work,then i think you're off sunday monday
lxBjYK8wHt4,WORKING AT AMAZON WAREHOUSE + COME TO WORK WITH ME: FIRST DAY,youtube,71,[148.64] wednesday thursday friday saturday and,tuesday so it's a lot of different
lxBjYK8wHt4,WORKING AT AMAZON WAREHOUSE + COME TO WORK WITH ME: FIRST DAY,youtube,72,[150.72] then i think you're off sunday monday,shifts you'll have to go online and
lxBjYK8wHt4,WORKING AT AMAZON WAREHOUSE + COME TO WORK WITH ME: FIRST DAY,youtube,73,[152.48] tuesday so it's a lot of different,look when you first get hired they're
lxBjYK8wHt4,WORKING AT AMAZON WAREHOUSE + COME TO WORK WITH ME: FIRST DAY,youtube,74,[154.00] shifts you'll just have to go online and,going to sing you a bunch when i say a
lxBjYK8wHt4,WORKING AT AMAZON WAREHOUSE + COME TO WORK WITH ME: FIRST DAY,youtube,75,[155.44] look when you first get hired they're,bunch i'm going to get sent a bunch of
lxBjYK8wHt4,WORKING AT AMAZON WAREHOUSE + COME TO WORK WITH ME: FIRST DAY,youtube,76,[156.96] going to sing you a bunch when i say a,emails a whole bunch of emails the
lxBjYK8wHt4,WORKING AT AMAZON WAREHOUSE + COME TO WORK WITH ME: FIRST DAY,youtube,77,[158.56] bunch i'm going to get sent a bunch of,application was quick i swear
lxBjYK8wHt4,WORKING AT AMAZON WAREHOUSE + COME TO WORK WITH ME: FIRST DAY,youtube,78,[160.24] emails like a whole bunch of emails the,within 30 minutes two hours they sent me
lxBjYK8wHt4,WORKING AT AMAZON WAREHOUSE + COME TO WORK WITH ME: FIRST DAY,youtube,79,[162.00] application was quick i swear like,hey
lxBjYK8wHt4,WORKING AT AMAZON WAREHOUSE + COME TO WORK WITH ME: FIRST DAY,youtube,80,[163.44] within 30 minutes two hours they sent me,come to the orientation that i'm
lxBjYK8wHt4,WORKING AT AMAZON WAREHOUSE + COME TO WORK WITH ME: FIRST DAY,youtube,81,[165.68] like hey,damn that fast i was not expecting to
lxBjYK8wHt4,WORKING AT AMAZON WAREHOUSE + COME TO WORK WITH ME: FIRST DAY,youtube,82,[167.84] come to the orientation that i'm like,get a response from amazon that quick
lxBjYK8wHt4,WORKING AT AMAZON WAREHOUSE + COME TO WORK WITH ME: FIRST DAY,youtube,83,[171.36] damn that fast i was not expecting to,but it was fast they sent me how
lxBjYK8wHt4,WORKING AT AMAZON WAREHOUSE + COME TO WORK WITH ME: FIRST DAY,youtube,84,[173.84] get a response from amazon that quick,much i would get paid last year
lxBjYK8wHt4,WORKING AT AMAZON WAREHOUSE + COME TO WORK WITH ME: FIRST DAY,youtube,85,[176.00] but it was really fast they sent me how,they gave everybody raises but that's
lxBjYK8wHt4,WORKING AT AMAZON WAREHOUSE + COME TO WORK WITH ME: FIRST DAY,youtube,86,[178.16] much i would get paid just last year,that it'll tell you your start date what
lxBjYK8wHt4,WORKING AT AMAZON WAREHOUSE + COME TO WORK WITH ME: FIRST DAY,youtube,87,[179.92] they gave everybody raises but that's,time
lxBjYK8wHt4,WORKING AT AMAZON WAREHOUSE + COME TO WORK WITH ME: FIRST DAY,youtube,88,[181.44] that it'll tell you your start date what,to come for orientation they'll
lxBjYK8wHt4,WORKING AT AMAZON WAREHOUSE + COME TO WORK WITH ME: FIRST DAY,youtube,89,[183.68] time,need a whole bunch of documents you
lxBjYK8wHt4,WORKING AT AMAZON WAREHOUSE + COME TO WORK WITH ME: FIRST DAY,youtube,90,[184.40] to come for orientation they'll just,got to sign do your social
lxBjYK8wHt4,WORKING AT AMAZON WAREHOUSE + COME TO WORK WITH ME: FIRST DAY,youtube,91,[186.40] need a whole bunch of documents you,security your tax information they'll
lxBjYK8wHt4,WORKING AT AMAZON WAREHOUSE + COME TO WORK WITH ME: FIRST DAY,youtube,92,[188.08] gotta sign you know do your social,also send you a bunch of documents
lxBjYK8wHt4,WORKING AT AMAZON WAREHOUSE + COME TO WORK WITH ME: FIRST DAY,youtube,93,[189.52] security your tax information they'll,training pre-training
lxBjYK8wHt4,WORKING AT AMAZON WAREHOUSE + COME TO WORK WITH ME: FIRST DAY,youtube,94,[191.52] also send you a bunch of documents like,telling you about hazardous stuff and
lxBjYK8wHt4,WORKING AT AMAZON WAREHOUSE + COME TO WORK WITH ME: FIRST DAY,youtube,95,[193.92] training like pre-training basically,little tests and stuff
lxBjYK8wHt4,WORKING AT AMAZON WAREHOUSE + COME TO WORK WITH ME: FIRST DAY,youtube,96,[196.24] telling you about hazardous stuff and,that i know a lot of people who did not
lxBjYK8wHt4,WORKING AT AMAZON WAREHOUSE + COME TO WORK WITH ME: FIRST DAY,youtube,97,[198.08] you know little tests and stuff like,do that stuff i'm saying
lxBjYK8wHt4,WORKING AT AMAZON WAREHOUSE + COME TO WORK WITH ME: FIRST DAY,youtube,98,[199.68] that i know a lot of people who did not,now when i first got higher i did
lxBjYK8wHt4,WORKING AT AMAZON WAREHOUSE + COME TO WORK WITH ME: FIRST DAY,youtube,99,[201.12] do that stuff i'm just saying,complete all the all of those documents
lxBjYK8wHt4,WORKING AT AMAZON WAREHOUSE + COME TO WORK WITH ME: FIRST DAY,youtube,100,[203.28] now when i first got higher i did,because they was on the emails they
lxBjYK8wHt4,WORKING AT AMAZON WAREHOUSE + COME TO WORK WITH ME: FIRST DAY,youtube,101,[204.72] complete all the all of those documents,kept saying if you don't complete
lxBjYK8wHt4,WORKING AT AMAZON WAREHOUSE + COME TO WORK WITH ME: FIRST DAY,youtube,102,[206.96] because they was like on the emails they,this if you don't have it done by a
lxBjYK8wHt4,WORKING AT AMAZON WAREHOUSE + COME TO WORK WITH ME: FIRST DAY,youtube,103,[208.40] kept saying like if you don't complete,certain due date it can affect you you
lxBjYK8wHt4,WORKING AT AMAZON WAREHOUSE + COME TO WORK WITH ME: FIRST DAY,youtube,104,[210.32] this if you don't have it done by a,will get fire type of things so i'm
lxBjYK8wHt4,WORKING AT AMAZON WAREHOUSE + COME TO WORK WITH ME: FIRST DAY,youtube,105,[211.84] certain due date it can affect you you,i needed a job i'm going to do this
lxBjYK8wHt4,WORKING AT AMAZON WAREHOUSE + COME TO WORK WITH ME: FIRST DAY,youtube,106,[213.76] will get fire type of things so i'm like,little test it's not a test test
lxBjYK8wHt4,WORKING AT AMAZON WAREHOUSE + COME TO WORK WITH ME: FIRST DAY,youtube,107,[215.44] i needed a job i'm going to do this,it's you read it and then at
lxBjYK8wHt4,WORKING AT AMAZON WAREHOUSE + COME TO WORK WITH ME: FIRST DAY,youtube,108,[217.68] little test it's not really a test test,the end answer five questions my
lxBjYK8wHt4,WORKING AT AMAZON WAREHOUSE + COME TO WORK WITH ME: FIRST DAY,youtube,109,[219.60] it's just like you read it and then at,orientation was a week later it's a
lxBjYK8wHt4,WORKING AT AMAZON WAREHOUSE + COME TO WORK WITH ME: FIRST DAY,youtube,110,[220.80] the end answer like five questions my,little process real on the emails they
lxBjYK8wHt4,WORKING AT AMAZON WAREHOUSE + COME TO WORK WITH ME: FIRST DAY,youtube,111,[222.48] orientation was like a week later it's a,kept saying orientation was at seven
lxBjYK8wHt4,WORKING AT AMAZON WAREHOUSE + COME TO WORK WITH ME: FIRST DAY,youtube,112,[224.16] little process real on the emails they,o'clock i left my house around six
lxBjYK8wHt4,WORKING AT AMAZON WAREHOUSE + COME TO WORK WITH ME: FIRST DAY,youtube,113,[226.72] kept saying orientation was at seven,months because i'm orientation i'm
lxBjYK8wHt4,WORKING AT AMAZON WAREHOUSE + COME TO WORK WITH ME: FIRST DAY,youtube,114,[228.32] o'clock i left my house around like six,an early bird i want to get a good spot
lxBjYK8wHt4,WORKING AT AMAZON WAREHOUSE + COME TO WORK WITH ME: FIRST DAY,youtube,115,[229.92] months because i'm like orientation i'm,on the email mindra it says seven
lxBjYK8wHt4,WORKING AT AMAZON WAREHOUSE + COME TO WORK WITH ME: FIRST DAY,youtube,116,[231.20] an early bird i want to get a good spot,o'clock right it says seven o'clock so
lxBjYK8wHt4,WORKING AT AMAZON WAREHOUSE + COME TO WORK WITH ME: FIRST DAY,youtube,117,[233.04] on the email mindra it says seven,we stand outside i'm looking at the time
lxBjYK8wHt4,WORKING AT AMAZON WAREHOUSE + COME TO WORK WITH ME: FIRST DAY,youtube,118,[234.88] o'clock right it says seven o'clock so,and so we're in front of me we talk we
lxBjYK8wHt4,WORKING AT AMAZON WAREHOUSE + COME TO WORK WITH ME: FIRST DAY,youtube,119,[237.12] we stand outside i'm looking at the time,it's seven o'clock why aren't y'all out
lxBjYK8wHt4,WORKING AT AMAZON WAREHOUSE + COME TO WORK WITH ME: FIRST DAY,youtube,120,[238.64] and so we're in front of me we talk we,here bringing us inside we have to stand
lxBjYK8wHt4,WORKING AT AMAZON WAREHOUSE + COME TO WORK WITH ME: FIRST DAY,youtube,121,[240.00] like,outside and
lxBjYK8wHt4,WORKING AT AMAZON WAREHOUSE + COME TO WORK WITH ME: FIRST DAY,youtube,122,[240.88] it's seven o'clock why aren't y'all out,we're waiting mind y'all we're waiting
lxBjYK8wHt4,WORKING AT AMAZON WAREHOUSE + COME TO WORK WITH ME: FIRST DAY,youtube,123,[242.48] here bringing us inside we have to stand,and a bunch more people come long
lxBjYK8wHt4,WORKING AT AMAZON WAREHOUSE + COME TO WORK WITH ME: FIRST DAY,youtube,124,[244.24] outside and,story short
lxBjYK8wHt4,WORKING AT AMAZON WAREHOUSE + COME TO WORK WITH ME: FIRST DAY,youtube,125,[246.24] we're waiting mind y'all we're waiting,the trainer he comes out and he's
lxBjYK8wHt4,WORKING AT AMAZON WAREHOUSE + COME TO WORK WITH ME: FIRST DAY,youtube,126,[248.24] and a bunch more people just come long,let's get started with orientation we
lxBjYK8wHt4,WORKING AT AMAZON WAREHOUSE + COME TO WORK WITH ME: FIRST DAY,youtube,127,[250.32] story short,orientation says 70 no it's eight
lxBjYK8wHt4,WORKING AT AMAZON WAREHOUSE + COME TO WORK WITH ME: FIRST DAY,youtube,128,[252.16] the trainer he comes out and he's like,you mean we stood outside
lxBjYK8wHt4,WORKING AT AMAZON WAREHOUSE + COME TO WORK WITH ME: FIRST DAY,youtube,129,[254.64] let's get started with orientation we,for a whole hour
lxBjYK8wHt4,WORKING AT AMAZON WAREHOUSE + COME TO WORK WITH ME: FIRST DAY,youtube,130,[256.40] like um,getting ate up by mosquitoes if you're
lxBjYK8wHt4,WORKING AT AMAZON WAREHOUSE + COME TO WORK WITH ME: FIRST DAY,youtube,131,[257.68] orientation says 70 like no it's eight,going to orientation i'm telling you all
lxBjYK8wHt4,WORKING AT AMAZON WAREHOUSE + COME TO WORK WITH ME: FIRST DAY,youtube,132,[260.40] you mean something we just stood outside,this right now please get there early
lxBjYK8wHt4,WORKING AT AMAZON WAREHOUSE + COME TO WORK WITH ME: FIRST DAY,youtube,133,[262.00] for a whole hour,because you will be in the back of the
lxBjYK8wHt4,WORKING AT AMAZON WAREHOUSE + COME TO WORK WITH ME: FIRST DAY,youtube,134,[263.52] getting ate up by mosquitoes if you're,line so the place where i ended up going
lxBjYK8wHt4,WORKING AT AMAZON WAREHOUSE + COME TO WORK WITH ME: FIRST DAY,youtube,135,[265.36] going to orientation i'm telling you all,to get
lxBjYK8wHt4,WORKING AT AMAZON WAREHOUSE + COME TO WORK WITH ME: FIRST DAY,youtube,136,[266.96] this right now please get there early,my drug test in my background check was
lxBjYK8wHt4,WORKING AT AMAZON WAREHOUSE + COME TO WORK WITH ME: FIRST DAY,youtube,137,[268.72] because you will be in the back of the,the same location where i ended up
lxBjYK8wHt4,WORKING AT AMAZON WAREHOUSE + COME TO WORK WITH ME: FIRST DAY,youtube,138,[270.48] line so the place where i ended up going,working at they don't make you urine or
lxBjYK8wHt4,WORKING AT AMAZON WAREHOUSE + COME TO WORK WITH ME: FIRST DAY,youtube,139,[273.44] to get,that the drug test that i
lxBjYK8wHt4,WORKING AT AMAZON WAREHOUSE + COME TO WORK WITH ME: FIRST DAY,youtube,140,[274.72] my drug test in my background check was,had it's the stick and i set
lxBjYK8wHt4,WORKING AT AMAZON WAREHOUSE + COME TO WORK WITH ME: FIRST DAY,youtube,141,[276.64] the same location where i ended up,it on the side of my cheek the day that
lxBjYK8wHt4,WORKING AT AMAZON WAREHOUSE + COME TO WORK WITH ME: FIRST DAY,youtube,142,[278.08] working at they don't make you urine or,you get your drug text done you're going
lxBjYK8wHt4,WORKING AT AMAZON WAREHOUSE + COME TO WORK WITH ME: FIRST DAY,youtube,143,[280.16] anything like that the drug test that i,to get your picture took for your badge
lxBjYK8wHt4,WORKING AT AMAZON WAREHOUSE + COME TO WORK WITH ME: FIRST DAY,youtube,144,[281.60] had it's like the stick and i just set,simple first of all my locks grew so
lxBjYK8wHt4,WORKING AT AMAZON WAREHOUSE + COME TO WORK WITH ME: FIRST DAY,youtube,145,[283.44] it on the side of my cheek the day that,this little picture
lxBjYK8wHt4,WORKING AT AMAZON WAREHOUSE + COME TO WORK WITH ME: FIRST DAY,youtube,146,[286.08] you get your drug text done you're going,but mind y'all this isn't my very first
lxBjYK8wHt4,WORKING AT AMAZON WAREHOUSE + COME TO WORK WITH ME: FIRST DAY,youtube,147,[288.32] to get your picture took for your badge,when i came back to amazon i had to get
lxBjYK8wHt4,WORKING AT AMAZON WAREHOUSE + COME TO WORK WITH ME: FIRST DAY,youtube,148,[290.88] simple first of all my locks grew so,a new picture too so my original first
lxBjYK8wHt4,WORKING AT AMAZON WAREHOUSE + COME TO WORK WITH ME: FIRST DAY,youtube,149,[293.12] this little picture,picture was so it was so cute i
lxBjYK8wHt4,WORKING AT AMAZON WAREHOUSE + COME TO WORK WITH ME: FIRST DAY,youtube,150,[295.04] but mind y'all this isn't my very first,had a cute little curly afro everybody
lxBjYK8wHt4,WORKING AT AMAZON WAREHOUSE + COME TO WORK WITH ME: FIRST DAY,youtube,151,[296.72] when i came back to amazon i had to get,was this is the best work picture
lxBjYK8wHt4,WORKING AT AMAZON WAREHOUSE + COME TO WORK WITH ME: FIRST DAY,youtube,152,[298.08] a new picture too so my original first,i've ever saw you're all smiley most
lxBjYK8wHt4,WORKING AT AMAZON WAREHOUSE + COME TO WORK WITH ME: FIRST DAY,youtube,153,[300.08] picture was so pretty it was so cute i,people say picture this i was
lxBjYK8wHt4,WORKING AT AMAZON WAREHOUSE + COME TO WORK WITH ME: FIRST DAY,youtube,154,[301.60] had a cute little curly afro everybody,smiling nice right smile you're going to
lxBjYK8wHt4,WORKING AT AMAZON WAREHOUSE + COME TO WORK WITH ME: FIRST DAY,youtube,155,[304.16] was like this is the best work picture,get your picture took the same day
lxBjYK8wHt4,WORKING AT AMAZON WAREHOUSE + COME TO WORK WITH ME: FIRST DAY,youtube,156,[306.32] i've ever saw you're all smiley most,that you
lxBjYK8wHt4,WORKING AT AMAZON WAREHOUSE + COME TO WORK WITH ME: FIRST DAY,youtube,157,[308.24] people say picture like this i was like,get your drug test and that's a tip
lxBjYK8wHt4,WORKING AT AMAZON WAREHOUSE + COME TO WORK WITH ME: FIRST DAY,youtube,158,[312.40] smiling nice right smile you're going to,so if you're oh nobody will
lxBjYK8wHt4,WORKING AT AMAZON WAREHOUSE + COME TO WORK WITH ME: FIRST DAY,youtube,159,[314.32] get your picture took the same day,see your badge your picture other
lxBjYK8wHt4,WORKING AT AMAZON WAREHOUSE + COME TO WORK WITH ME: FIRST DAY,youtube,160,[316.96] that you,than your managers and stuff when
lxBjYK8wHt4,WORKING AT AMAZON WAREHOUSE + COME TO WORK WITH ME: FIRST DAY,youtube,161,[318.48] get your drug test and that's just a tip,they scan but there's a fact that i
lxBjYK8wHt4,WORKING AT AMAZON WAREHOUSE + COME TO WORK WITH ME: FIRST DAY,youtube,162,[320.40] so if you're like oh like nobody will,have to see this every once in a while i
lxBjYK8wHt4,WORKING AT AMAZON WAREHOUSE + COME TO WORK WITH ME: FIRST DAY,youtube,163,[323.20] really see your badge your picture other,don't pay attention so i
lxBjYK8wHt4,WORKING AT AMAZON WAREHOUSE + COME TO WORK WITH ME: FIRST DAY,youtube,164,[325.12] than like your managers and stuff when,scan
lxBjYK8wHt4,WORKING AT AMAZON WAREHOUSE + COME TO WORK WITH ME: FIRST DAY,youtube,165,[326.40] they scan but there's just a fact that i,and go inside the building but if you're
lxBjYK8wHt4,WORKING AT AMAZON WAREHOUSE + COME TO WORK WITH ME: FIRST DAY,youtube,166,[328.32] have to see this every once in a while i,a photogenic you're going to
lxBjYK8wHt4,WORKING AT AMAZON WAREHOUSE + COME TO WORK WITH ME: FIRST DAY,youtube,167,[330.32] don't really pay attention so i just,want to look cute for your badge in
lxBjYK8wHt4,WORKING AT AMAZON WAREHOUSE + COME TO WORK WITH ME: FIRST DAY,youtube,168,[331.60] scan,general so
lxBjYK8wHt4,WORKING AT AMAZON WAREHOUSE + COME TO WORK WITH ME: FIRST DAY,youtube,169,[332.48] and go inside the building but if you're,if you
lxBjYK8wHt4,WORKING AT AMAZON WAREHOUSE + COME TO WORK WITH ME: FIRST DAY,youtube,170,[334.48] like a photogenic you're going to just,look decent for your picture
lxBjYK8wHt4,WORKING AT AMAZON WAREHOUSE + COME TO WORK WITH ME: FIRST DAY,youtube,171,[336.56] want to look cute for your badge in,you don't get your badge until the first
lxBjYK8wHt4,WORKING AT AMAZON WAREHOUSE + COME TO WORK WITH ME: FIRST DAY,youtube,172,[338.08] general so,day of work prior to my first day of
lxBjYK8wHt4,WORKING AT AMAZON WAREHOUSE + COME TO WORK WITH ME: FIRST DAY,youtube,173,[339.36] if you,amazon i was on top of it i was also
lxBjYK8wHt4,WORKING AT AMAZON WAREHOUSE + COME TO WORK WITH ME: FIRST DAY,youtube,174,[340.32] just just look decent for your picture,looking up amazon warehouse jobs on
lxBjYK8wHt4,WORKING AT AMAZON WAREHOUSE + COME TO WORK WITH ME: FIRST DAY,youtube,175,[342.24] you don't get your badge until the first,youtube and i noticed everybody was
lxBjYK8wHt4,WORKING AT AMAZON WAREHOUSE + COME TO WORK WITH ME: FIRST DAY,youtube,176,[344.24] day of work prior to my first day of,talking about a to z app this is the
lxBjYK8wHt4,WORKING AT AMAZON WAREHOUSE + COME TO WORK WITH ME: FIRST DAY,youtube,177,[346.40] amazon i was on top of it i was also,amazon a to z ad this is how you would
lxBjYK8wHt4,WORKING AT AMAZON WAREHOUSE + COME TO WORK WITH ME: FIRST DAY,youtube,178,[348.88] looking up amazon warehouse jobs like on,do everything when i say everything i'm
lxBjYK8wHt4,WORKING AT AMAZON WAREHOUSE + COME TO WORK WITH ME: FIRST DAY,youtube,179,[351.28] youtube and i noticed everybody was,going to try to break this video down to
lxBjYK8wHt4,WORKING AT AMAZON WAREHOUSE + COME TO WORK WITH ME: FIRST DAY,youtube,180,[353.12] talking about a to z app this is the,certain sections so that
lxBjYK8wHt4,WORKING AT AMAZON WAREHOUSE + COME TO WORK WITH ME: FIRST DAY,youtube,181,[355.28] amazon a to z ad this is how you would,y'all i'm not all over the place i
lxBjYK8wHt4,WORKING AT AMAZON WAREHOUSE + COME TO WORK WITH ME: FIRST DAY,youtube,182,[357.20] do everything when i say everything i'm,am now a the z app is where you will
lxBjYK8wHt4,WORKING AT AMAZON WAREHOUSE + COME TO WORK WITH ME: FIRST DAY,youtube,183,[359.52] gonna try to break this video down to,clock in at this is where you'll find
lxBjYK8wHt4,WORKING AT AMAZON WAREHOUSE + COME TO WORK WITH ME: FIRST DAY,youtube,184,[360.88] certain sections so that,your shift to pick up this is where
lxBjYK8wHt4,WORKING AT AMAZON WAREHOUSE + COME TO WORK WITH ME: FIRST DAY,youtube,185,[362.88] y'all i'm not all over the place like i,you'll request time off this is where
lxBjYK8wHt4,WORKING AT AMAZON WAREHOUSE + COME TO WORK WITH ME: FIRST DAY,youtube,186,[364.88] am now a the z app is where you will,you also see your pay this is where
lxBjYK8wHt4,WORKING AT AMAZON WAREHOUSE + COME TO WORK WITH ME: FIRST DAY,youtube,187,[366.72] clock in at this is where you'll find,you see everything this is my
lxBjYK8wHt4,WORKING AT AMAZON WAREHOUSE + COME TO WORK WITH ME: FIRST DAY,youtube,188,[368.40] your shift to pick up this is where,schedule right here you'll also see your
lxBjYK8wHt4,WORKING AT AMAZON WAREHOUSE + COME TO WORK WITH ME: FIRST DAY,youtube,189,[370.48] you'll request time off this is where,schedule so where is lit up we
lxBjYK8wHt4,WORKING AT AMAZON WAREHOUSE + COME TO WORK WITH ME: FIRST DAY,youtube,190,[372.72] you also see your pay like this is where,going to start for next week the 23rd
lxBjYK8wHt4,WORKING AT AMAZON WAREHOUSE + COME TO WORK WITH ME: FIRST DAY,youtube,191,[375.20] you just see everything this is my,24th 25th and 26th those days are lit
lxBjYK8wHt4,WORKING AT AMAZON WAREHOUSE + COME TO WORK WITH ME: FIRST DAY,youtube,192,[376.88] schedule right here you'll also see your,already that means
lxBjYK8wHt4,WORKING AT AMAZON WAREHOUSE + COME TO WORK WITH ME: FIRST DAY,youtube,193,[378.32] schedule so where is lit up you see we,that's the shift i work the following
lxBjYK8wHt4,WORKING AT AMAZON WAREHOUSE + COME TO WORK WITH ME: FIRST DAY,youtube,194,[380.88] just gonna start for next week the 23rd,week the 30th the 31st the first and the
lxBjYK8wHt4,WORKING AT AMAZON WAREHOUSE + COME TO WORK WITH ME: FIRST DAY,youtube,195,[382.80] 24th 25th and 26th those days are lit,second that's blue and so on and
lxBjYK8wHt4,WORKING AT AMAZON WAREHOUSE + COME TO WORK WITH ME: FIRST DAY,youtube,196,[386.48] already that means,so forth now all the ones in the white
lxBjYK8wHt4,WORKING AT AMAZON WAREHOUSE + COME TO WORK WITH ME: FIRST DAY,youtube,197,[388.40] that's the shift i work the following,that means i'm not scheduled the black
lxBjYK8wHt4,WORKING AT AMAZON WAREHOUSE + COME TO WORK WITH ME: FIRST DAY,youtube,198,[390.24] week the 30th the 31st the first and the,dots mean petty
lxBjYK8wHt4,WORKING AT AMAZON WAREHOUSE + COME TO WORK WITH ME: FIRST DAY,youtube,199,[392.72] second that's blue you see and so on and,amazon pays weekly so that's always good
lxBjYK8wHt4,WORKING AT AMAZON WAREHOUSE + COME TO WORK WITH ME: FIRST DAY,youtube,200,[395.04] so forth now all the ones in the white,my first few days of working at amazon i
lxBjYK8wHt4,WORKING AT AMAZON WAREHOUSE + COME TO WORK WITH ME: FIRST DAY,youtube,201,[396.88] that means i'm not scheduled the black,did receiving leaving is you take a tote
lxBjYK8wHt4,WORKING AT AMAZON WAREHOUSE + COME TO WORK WITH ME: FIRST DAY,youtube,202,[398.64] dots mean petty,you take a box off the line you open the
lxBjYK8wHt4,WORKING AT AMAZON WAREHOUSE + COME TO WORK WITH ME: FIRST DAY,youtube,203,[400.32] amazon pays weekly so that's always good,box and then you'll scan every item
lxBjYK8wHt4,WORKING AT AMAZON WAREHOUSE + COME TO WORK WITH ME: FIRST DAY,youtube,204,[402.72] my first few days of working at amazon i,put it in the yellow tote slide it down
lxBjYK8wHt4,WORKING AT AMAZON WAREHOUSE + COME TO WORK WITH ME: FIRST DAY,youtube,205,[404.96] did receiving leaving is you take a tote,the little rollers
lxBjYK8wHt4,WORKING AT AMAZON WAREHOUSE + COME TO WORK WITH ME: FIRST DAY,youtube,206,[408.72] you take a box off the line you open the,it's scanning everything is
lxBjYK8wHt4,WORKING AT AMAZON WAREHOUSE + COME TO WORK WITH ME: FIRST DAY,youtube,207,[411.12] box and then you'll scan every item,a scanning process so that's
lxBjYK8wHt4,WORKING AT AMAZON WAREHOUSE + COME TO WORK WITH ME: FIRST DAY,youtube,208,[413.52] put it in the yellow tote slide it down,what i was doing on my third day of
lxBjYK8wHt4,WORKING AT AMAZON WAREHOUSE + COME TO WORK WITH ME: FIRST DAY,youtube,209,[415.28] the little rollers,doing receiving
lxBjYK8wHt4,WORKING AT AMAZON WAREHOUSE + COME TO WORK WITH ME: FIRST DAY,youtube,210,[416.80] it's just like scanning everything is,i seen a girl walking and she had a
lxBjYK8wHt4,WORKING AT AMAZON WAREHOUSE + COME TO WORK WITH ME: FIRST DAY,youtube,211,[418.32] just like a scanning process so that's,clipboard and she's we're looking
lxBjYK8wHt4,WORKING AT AMAZON WAREHOUSE + COME TO WORK WITH ME: FIRST DAY,youtube,212,[420.24] what i was doing on my third day of,for a jam clears and i of course this is
lxBjYK8wHt4,WORKING AT AMAZON WAREHOUSE + COME TO WORK WITH ME: FIRST DAY,youtube,213,[422.32] doing receiving,my third day i don't know what gems
lxBjYK8wHt4,WORKING AT AMAZON WAREHOUSE + COME TO WORK WITH ME: FIRST DAY,youtube,214,[423.84] um i seen a girl walking and she had a,there is but i'm hey let's see if i
lxBjYK8wHt4,WORKING AT AMAZON WAREHOUSE + COME TO WORK WITH ME: FIRST DAY,youtube,215,[426.00] clipboard and she's like we're looking,can do else other than
lxBjYK8wHt4,WORKING AT AMAZON WAREHOUSE + COME TO WORK WITH ME: FIRST DAY,youtube,216,[427.68] for a jam clears and i of course this is,receiving and scanning boxes all day
lxBjYK8wHt4,WORKING AT AMAZON WAREHOUSE + COME TO WORK WITH ME: FIRST DAY,youtube,217,[429.36] my third day i don't know what gems,with jam clear i took a gem clear class
lxBjYK8wHt4,WORKING AT AMAZON WAREHOUSE + COME TO WORK WITH ME: FIRST DAY,youtube,218,[430.48] there is but i'm like hey let's see if i,and i became a jam clear
lxBjYK8wHt4,WORKING AT AMAZON WAREHOUSE + COME TO WORK WITH ME: FIRST DAY,youtube,219,[432.48] can do something else other than just,so these are the jam clear vests they're
lxBjYK8wHt4,WORKING AT AMAZON WAREHOUSE + COME TO WORK WITH ME: FIRST DAY,youtube,220,[433.84] receiving and scanning boxes all day,blue it's a gym clear but you got
lxBjYK8wHt4,WORKING AT AMAZON WAREHOUSE + COME TO WORK WITH ME: FIRST DAY,youtube,221,[435.84] with jam clear i took a gem clear class,to do some on
lxBjYK8wHt4,WORKING AT AMAZON WAREHOUSE + COME TO WORK WITH ME: FIRST DAY,youtube,222,[438.80] and i became a jam clear,some stuff to become a gym clear i
lxBjYK8wHt4,WORKING AT AMAZON WAREHOUSE + COME TO WORK WITH ME: FIRST DAY,youtube,223,[442.00] so these are the jam clear vests they're,don't know if they still do it that
lxBjYK8wHt4,WORKING AT AMAZON WAREHOUSE + COME TO WORK WITH ME: FIRST DAY,youtube,224,[444.64] just blue it's a gym clear but you got,but when i got hired i had to walk up
lxBjYK8wHt4,WORKING AT AMAZON WAREHOUSE + COME TO WORK WITH ME: FIRST DAY,youtube,225,[446.96] to do like some on,this tall
lxBjYK8wHt4,WORKING AT AMAZON WAREHOUSE + COME TO WORK WITH ME: FIRST DAY,youtube,226,[448.56] like some stuff to become a gym clear i,tall tall tall tall ladder and you
lxBjYK8wHt4,WORKING AT AMAZON WAREHOUSE + COME TO WORK WITH ME: FIRST DAY,youtube,227,[450.88] don't know if they still do it like that,know act i'm doing a gym clear then
lxBjYK8wHt4,WORKING AT AMAZON WAREHOUSE + COME TO WORK WITH ME: FIRST DAY,youtube,228,[452.16] but when i got hired i had to walk up,i also have videos on my youtube channel
lxBjYK8wHt4,WORKING AT AMAZON WAREHOUSE + COME TO WORK WITH ME: FIRST DAY,youtube,229,[454.16] this tall,i'll link them down below showing
lxBjYK8wHt4,WORKING AT AMAZON WAREHOUSE + COME TO WORK WITH ME: FIRST DAY,youtube,230,[455.52] tall tall tall tall ladder and just you,what a gym clear is i'm going to get into
lxBjYK8wHt4,WORKING AT AMAZON WAREHOUSE + COME TO WORK WITH ME: FIRST DAY,youtube,231,[458.40] know act like i'm doing a gym clear then,some of the stuff that you get
lxBjYK8wHt4,WORKING AT AMAZON WAREHOUSE + COME TO WORK WITH ME: FIRST DAY,youtube,232,[460.24] i also have videos on my youtube channel,so amazon do provide you a lot of stuff
lxBjYK8wHt4,WORKING AT AMAZON WAREHOUSE + COME TO WORK WITH ME: FIRST DAY,youtube,233,[462.56] i'll link them down below just showing,for your job when you first get higher
lxBjYK8wHt4,WORKING AT AMAZON WAREHOUSE + COME TO WORK WITH ME: FIRST DAY,youtube,234,[464.56] what a gym clear is i'm gonna get into,they're going to give you all your stuff
lxBjYK8wHt4,WORKING AT AMAZON WAREHOUSE + COME TO WORK WITH ME: FIRST DAY,youtube,235,[466.80] some of the stuff that you get,so these are the gloves you'll get some
lxBjYK8wHt4,WORKING AT AMAZON WAREHOUSE + COME TO WORK WITH ME: FIRST DAY,youtube,236,[468.72] so amazon do provide you a lot of stuff,gloves
lxBjYK8wHt4,WORKING AT AMAZON WAREHOUSE + COME TO WORK WITH ME: FIRST DAY,youtube,237,[471.04] for your job when you first get higher,at amazon you have to wear your gloves
lxBjYK8wHt4,WORKING AT AMAZON WAREHOUSE + COME TO WORK WITH ME: FIRST DAY,youtube,238,[473.20] they're gonna give you all your stuff,at all times got your gloves right here
lxBjYK8wHt4,WORKING AT AMAZON WAREHOUSE + COME TO WORK WITH ME: FIRST DAY,youtube,239,[475.28] so these are the gloves you'll get some,you get your badge now this was a
lxBjYK8wHt4,WORKING AT AMAZON WAREHOUSE + COME TO WORK WITH ME: FIRST DAY,youtube,240,[477.04] gloves,lanyard that they gave to us and then
lxBjYK8wHt4,WORKING AT AMAZON WAREHOUSE + COME TO WORK WITH ME: FIRST DAY,youtube,241,[479.28] at amazon you have to wear your gloves,they also give you an arm layer and
lxBjYK8wHt4,WORKING AT AMAZON WAREHOUSE + COME TO WORK WITH ME: FIRST DAY,youtube,242,[481.04] at all times got your gloves right here,your badge will sit this
lxBjYK8wHt4,WORKING AT AMAZON WAREHOUSE + COME TO WORK WITH ME: FIRST DAY,youtube,243,[483.12] you get your badge now this was a,and then when you walk through your
lxBjYK8wHt4,WORKING AT AMAZON WAREHOUSE + COME TO WORK WITH ME: FIRST DAY,youtube,244,[485.92] lanyard that they gave to us and then,gates or you'll bump it
lxBjYK8wHt4,WORKING AT AMAZON WAREHOUSE + COME TO WORK WITH ME: FIRST DAY,youtube,245,[487.84] they also give you like an arm layer and,that and then the gates will let
lxBjYK8wHt4,WORKING AT AMAZON WAREHOUSE + COME TO WORK WITH ME: FIRST DAY,youtube,246,[490.08] basically your badge will sit like this,you in versus me i it on here and
lxBjYK8wHt4,WORKING AT AMAZON WAREHOUSE + COME TO WORK WITH ME: FIRST DAY,youtube,247,[492.56] and then when you walk through your,i'll be
lxBjYK8wHt4,WORKING AT AMAZON WAREHOUSE + COME TO WORK WITH ME: FIRST DAY,youtube,248,[493.68] gates or whatever you'll just bump it,and then walk through the gates this is
lxBjYK8wHt4,WORKING AT AMAZON WAREHOUSE + COME TO WORK WITH ME: FIRST DAY,youtube,249,[495.44] like that and then the gates will let,all in your first day they give you a
lxBjYK8wHt4,WORKING AT AMAZON WAREHOUSE + COME TO WORK WITH ME: FIRST DAY,youtube,250,[496.72] you in versus me i like it on here and,badge your glass they give you a box
lxBjYK8wHt4,WORKING AT AMAZON WAREHOUSE + COME TO WORK WITH ME: FIRST DAY,youtube,251,[498.72] i'll just be like,cutter will be opening boxes all day the
lxBjYK8wHt4,WORKING AT AMAZON WAREHOUSE + COME TO WORK WITH ME: FIRST DAY,youtube,252,[500.96] and then walk through the gates this is,pinoyo area so you need a box cutter
lxBjYK8wHt4,WORKING AT AMAZON WAREHOUSE + COME TO WORK WITH ME: FIRST DAY,youtube,253,[502.56] all in your first day they give you a,this is the
lxBjYK8wHt4,WORKING AT AMAZON WAREHOUSE + COME TO WORK WITH ME: FIRST DAY,youtube,254,[503.84] badge your glass they give you a box,regular
lxBjYK8wHt4,WORKING AT AMAZON WAREHOUSE + COME TO WORK WITH ME: FIRST DAY,youtube,255,[506.00] cutter will be opening boxes all day the,orange vest that they give you most of
lxBjYK8wHt4,WORKING AT AMAZON WAREHOUSE + COME TO WORK WITH ME: FIRST DAY,youtube,256,[508.40] pinoyo area so you need a box cutter,the time in the warehouse you'll see
lxBjYK8wHt4,WORKING AT AMAZON WAREHOUSE + COME TO WORK WITH ME: FIRST DAY,youtube,257,[511.04] this is the,mainly these vests this is
lxBjYK8wHt4,WORKING AT AMAZON WAREHOUSE + COME TO WORK WITH ME: FIRST DAY,youtube,258,[512.24] regular,the regular workers type thing
lxBjYK8wHt4,WORKING AT AMAZON WAREHOUSE + COME TO WORK WITH ME: FIRST DAY,youtube,259,[513.28] orange vest that they give you most of,so most of everybody will have a vest
lxBjYK8wHt4,WORKING AT AMAZON WAREHOUSE + COME TO WORK WITH ME: FIRST DAY,youtube,260,[515.44] the time in the warehouse you'll see,this this is the gym clear vest
lxBjYK8wHt4,WORKING AT AMAZON WAREHOUSE + COME TO WORK WITH ME: FIRST DAY,youtube,261,[516.88] mainly these vests like this is,right here i blue on me
lxBjYK8wHt4,WORKING AT AMAZON WAREHOUSE + COME TO WORK WITH ME: FIRST DAY,youtube,262,[518.80] the regular you know workers type thing,this might be my
lxBjYK8wHt4,WORKING AT AMAZON WAREHOUSE + COME TO WORK WITH ME: FIRST DAY,youtube,263,[520.80] so most of everybody will have a vest,little color
lxBjYK8wHt4,WORKING AT AMAZON WAREHOUSE + COME TO WORK WITH ME: FIRST DAY,youtube,264,[522.16] like this this is the gym clear vest,with jam clear when i first started they
lxBjYK8wHt4,WORKING AT AMAZON WAREHOUSE + COME TO WORK WITH ME: FIRST DAY,youtube,265,[524.48] right here i like blue on me actually,also gave me this helmet i stand in
lxBjYK8wHt4,WORKING AT AMAZON WAREHOUSE + COME TO WORK WITH ME: FIRST DAY,youtube,266,[526.80] this might be my,ducks so i haven't worn this
lxBjYK8wHt4,WORKING AT AMAZON WAREHOUSE + COME TO WORK WITH ME: FIRST DAY,youtube,267,[528.64] little color,since
lxBjYK8wHt4,WORKING AT AMAZON WAREHOUSE + COME TO WORK WITH ME: FIRST DAY,youtube,268,[530.00] with jam clear when i first started they,the first time i put it on my head on
lxBjYK8wHt4,WORKING AT AMAZON WAREHOUSE + COME TO WORK WITH ME: FIRST DAY,youtube,269,[531.60] also gave me this um helmet i stand in,your first day you might also get a bag
lxBjYK8wHt4,WORKING AT AMAZON WAREHOUSE + COME TO WORK WITH ME: FIRST DAY,youtube,270,[534.00] ducks so i really haven't worn this,these are considered their lunch
lxBjYK8wHt4,WORKING AT AMAZON WAREHOUSE + COME TO WORK WITH ME: FIRST DAY,youtube,271,[536.00] since,bags but i don't use it as my lunch bag
lxBjYK8wHt4,WORKING AT AMAZON WAREHOUSE + COME TO WORK WITH ME: FIRST DAY,youtube,272,[536.96] the first time i put it on my head on,i should though i have a blue lunch bag
lxBjYK8wHt4,WORKING AT AMAZON WAREHOUSE + COME TO WORK WITH ME: FIRST DAY,youtube,273,[538.48] your first day you might also get a bag,but we supposed to wear clear no
lxBjYK8wHt4,WORKING AT AMAZON WAREHOUSE + COME TO WORK WITH ME: FIRST DAY,youtube,274,[541.44] these are considered like their lunch,purses no book bags that's why i use
lxBjYK8wHt4,WORKING AT AMAZON WAREHOUSE + COME TO WORK WITH ME: FIRST DAY,youtube,275,[542.88] bags but i don't use it as my lunch bag,this they give us these so you can see
lxBjYK8wHt4,WORKING AT AMAZON WAREHOUSE + COME TO WORK WITH ME: FIRST DAY,youtube,276,[545.12] i should though i have a blue lunch bag,you can see through here
lxBjYK8wHt4,WORKING AT AMAZON WAREHOUSE + COME TO WORK WITH ME: FIRST DAY,youtube,277,[548.16] but we supposed to wear clear like no,all i drink is water at work i
lxBjYK8wHt4,WORKING AT AMAZON WAREHOUSE + COME TO WORK WITH ME: FIRST DAY,youtube,278,[550.96] purses no book bags that's why i use,keep my snacks lip gloss phone
lxBjYK8wHt4,WORKING AT AMAZON WAREHOUSE + COME TO WORK WITH ME: FIRST DAY,youtube,279,[553.36] this they give us these so you can see,charger air pods stuff that and i
lxBjYK8wHt4,WORKING AT AMAZON WAREHOUSE + COME TO WORK WITH ME: FIRST DAY,youtube,280,[555.28] literally you can see through here,carry it in this and then if they
lxBjYK8wHt4,WORKING AT AMAZON WAREHOUSE + COME TO WORK WITH ME: FIRST DAY,youtube,281,[557.52] you see all i drink is water at work i,don't give you one you can ask
lxBjYK8wHt4,WORKING AT AMAZON WAREHOUSE + COME TO WORK WITH ME: FIRST DAY,youtube,282,[559.44] keep like my snacks lip gloss phone,someone hey can i get a clear bag
lxBjYK8wHt4,WORKING AT AMAZON WAREHOUSE + COME TO WORK WITH ME: FIRST DAY,youtube,283,[562.08] charger air pods stuff like that and i,you go to your hr and ask them
lxBjYK8wHt4,WORKING AT AMAZON WAREHOUSE + COME TO WORK WITH ME: FIRST DAY,youtube,284,[564.24] just carry it in this and then if they,i need a clear bag so that's about it
lxBjYK8wHt4,WORKING AT AMAZON WAREHOUSE + COME TO WORK WITH ME: FIRST DAY,youtube,285,[565.68] don't give you one you can just ask,they also depending on what time the
lxBjYK8wHt4,WORKING AT AMAZON WAREHOUSE + COME TO WORK WITH ME: FIRST DAY,youtube,286,[567.12] someone like hey can i get a clear bag,season is and year if prime is going on
lxBjYK8wHt4,WORKING AT AMAZON WAREHOUSE + COME TO WORK WITH ME: FIRST DAY,youtube,287,[568.56] you go to your hr and just ask them like,or they randomly do
lxBjYK8wHt4,WORKING AT AMAZON WAREHOUSE + COME TO WORK WITH ME: FIRST DAY,youtube,288,[570.24] i need a clear bag so that's about it,offer you things they offer
lxBjYK8wHt4,WORKING AT AMAZON WAREHOUSE + COME TO WORK WITH ME: FIRST DAY,youtube,289,[572.00] they also depending on what time the,you shirts so this is a 2021 pique shirt
lxBjYK8wHt4,WORKING AT AMAZON WAREHOUSE + COME TO WORK WITH ME: FIRST DAY,youtube,290,[573.76] season is and year if prime is going on,also have a green peach shirt i have a
lxBjYK8wHt4,WORKING AT AMAZON WAREHOUSE + COME TO WORK WITH ME: FIRST DAY,youtube,291,[575.84] or they randomly do,gray and they offered this year i missed
lxBjYK8wHt4,WORKING AT AMAZON WAREHOUSE + COME TO WORK WITH ME: FIRST DAY,youtube,292,[577.52] like offer you things like they offer,out on it unfortunately but they did
lxBjYK8wHt4,WORKING AT AMAZON WAREHOUSE + COME TO WORK WITH ME: FIRST DAY,youtube,293,[579.36] you shirts so this is a 2021 pique shirt,give away some nice amazon hoodies
lxBjYK8wHt4,WORKING AT AMAZON WAREHOUSE + COME TO WORK WITH ME: FIRST DAY,youtube,294,[582.56] also have a green peach shirt i have a,some real nice hoodies i'm salty
lxBjYK8wHt4,WORKING AT AMAZON WAREHOUSE + COME TO WORK WITH ME: FIRST DAY,youtube,295,[585.04] gray and they offered this year i missed,about that because i wish i would have
lxBjYK8wHt4,WORKING AT AMAZON WAREHOUSE + COME TO WORK WITH ME: FIRST DAY,youtube,296,[587.76] out on it unfortunately but they did,had an amazon hoodie because i'm
lxBjYK8wHt4,WORKING AT AMAZON WAREHOUSE + COME TO WORK WITH ME: FIRST DAY,youtube,297,[589.52] give away some nice amazon hoodies like,tired of wearing my hoodies from home
lxBjYK8wHt4,WORKING AT AMAZON WAREHOUSE + COME TO WORK WITH ME: FIRST DAY,youtube,298,[591.52] some real nice hoodies i'm kind of salty,but they give you that key chains oh
lxBjYK8wHt4,WORKING AT AMAZON WAREHOUSE + COME TO WORK WITH ME: FIRST DAY,youtube,299,[593.12] about that because i wish i would have,water bottles i don't ever use it but
lxBjYK8wHt4,WORKING AT AMAZON WAREHOUSE + COME TO WORK WITH ME: FIRST DAY,youtube,300,[594.80] had an amazon hoodie just because i'm,if i did have to use it
lxBjYK8wHt4,WORKING AT AMAZON WAREHOUSE + COME TO WORK WITH ME: FIRST DAY,youtube,301,[596.32] tired of wearing my hoodies from home,i'll use it but it's still been
lxBjYK8wHt4,WORKING AT AMAZON WAREHOUSE + COME TO WORK WITH ME: FIRST DAY,youtube,302,[598.08] but they give you that um key chains oh,seen in my kitchen real nice water
lxBjYK8wHt4,WORKING AT AMAZON WAREHOUSE + COME TO WORK WITH ME: FIRST DAY,youtube,303,[600.88] water bottles i don't ever use it but,bottle
lxBjYK8wHt4,WORKING AT AMAZON WAREHOUSE + COME TO WORK WITH ME: FIRST DAY,youtube,304,[603.20] if i did have to use it,so they do offer you a lot of stuff they
lxBjYK8wHt4,WORKING AT AMAZON WAREHOUSE + COME TO WORK WITH ME: FIRST DAY,youtube,305,[606.72] i'll use it but it's still just been,do a lot of giveaways and stuff during
lxBjYK8wHt4,WORKING AT AMAZON WAREHOUSE + COME TO WORK WITH ME: FIRST DAY,youtube,306,[608.24] seen in my kitchen real nice water,the season
lxBjYK8wHt4,WORKING AT AMAZON WAREHOUSE + COME TO WORK WITH ME: FIRST DAY,youtube,307,[609.76] bottle,holidays that
lxBjYK8wHt4,WORKING AT AMAZON WAREHOUSE + COME TO WORK WITH ME: FIRST DAY,youtube,308,[611.36] so they do offer you a lot of stuff they,so let's get more into actual amazon let
lxBjYK8wHt4,WORKING AT AMAZON WAREHOUSE + COME TO WORK WITH ME: FIRST DAY,youtube,309,[612.88] do a lot of giveaways and stuff during,me get back on track they have the a to
lxBjYK8wHt4,WORKING AT AMAZON WAREHOUSE + COME TO WORK WITH ME: FIRST DAY,youtube,310,[614.48] the season,z at where you can find everything i'm
lxBjYK8wHt4,WORKING AT AMAZON WAREHOUSE + COME TO WORK WITH ME: FIRST DAY,youtube,311,[615.52] holidays like that,going to go to time
lxBjYK8wHt4,WORKING AT AMAZON WAREHOUSE + COME TO WORK WITH ME: FIRST DAY,youtube,312,[617.44] so let's get more into actual amazon let,i'ma block my time out because
lxBjYK8wHt4,WORKING AT AMAZON WAREHOUSE + COME TO WORK WITH ME: FIRST DAY,youtube,313,[620.48] me get back on track they have the a to,but first thing at the top is
lxBjYK8wHt4,WORKING AT AMAZON WAREHOUSE + COME TO WORK WITH ME: FIRST DAY,youtube,314,[622.40] z at where you can find everything i'm,covet time off it say do you need time
lxBjYK8wHt4,WORKING AT AMAZON WAREHOUSE + COME TO WORK WITH ME: FIRST DAY,youtube,315,[624.08] gonna go to time,off to recover from cover 19 care for
lxBjYK8wHt4,WORKING AT AMAZON WAREHOUSE + COME TO WORK WITH ME: FIRST DAY,youtube,316,[627.04] i'ma block my time out because,family you can take time off recovery i
lxBjYK8wHt4,WORKING AT AMAZON WAREHOUSE + COME TO WORK WITH ME: FIRST DAY,youtube,317,[629.92] but um first thing you see at the top is,had coveted back in
lxBjYK8wHt4,WORKING AT AMAZON WAREHOUSE + COME TO WORK WITH ME: FIRST DAY,youtube,318,[631.60] covet time off it say do you need time,august yeah it was sometime and i had to
lxBjYK8wHt4,WORKING AT AMAZON WAREHOUSE + COME TO WORK WITH ME: FIRST DAY,youtube,319,[633.52] off to recover from cover 19 care for,take a month off of work
lxBjYK8wHt4,WORKING AT AMAZON WAREHOUSE + COME TO WORK WITH ME: FIRST DAY,youtube,320,[635.52] family you can take time off recovery i,they paid me each week for a month
lxBjYK8wHt4,WORKING AT AMAZON WAREHOUSE + COME TO WORK WITH ME: FIRST DAY,youtube,321,[638.08] had coveted back in,straight so you can leave and you will
lxBjYK8wHt4,WORKING AT AMAZON WAREHOUSE + COME TO WORK WITH ME: FIRST DAY,youtube,322,[640.16] august yeah it was sometime and i had to,get paid for kobe as you should
lxBjYK8wHt4,WORKING AT AMAZON WAREHOUSE + COME TO WORK WITH ME: FIRST DAY,youtube,323,[643.12] literally take like a month off of work,it's a pandemic right now as it
lxBjYK8wHt4,WORKING AT AMAZON WAREHOUSE + COME TO WORK WITH ME: FIRST DAY,youtube,324,[645.12] they paid me each week for a month,says time it's a request off and then
lxBjYK8wHt4,WORKING AT AMAZON WAREHOUSE + COME TO WORK WITH ME: FIRST DAY,youtube,325,[647.52] straight so you can leave and you will,it's a view time history
lxBjYK8wHt4,WORKING AT AMAZON WAREHOUSE + COME TO WORK WITH ME: FIRST DAY,youtube,326,[649.12] get paid for kobe as you should,so i'm going to show you also i'm
lxBjYK8wHt4,WORKING AT AMAZON WAREHOUSE + COME TO WORK WITH ME: FIRST DAY,youtube,327,[651.68] it's a pandemic right now as you see it,going to say request time off
lxBjYK8wHt4,WORKING AT AMAZON WAREHOUSE + COME TO WORK WITH ME: FIRST DAY,youtube,328,[653.84] says time it's a request off and then,all of your hours come up and say what
lxBjYK8wHt4,WORKING AT AMAZON WAREHOUSE + COME TO WORK WITH ME: FIRST DAY,youtube,329,[656.40] it's a view time history,type of time do you want to use so your
lxBjYK8wHt4,WORKING AT AMAZON WAREHOUSE + COME TO WORK WITH ME: FIRST DAY,youtube,330,[658.48] so i'm gonna just show you also i'm,personal time is your personal time
lxBjYK8wHt4,WORKING AT AMAZON WAREHOUSE + COME TO WORK WITH ME: FIRST DAY,youtube,331,[659.60] gonna say request time off,personal time is paid time so you will
lxBjYK8wHt4,WORKING AT AMAZON WAREHOUSE + COME TO WORK WITH ME: FIRST DAY,youtube,332,[661.68] all of your hours come up and say what,get paid for taking off and then you
lxBjYK8wHt4,WORKING AT AMAZON WAREHOUSE + COME TO WORK WITH ME: FIRST DAY,youtube,333,[663.84] type of time do you want to use so your,have vacation vacation
lxBjYK8wHt4,WORKING AT AMAZON WAREHOUSE + COME TO WORK WITH ME: FIRST DAY,youtube,334,[666.00] personal time is your personal time,accumulates each paycheck so i think
lxBjYK8wHt4,WORKING AT AMAZON WAREHOUSE + COME TO WORK WITH ME: FIRST DAY,youtube,335,[668.00] personal time is paid time so you will,each paycheck you get two hours or hour
lxBjYK8wHt4,WORKING AT AMAZON WAREHOUSE + COME TO WORK WITH ME: FIRST DAY,youtube,336,[670.00] get paid for taking off and then you,vacation which ain't nothing it's
lxBjYK8wHt4,WORKING AT AMAZON WAREHOUSE + COME TO WORK WITH ME: FIRST DAY,youtube,337,[672.16] have vacation you know vacation,nothing it's nothing but it's
lxBjYK8wHt4,WORKING AT AMAZON WAREHOUSE + COME TO WORK WITH ME: FIRST DAY,youtube,338,[674.24] accumulates each paycheck so i think,i'm grateful for it for jury
lxBjYK8wHt4,WORKING AT AMAZON WAREHOUSE + COME TO WORK WITH ME: FIRST DAY,youtube,339,[676.80] each paycheck you get two hours or hour,duty how that is the court
lxBjYK8wHt4,WORKING AT AMAZON WAREHOUSE + COME TO WORK WITH ME: FIRST DAY,youtube,340,[679.36] vacation which ain't nothing it's,stuff
lxBjYK8wHt4,WORKING AT AMAZON WAREHOUSE + COME TO WORK WITH ME: FIRST DAY,youtube,341,[681.20] nothing it's literally nothing but it's,that's i guess that's
lxBjYK8wHt4,WORKING AT AMAZON WAREHOUSE + COME TO WORK WITH ME: FIRST DAY,youtube,342,[683.20] something i'm grateful for it for jury,mandatory i never thankfully had to go
lxBjYK8wHt4,WORKING AT AMAZON WAREHOUSE + COME TO WORK WITH ME: FIRST DAY,youtube,343,[684.72] duty you know how that is the court,through that so i think it is mandatory
lxBjYK8wHt4,WORKING AT AMAZON WAREHOUSE + COME TO WORK WITH ME: FIRST DAY,youtube,344,[687.20] stuff you know,for some people that they have to be
lxBjYK8wHt4,WORKING AT AMAZON WAREHOUSE + COME TO WORK WITH ME: FIRST DAY,youtube,345,[688.40] that's kind of like i guess that's,there so they have to take off for work
lxBjYK8wHt4,WORKING AT AMAZON WAREHOUSE + COME TO WORK WITH ME: FIRST DAY,youtube,346,[689.84] mandatory i never thankfully had to go,this part is where if somebody was to
lxBjYK8wHt4,WORKING AT AMAZON WAREHOUSE + COME TO WORK WITH ME: FIRST DAY,youtube,347,[691.44] through that so i think it is mandatory,pass
lxBjYK8wHt4,WORKING AT AMAZON WAREHOUSE + COME TO WORK WITH ME: FIRST DAY,youtube,348,[693.28] for some people that they have to be,amazon gives you three days off which is
lxBjYK8wHt4,WORKING AT AMAZON WAREHOUSE + COME TO WORK WITH ME: FIRST DAY,youtube,349,[694.40] there so they have to take off for work,them because
lxBjYK8wHt4,WORKING AT AMAZON WAREHOUSE + COME TO WORK WITH ME: FIRST DAY,youtube,350,[696.16] this part is where if somebody was to,that's serious you lost a
lxBjYK8wHt4,WORKING AT AMAZON WAREHOUSE + COME TO WORK WITH ME: FIRST DAY,youtube,351,[698.32] pass,loved one somebody close to you they
lxBjYK8wHt4,WORKING AT AMAZON WAREHOUSE + COME TO WORK WITH ME: FIRST DAY,youtube,352,[699.36] amazon gives you three days off which is,will give you time off and then you have
lxBjYK8wHt4,WORKING AT AMAZON WAREHOUSE + COME TO WORK WITH ME: FIRST DAY,youtube,353,[701.28] really kind of them because you know,unpaid time unpaid time you hear what it
lxBjYK8wHt4,WORKING AT AMAZON WAREHOUSE + COME TO WORK WITH ME: FIRST DAY,youtube,354,[703.04] that's something serious like you lost a,is it's unpaid you're not getting paid
lxBjYK8wHt4,WORKING AT AMAZON WAREHOUSE + COME TO WORK WITH ME: FIRST DAY,youtube,355,[704.56] loved one somebody close to you they,for taking off
lxBjYK8wHt4,WORKING AT AMAZON WAREHOUSE + COME TO WORK WITH ME: FIRST DAY,youtube,356,[706.08] will give you time off and then you have,you're not you're not getting paid so
lxBjYK8wHt4,WORKING AT AMAZON WAREHOUSE + COME TO WORK WITH ME: FIRST DAY,youtube,357,[707.92] unpaid time unpaid time you hear what it,pto
lxBjYK8wHt4,WORKING AT AMAZON WAREHOUSE + COME TO WORK WITH ME: FIRST DAY,youtube,358,[710.24] is it's unpaid you're not getting paid,personal time you will get paid unpaid
lxBjYK8wHt4,WORKING AT AMAZON WAREHOUSE + COME TO WORK WITH ME: FIRST DAY,youtube,359,[712.00] for taking off,time you will not get paid simple that's
lxBjYK8wHt4,WORKING AT AMAZON WAREHOUSE + COME TO WORK WITH ME: FIRST DAY,youtube,360,[713.84] you're not you're not getting paid so,it y'all get that part now let's get
lxBjYK8wHt4,WORKING AT AMAZON WAREHOUSE + COME TO WORK WITH ME: FIRST DAY,youtube,361,[715.68] pto,into the
lxBjYK8wHt4,WORKING AT AMAZON WAREHOUSE + COME TO WORK WITH ME: FIRST DAY,youtube,362,[716.80] personal time you will get paid unpaid,vet
lxBjYK8wHt4,WORKING AT AMAZON WAREHOUSE + COME TO WORK WITH ME: FIRST DAY,youtube,363,[718.96] time you will not get paid simple that's,in the vto okay so vto is voluntary time
lxBjYK8wHt4,WORKING AT AMAZON WAREHOUSE + COME TO WORK WITH ME: FIRST DAY,youtube,364,[720.96] it y'all get that part now let's get,off
lxBjYK8wHt4,WORKING AT AMAZON WAREHOUSE + COME TO WORK WITH ME: FIRST DAY,youtube,365,[722.64] into the,voluntary time off is if you're at work
lxBjYK8wHt4,WORKING AT AMAZON WAREHOUSE + COME TO WORK WITH ME: FIRST DAY,youtube,366,[723.92] vet,and they're slow or they might not
lxBjYK8wHt4,WORKING AT AMAZON WAREHOUSE + COME TO WORK WITH ME: FIRST DAY,youtube,367,[726.16] in the vto okay so vto is voluntary time,have enough work or could
lxBjYK8wHt4,WORKING AT AMAZON WAREHOUSE + COME TO WORK WITH ME: FIRST DAY,youtube,368,[729.28] off,happen they might offer you vto vto once
lxBjYK8wHt4,WORKING AT AMAZON WAREHOUSE + COME TO WORK WITH ME: FIRST DAY,youtube,369,[730.40] voluntary time off is if you're at work,again is voluntary time off meaning
lxBjYK8wHt4,WORKING AT AMAZON WAREHOUSE + COME TO WORK WITH ME: FIRST DAY,youtube,370,[733.20] and they're slow or they might not just,you're voluntarily leaving
lxBjYK8wHt4,WORKING AT AMAZON WAREHOUSE + COME TO WORK WITH ME: FIRST DAY,youtube,371,[735.04] have enough work or anything could,it's up to you you will not get paid
lxBjYK8wHt4,WORKING AT AMAZON WAREHOUSE + COME TO WORK WITH ME: FIRST DAY,youtube,372,[736.32] happen they might offer you vto vto once,you're not getting paid
lxBjYK8wHt4,WORKING AT AMAZON WAREHOUSE + COME TO WORK WITH ME: FIRST DAY,youtube,373,[739.84] again is voluntary time off meaning,no no no no no money for you but you're
lxBjYK8wHt4,WORKING AT AMAZON WAREHOUSE + COME TO WORK WITH ME: FIRST DAY,youtube,374,[742.64] you're voluntarily leaving,leaving and you can go it won't mess
lxBjYK8wHt4,WORKING AT AMAZON WAREHOUSE + COME TO WORK WITH ME: FIRST DAY,youtube,375,[744.96] it's up to you you will not get paid,with your time so the time that you have
lxBjYK8wHt4,WORKING AT AMAZON WAREHOUSE + COME TO WORK WITH ME: FIRST DAY,youtube,376,[746.32] you're not getting paid,your personal time your unpaid time your
lxBjYK8wHt4,WORKING AT AMAZON WAREHOUSE + COME TO WORK WITH ME: FIRST DAY,youtube,377,[748.88] no no no no no money for you but you're,vacation that will not get touched they
lxBjYK8wHt4,WORKING AT AMAZON WAREHOUSE + COME TO WORK WITH ME: FIRST DAY,youtube,378,[751.84] leaving and you can go it won't mess,are letting you go
lxBjYK8wHt4,WORKING AT AMAZON WAREHOUSE + COME TO WORK WITH ME: FIRST DAY,youtube,379,[753.52] with your time so the time that you have,go home you won't get paid which is
lxBjYK8wHt4,WORKING AT AMAZON WAREHOUSE + COME TO WORK WITH ME: FIRST DAY,youtube,380,[755.92] your personal time your unpaid time your,always it's not always cool but
lxBjYK8wHt4,WORKING AT AMAZON WAREHOUSE + COME TO WORK WITH ME: FIRST DAY,youtube,381,[757.84] vacation that will not get touched they,sometimes you don't care you'll be
lxBjYK8wHt4,WORKING AT AMAZON WAREHOUSE + COME TO WORK WITH ME: FIRST DAY,youtube,382,[759.92] are letting you go,i need to go home and then you have
lxBjYK8wHt4,WORKING AT AMAZON WAREHOUSE + COME TO WORK WITH ME: FIRST DAY,youtube,383,[761.44] go home you just won't get paid which is,v-e-t which is voluntary extra time now
lxBjYK8wHt4,WORKING AT AMAZON WAREHOUSE + COME TO WORK WITH ME: FIRST DAY,youtube,384,[763.44] always i mean it's not always cool but,voluntary extra time it sound what
lxBjYK8wHt4,WORKING AT AMAZON WAREHOUSE + COME TO WORK WITH ME: FIRST DAY,youtube,385,[765.12] sometimes you just don't care you'll be,it sounds it's extra money in your
lxBjYK8wHt4,WORKING AT AMAZON WAREHOUSE + COME TO WORK WITH ME: FIRST DAY,youtube,386,[766.32] like i need to go home and then you have,pockets
lxBjYK8wHt4,WORKING AT AMAZON WAREHOUSE + COME TO WORK WITH ME: FIRST DAY,youtube,387,[768.08] v-e-t which is voluntary extra time now,so voluntary extra time they'll send
lxBjYK8wHt4,WORKING AT AMAZON WAREHOUSE + COME TO WORK WITH ME: FIRST DAY,youtube,388,[770.56] voluntary extra time it sound like what,that through the a to z app you might
lxBjYK8wHt4,WORKING AT AMAZON WAREHOUSE + COME TO WORK WITH ME: FIRST DAY,youtube,389,[772.48] it sounds like it's extra money in your,also get a message if you have most
lxBjYK8wHt4,WORKING AT AMAZON WAREHOUSE + COME TO WORK WITH ME: FIRST DAY,youtube,390,[774.40] pockets,likely that's how you need to do it i
lxBjYK8wHt4,WORKING AT AMAZON WAREHOUSE + COME TO WORK WITH ME: FIRST DAY,youtube,391,[775.44] so voluntary extra time they'll send,have my a to z notifications on and i
lxBjYK8wHt4,WORKING AT AMAZON WAREHOUSE + COME TO WORK WITH ME: FIRST DAY,youtube,392,[777.20] that through the a to z app you might,also have it's where it gets to my phone
lxBjYK8wHt4,WORKING AT AMAZON WAREHOUSE + COME TO WORK WITH ME: FIRST DAY,youtube,393,[778.64] also get a message if you have most,once you accept y'all i'm telling you
lxBjYK8wHt4,WORKING AT AMAZON WAREHOUSE + COME TO WORK WITH ME: FIRST DAY,youtube,394,[780.88] likely that's how you need to do it i,all this right now once y'all accept
lxBjYK8wHt4,WORKING AT AMAZON WAREHOUSE + COME TO WORK WITH ME: FIRST DAY,youtube,395,[783.04] have my a to z notifications on and i,voluntary extra time shift ain't no oh
lxBjYK8wHt4,WORKING AT AMAZON WAREHOUSE + COME TO WORK WITH ME: FIRST DAY,youtube,396,[785.20] also have it's where it gets to my phone,i'm giving it back oh i can't make
lxBjYK8wHt4,WORKING AT AMAZON WAREHOUSE + COME TO WORK WITH ME: FIRST DAY,youtube,397,[787.52] once you accept y'all i'm telling you,it they do not care it's yours and if
lxBjYK8wHt4,WORKING AT AMAZON WAREHOUSE + COME TO WORK WITH ME: FIRST DAY,youtube,398,[789.44] all this right now once y'all accept,you don't make it to that shift if you
lxBjYK8wHt4,WORKING AT AMAZON WAREHOUSE + COME TO WORK WITH ME: FIRST DAY,youtube,399,[792.24] in,don't have enough time to cover that
lxBjYK8wHt4,WORKING AT AMAZON WAREHOUSE + COME TO WORK WITH ME: FIRST DAY,youtube,400,[793.28] voluntary extra time shift ain't no oh,shift you will go into the negatives
lxBjYK8wHt4,WORKING AT AMAZON WAREHOUSE + COME TO WORK WITH ME: FIRST DAY,youtube,401,[796.08] i'm giving it back like oh i can't make,they say if you want some negatives
lxBjYK8wHt4,WORKING AT AMAZON WAREHOUSE + COME TO WORK WITH ME: FIRST DAY,youtube,402,[797.60] it they do not care it's yours and if,you're fired that's it so i did bto
lxBjYK8wHt4,WORKING AT AMAZON WAREHOUSE + COME TO WORK WITH ME: FIRST DAY,youtube,403,[799.84] you don't make it to that shift if you,that's voluntary time off that's when
lxBjYK8wHt4,WORKING AT AMAZON WAREHOUSE + COME TO WORK WITH ME: FIRST DAY,youtube,404,[801.04] don't have enough time to cover that,you could leave voluntary extra
lxBjYK8wHt4,WORKING AT AMAZON WAREHOUSE + COME TO WORK WITH ME: FIRST DAY,youtube,405,[802.40] shift you will go into the negatives,time that's vet that's where
lxBjYK8wHt4,WORKING AT AMAZON WAREHOUSE + COME TO WORK WITH ME: FIRST DAY,youtube,406,[803.92] they say if you want some negatives,that's extra money in your pockets
lxBjYK8wHt4,WORKING AT AMAZON WAREHOUSE + COME TO WORK WITH ME: FIRST DAY,youtube,407,[805.36] you're fired like that's it so i did bto,that's extra money in your pocket says
lxBjYK8wHt4,WORKING AT AMAZON WAREHOUSE + COME TO WORK WITH ME: FIRST DAY,youtube,408,[808.16] that's voluntary time off that's when,brad
lxBjYK8wHt4,WORKING AT AMAZON WAREHOUSE + COME TO WORK WITH ME: FIRST DAY,youtube,409,[809.92] you could just leave voluntary extra,gang whoever you looking to apply is
lxBjYK8wHt4,WORKING AT AMAZON WAREHOUSE + COME TO WORK WITH ME: FIRST DAY,youtube,410,[811.52] time that's vet that's where basically,extra money in your pockets pick it up
lxBjYK8wHt4,WORKING AT AMAZON WAREHOUSE + COME TO WORK WITH ME: FIRST DAY,youtube,411,[813.44] that's extra money in your pockets,you got pco it's paid time off that's
lxBjYK8wHt4,WORKING AT AMAZON WAREHOUSE + COME TO WORK WITH ME: FIRST DAY,youtube,412,[814.64] that's extra money in your pocket says,your personal time unpaid time you don't
lxBjYK8wHt4,WORKING AT AMAZON WAREHOUSE + COME TO WORK WITH ME: FIRST DAY,youtube,413,[817.12] brad,get paid and voluntary time off vto you
lxBjYK8wHt4,WORKING AT AMAZON WAREHOUSE + COME TO WORK WITH ME: FIRST DAY,youtube,414,[818.08] gang whoever you looking to apply is,do not get paid voluntary extra time
lxBjYK8wHt4,WORKING AT AMAZON WAREHOUSE + COME TO WORK WITH ME: FIRST DAY,youtube,415,[820.32] extra money in your pockets pick it up,that's when you're picking up shifts you
lxBjYK8wHt4,WORKING AT AMAZON WAREHOUSE + COME TO WORK WITH ME: FIRST DAY,youtube,416,[822.32] you got pco it's paid time off that's,will get paid pto that's your personal
lxBjYK8wHt4,WORKING AT AMAZON WAREHOUSE + COME TO WORK WITH ME: FIRST DAY,youtube,417,[824.96] your personal time unpaid time you don't,time you will get paid
lxBjYK8wHt4,WORKING AT AMAZON WAREHOUSE + COME TO WORK WITH ME: FIRST DAY,youtube,418,[826.96] get paid and voluntary time off vto you,hopefully it all
lxBjYK8wHt4,WORKING AT AMAZON WAREHOUSE + COME TO WORK WITH ME: FIRST DAY,youtube,419,[829.60] do not get paid voluntary extra time,it's i hope y'all got a
lxBjYK8wHt4,WORKING AT AMAZON WAREHOUSE + COME TO WORK WITH ME: FIRST DAY,youtube,420,[831.92] that's when you're picking up shifts you,notebook and a pen writing all this
lxBjYK8wHt4,WORKING AT AMAZON WAREHOUSE + COME TO WORK WITH ME: FIRST DAY,youtube,421,[833.20] will get paid pto that's your personal,little stuff down i hope it does help a
lxBjYK8wHt4,WORKING AT AMAZON WAREHOUSE + COME TO WORK WITH ME: FIRST DAY,youtube,422,[835.68] time you will get paid,little bit
lxBjYK8wHt4,WORKING AT AMAZON WAREHOUSE + COME TO WORK WITH ME: FIRST DAY,youtube,423,[838.08] hopefully it all,one thing i can say about amazon and the
lxBjYK8wHt4,WORKING AT AMAZON WAREHOUSE + COME TO WORK WITH ME: FIRST DAY,youtube,424,[840.08] it's you know i hope y'all got a,benefits
lxBjYK8wHt4,WORKING AT AMAZON WAREHOUSE + COME TO WORK WITH ME: FIRST DAY,youtube,425,[842.00] notebook and a pen writing all this,it's up here it's top tier it's it's
lxBjYK8wHt4,WORKING AT AMAZON WAREHOUSE + COME TO WORK WITH ME: FIRST DAY,youtube,426,[843.52] little stuff down i hope it does help a,given chef's kiss is that
lxBjYK8wHt4,WORKING AT AMAZON WAREHOUSE + COME TO WORK WITH ME: FIRST DAY,youtube,427,[845.36] little bit,the amazon benefits are
lxBjYK8wHt4,WORKING AT AMAZON WAREHOUSE + COME TO WORK WITH ME: FIRST DAY,youtube,428,[846.72] one thing i can say about amazon and the,benefiting it is giving benefits for
lxBjYK8wHt4,WORKING AT AMAZON WAREHOUSE + COME TO WORK WITH ME: FIRST DAY,youtube,429,[849.12] benefits,sure for sure is giving benefits they
lxBjYK8wHt4,WORKING AT AMAZON WAREHOUSE + COME TO WORK WITH ME: FIRST DAY,youtube,430,[851.12] it's up here it's top tier it's it's,offer
lxBjYK8wHt4,WORKING AT AMAZON WAREHOUSE + COME TO WORK WITH ME: FIRST DAY,youtube,431,[853.04] given chef's kiss is that,health benefits
lxBjYK8wHt4,WORKING AT AMAZON WAREHOUSE + COME TO WORK WITH ME: FIRST DAY,youtube,432,[855.68] the amazon benefits are,they offer dental for your teeth baby
lxBjYK8wHt4,WORKING AT AMAZON WAREHOUSE + COME TO WORK WITH ME: FIRST DAY,youtube,433,[858.16] benefiting it is giving benefits for,they offer vision
lxBjYK8wHt4,WORKING AT AMAZON WAREHOUSE + COME TO WORK WITH ME: FIRST DAY,youtube,434,[860.72] sure for sure is giving benefits they,they also offer 401k they offer stock so
lxBjYK8wHt4,WORKING AT AMAZON WAREHOUSE + COME TO WORK WITH ME: FIRST DAY,youtube,435,[863.52] offer,if you're a stocks person where
lxBjYK8wHt4,WORKING AT AMAZON WAREHOUSE + COME TO WORK WITH ME: FIRST DAY,youtube,436,[864.56] health benefits,you to invest in stocks and all of
lxBjYK8wHt4,WORKING AT AMAZON WAREHOUSE + COME TO WORK WITH ME: FIRST DAY,youtube,437,[866.64] they offer dental for your teeth baby,that they offer that they also offer
lxBjYK8wHt4,WORKING AT AMAZON WAREHOUSE + COME TO WORK WITH ME: FIRST DAY,youtube,438,[869.12] they offer vision,schooling it's on the screen if y'all
lxBjYK8wHt4,WORKING AT AMAZON WAREHOUSE + COME TO WORK WITH ME: FIRST DAY,youtube,439,[871.20] they also offer 401k they offer stock so,want to pause and read it but i'm
lxBjYK8wHt4,WORKING AT AMAZON WAREHOUSE + COME TO WORK WITH ME: FIRST DAY,youtube,440,[875.20] if you're um a stocks person like where,reading to y'all it's a career choice
lxBjYK8wHt4,WORKING AT AMAZON WAREHOUSE + COME TO WORK WITH ME: FIRST DAY,youtube,441,[877.12] you like to invest in stocks and all of,update you listen it's a
lxBjYK8wHt4,WORKING AT AMAZON WAREHOUSE + COME TO WORK WITH ME: FIRST DAY,youtube,442,[878.64] that they offer that they also offer,increased education option
lxBjYK8wHt4,WORKING AT AMAZON WAREHOUSE + COME TO WORK WITH ME: FIRST DAY,youtube,443,[880.88] schooling it's on the screen if y'all,it says fully prepaid tuition limitless
lxBjYK8wHt4,WORKING AT AMAZON WAREHOUSE + COME TO WORK WITH ME: FIRST DAY,youtube,444,[882.24] want to pause and read it but i'm just,learning education funding every year as
lxBjYK8wHt4,WORKING AT AMAZON WAREHOUSE + COME TO WORK WITH ME: FIRST DAY,youtube,445,[883.44] reading to y'all it's a career choice,long as you stay with the company
lxBjYK8wHt4,WORKING AT AMAZON WAREHOUSE + COME TO WORK WITH ME: FIRST DAY,youtube,446,[885.20] update you actually listen it's a,listen
lxBjYK8wHt4,WORKING AT AMAZON WAREHOUSE + COME TO WORK WITH ME: FIRST DAY,youtube,447,[886.88] increased education option,i don't know why i'm telling y'all to
lxBjYK8wHt4,WORKING AT AMAZON WAREHOUSE + COME TO WORK WITH ME: FIRST DAY,youtube,448,[888.96] it says fully prepaid tuition limitless,listen i need to be listening education
lxBjYK8wHt4,WORKING AT AMAZON WAREHOUSE + COME TO WORK WITH ME: FIRST DAY,youtube,449,[891.36] learning education funding every year as,funding every year
lxBjYK8wHt4,WORKING AT AMAZON WAREHOUSE + COME TO WORK WITH ME: FIRST DAY,youtube,450,[893.52] long as you stay with the company,for as long as you stay with the company
lxBjYK8wHt4,WORKING AT AMAZON WAREHOUSE + COME TO WORK WITH ME: FIRST DAY,youtube,451,[896.08] listen,hourly employees full-time and part-time
lxBjYK8wHt4,WORKING AT AMAZON WAREHOUSE + COME TO WORK WITH ME: FIRST DAY,youtube,452,[897.04] i don't know why i'm telling y'all to,are eligible to participate 90 days
lxBjYK8wHt4,WORKING AT AMAZON WAREHOUSE + COME TO WORK WITH ME: FIRST DAY,youtube,453,[897.92] listen i need to be listening education,after starting at amazon when you come
lxBjYK8wHt4,WORKING AT AMAZON WAREHOUSE + COME TO WORK WITH ME: FIRST DAY,youtube,454,[899.92] funding every year,in the door they will tell you you can
lxBjYK8wHt4,WORKING AT AMAZON WAREHOUSE + COME TO WORK WITH ME: FIRST DAY,youtube,455,[901.92] for as long as you stay with the company,sign up for your benefits today if you
lxBjYK8wHt4,WORKING AT AMAZON WAREHOUSE + COME TO WORK WITH ME: FIRST DAY,youtube,456,[905.52] hourly employees full-time and part-time,need help ask one of the hr people your
lxBjYK8wHt4,WORKING AT AMAZON WAREHOUSE + COME TO WORK WITH ME: FIRST DAY,youtube,457,[907.60] are eligible to participate 90 days,benefits start as soon as you walk into
lxBjYK8wHt4,WORKING AT AMAZON WAREHOUSE + COME TO WORK WITH ME: FIRST DAY,youtube,458,[909.92] after starting at amazon when you come,amazon and you sign up
lxBjYK8wHt4,WORKING AT AMAZON WAREHOUSE + COME TO WORK WITH ME: FIRST DAY,youtube,459,[911.92] in the door they will tell you you can,now we're going to get into the dress
lxBjYK8wHt4,WORKING AT AMAZON WAREHOUSE + COME TO WORK WITH ME: FIRST DAY,youtube,460,[913.68] sign up for your benefits today if you,code first thing first i'm going to start
lxBjYK8wHt4,WORKING AT AMAZON WAREHOUSE + COME TO WORK WITH ME: FIRST DAY,youtube,461,[915.44] need help ask one of the hr people your,off with hair because that has been a
lxBjYK8wHt4,WORKING AT AMAZON WAREHOUSE + COME TO WORK WITH ME: FIRST DAY,youtube,462,[917.84] benefits start as soon as you walk into,big issue at my location
lxBjYK8wHt4,WORKING AT AMAZON WAREHOUSE + COME TO WORK WITH ME: FIRST DAY,youtube,463,[920.32] amazon and you sign up,ladies i know you to wear your
lxBjYK8wHt4,WORKING AT AMAZON WAREHOUSE + COME TO WORK WITH ME: FIRST DAY,youtube,464,[923.44] now we're going to get into the dress,lovely bundles your long down to the
lxBjYK8wHt4,WORKING AT AMAZON WAREHOUSE + COME TO WORK WITH ME: FIRST DAY,youtube,465,[924.80] code first thing first i'm gonna start,booty braids
lxBjYK8wHt4,WORKING AT AMAZON WAREHOUSE + COME TO WORK WITH ME: FIRST DAY,youtube,466,[926.56] off with hair because that has been a,yo bundles down to the booty bundles
lxBjYK8wHt4,WORKING AT AMAZON WAREHOUSE + COME TO WORK WITH ME: FIRST DAY,youtube,467,[928.08] big issue at my location,down to your knees your ankles stuff
lxBjYK8wHt4,WORKING AT AMAZON WAREHOUSE + COME TO WORK WITH ME: FIRST DAY,youtube,468,[930.00] um,that a little 40 inch hovering
lxBjYK8wHt4,WORKING AT AMAZON WAREHOUSE + COME TO WORK WITH ME: FIRST DAY,youtube,469,[931.12] ladies i know you like to wear your,is you want to wear is long and
lxBjYK8wHt4,WORKING AT AMAZON WAREHOUSE + COME TO WORK WITH ME: FIRST DAY,youtube,470,[932.96] lovely bundles your long down to the,at amazon it's a lot of
lxBjYK8wHt4,WORKING AT AMAZON WAREHOUSE + COME TO WORK WITH ME: FIRST DAY,youtube,471,[935.04] booty braids,movement it's a lot of conveyors it's a
lxBjYK8wHt4,WORKING AT AMAZON WAREHOUSE + COME TO WORK WITH ME: FIRST DAY,youtube,472,[936.64] yo bundles down to the booty bundles,lot of rollers there's a lot of stuff
lxBjYK8wHt4,WORKING AT AMAZON WAREHOUSE + COME TO WORK WITH ME: FIRST DAY,youtube,473,[938.80] down to your knees your ankles stuff,that can snatch your hair off and i
lxBjYK8wHt4,WORKING AT AMAZON WAREHOUSE + COME TO WORK WITH ME: FIRST DAY,youtube,474,[940.48] like that a little 40 inch hovering,think recently we was at a
lxBjYK8wHt4,WORKING AT AMAZON WAREHOUSE + COME TO WORK WITH ME: FIRST DAY,youtube,475,[942.40] whatever is you want to wear is long and,little meeting and it was had a bit two
lxBjYK8wHt4,WORKING AT AMAZON WAREHOUSE + COME TO WORK WITH ME: FIRST DAY,youtube,476,[944.88] at amazon it's a lot of,weeks ago so two weeks before that girl
lxBjYK8wHt4,WORKING AT AMAZON WAREHOUSE + COME TO WORK WITH ME: FIRST DAY,youtube,477,[947.76] movement it's a lot of conveyors it's a,had her hair down or and her
lxBjYK8wHt4,WORKING AT AMAZON WAREHOUSE + COME TO WORK WITH ME: FIRST DAY,youtube,478,[949.36] lot of rollers there's a lot of stuff,hair got pulled into the conveyor or
lxBjYK8wHt4,WORKING AT AMAZON WAREHOUSE + COME TO WORK WITH ME: FIRST DAY,youtube,479,[951.44] that can snatch your hair off and i,rollers and
lxBjYK8wHt4,WORKING AT AMAZON WAREHOUSE + COME TO WORK WITH ME: FIRST DAY,youtube,480,[953.84] think just recently um we was at a,what is it called the scalp or
lxBjYK8wHt4,WORKING AT AMAZON WAREHOUSE + COME TO WORK WITH ME: FIRST DAY,youtube,481,[956.08] little meeting and it was had a bit two,that yeah that happened to her long
lxBjYK8wHt4,WORKING AT AMAZON WAREHOUSE + COME TO WORK WITH ME: FIRST DAY,youtube,482,[957.92] weeks ago so two weeks before that girl,story short they always tell you with
lxBjYK8wHt4,WORKING AT AMAZON WAREHOUSE + COME TO WORK WITH ME: FIRST DAY,youtube,483,[959.84] had her hair down or something and her,your hair it has to be shoulder
lxBjYK8wHt4,WORKING AT AMAZON WAREHOUSE + COME TO WORK WITH ME: FIRST DAY,youtube,484,[962.08] hair got pulled into the conveyor or,length and not saying you have to cut
lxBjYK8wHt4,WORKING AT AMAZON WAREHOUSE + COME TO WORK WITH ME: FIRST DAY,youtube,485,[964.56] rollers and,your hair nothing that if you have
lxBjYK8wHt4,WORKING AT AMAZON WAREHOUSE + COME TO WORK WITH ME: FIRST DAY,youtube,486,[966.56] what is it called the scalp or something,braids they will tell you to put your
lxBjYK8wHt4,WORKING AT AMAZON WAREHOUSE + COME TO WORK WITH ME: FIRST DAY,youtube,487,[968.64] that yeah that happened to her long,braids up in the high button put you can
lxBjYK8wHt4,WORKING AT AMAZON WAREHOUSE + COME TO WORK WITH ME: FIRST DAY,youtube,488,[970.24] story short they always tell you with,wear a bonnet put over your
lxBjYK8wHt4,WORKING AT AMAZON WAREHOUSE + COME TO WORK WITH ME: FIRST DAY,youtube,489,[972.00] your hair it has to be like shoulder,braids because
lxBjYK8wHt4,WORKING AT AMAZON WAREHOUSE + COME TO WORK WITH ME: FIRST DAY,youtube,490,[974.64] length and not saying you have to cut,you don't want that happening to you you
lxBjYK8wHt4,WORKING AT AMAZON WAREHOUSE + COME TO WORK WITH ME: FIRST DAY,youtube,491,[976.48] your hair nothing like that if you have,ain't got enough time to if you get
lxBjYK8wHt4,WORKING AT AMAZON WAREHOUSE + COME TO WORK WITH ME: FIRST DAY,youtube,492,[977.84] braids they will tell you to put your,yanked
lxBjYK8wHt4,WORKING AT AMAZON WAREHOUSE + COME TO WORK WITH ME: FIRST DAY,youtube,493,[980.00] braids up in the high button put you can,you don't have enough time to do
lxBjYK8wHt4,WORKING AT AMAZON WAREHOUSE + COME TO WORK WITH ME: FIRST DAY,youtube,494,[982.56] wear a bonnet put something over your,but sit there and be
lxBjYK8wHt4,WORKING AT AMAZON WAREHOUSE + COME TO WORK WITH ME: FIRST DAY,youtube,495,[984.24] braids because,yanked and your hair is gone it's
lxBjYK8wHt4,WORKING AT AMAZON WAREHOUSE + COME TO WORK WITH ME: FIRST DAY,youtube,496,[985.68] you don't want that happening to you you,going your skin is going no edges
lxBjYK8wHt4,WORKING AT AMAZON WAREHOUSE + COME TO WORK WITH ME: FIRST DAY,youtube,497,[987.44] ain't got enough time to if you get,you you ain't got no edges now you're
lxBjYK8wHt4,WORKING AT AMAZON WAREHOUSE + COME TO WORK WITH ME: FIRST DAY,youtube,498,[989.20] yanked,not going to have no edges ever but if i
lxBjYK8wHt4,WORKING AT AMAZON WAREHOUSE + COME TO WORK WITH ME: FIRST DAY,youtube,499,[990.80] you don't have enough time to do,were you if you have extremely long hair
lxBjYK8wHt4,WORKING AT AMAZON WAREHOUSE + COME TO WORK WITH ME: FIRST DAY,youtube,500,[992.32] anything but just sit there and be,bring you some clips a ponytail holder
lxBjYK8wHt4,WORKING AT AMAZON WAREHOUSE + COME TO WORK WITH ME: FIRST DAY,youtube,501,[994.00] yanked and your hair is gone like it's,if you got a wig put in a ponytail clip
lxBjYK8wHt4,WORKING AT AMAZON WAREHOUSE + COME TO WORK WITH ME: FIRST DAY,youtube,502,[996.64] going your skin is going like no edges,it up wrap it up
lxBjYK8wHt4,WORKING AT AMAZON WAREHOUSE + COME TO WORK WITH ME: FIRST DAY,youtube,503,[999.28] you you ain't got no edges now you're,simple i'm going to go from the hair to the
lxBjYK8wHt4,WORKING AT AMAZON WAREHOUSE + COME TO WORK WITH ME: FIRST DAY,youtube,504,[1000.64] not gonna have no edges ever but if i,nails so unfortunately
lxBjYK8wHt4,WORKING AT AMAZON WAREHOUSE + COME TO WORK WITH ME: FIRST DAY,youtube,505,[1002.56] were you if you have extremely long hair,i have to suffer today is thursday
lxBjYK8wHt4,WORKING AT AMAZON WAREHOUSE + COME TO WORK WITH ME: FIRST DAY,youtube,506,[1006.40] bring you some clips a ponytail holder,yesterday i wrote my nail
lxBjYK8wHt4,WORKING AT AMAZON WAREHOUSE + COME TO WORK WITH ME: FIRST DAY,youtube,507,[1008.00] if you got a wig put in a ponytail clip,i'm not even going to lie i've come to
lxBjYK8wHt4,WORKING AT AMAZON WAREHOUSE + COME TO WORK WITH ME: FIRST DAY,youtube,508,[1009.76] it up wrap it up,amazon with long nails so ladies make
lxBjYK8wHt4,WORKING AT AMAZON WAREHOUSE + COME TO WORK WITH ME: FIRST DAY,youtube,509,[1011.76] simple i'm gonna go from the hair to the,sure your nails are at a decent length
lxBjYK8wHt4,WORKING AT AMAZON WAREHOUSE + COME TO WORK WITH ME: FIRST DAY,youtube,510,[1014.16] nails so unfortunately,you can get long nails it's not
lxBjYK8wHt4,WORKING AT AMAZON WAREHOUSE + COME TO WORK WITH ME: FIRST DAY,youtube,511,[1016.64] i just have to suffer today is thursday,amazon has a nail polish going around
lxBjYK8wHt4,WORKING AT AMAZON WAREHOUSE + COME TO WORK WITH ME: FIRST DAY,youtube,512,[1019.92] just yesterday i wrote my nail,accident let me see your nails let me
lxBjYK8wHt4,WORKING AT AMAZON WAREHOUSE + COME TO WORK WITH ME: FIRST DAY,youtube,513,[1023.04] i'm not even gonna lie i've come to,see the lens let me see no
lxBjYK8wHt4,WORKING AT AMAZON WAREHOUSE + COME TO WORK WITH ME: FIRST DAY,youtube,514,[1024.56] amazon with long nails so ladies make,you can have long nails it's up to
lxBjYK8wHt4,WORKING AT AMAZON WAREHOUSE + COME TO WORK WITH ME: FIRST DAY,youtube,515,[1027.28] sure your nails are at a decent length,you they
lxBjYK8wHt4,WORKING AT AMAZON WAREHOUSE + COME TO WORK WITH ME: FIRST DAY,youtube,516,[1029.68] you can get long nails it's not like,great they rather you not have them but
lxBjYK8wHt4,WORKING AT AMAZON WAREHOUSE + COME TO WORK WITH ME: FIRST DAY,youtube,517,[1031.76] amazon has a nail polish going around,hey if you get your nails done
lxBjYK8wHt4,WORKING AT AMAZON WAREHOUSE + COME TO WORK WITH ME: FIRST DAY,youtube,518,[1034.00] accident let me see your nails let me,you break all your nails off that's up
lxBjYK8wHt4,WORKING AT AMAZON WAREHOUSE + COME TO WORK WITH ME: FIRST DAY,youtube,519,[1035.20] see the lens let me see no,to you right now they can do now for my
lxBjYK8wHt4,WORKING AT AMAZON WAREHOUSE + COME TO WORK WITH ME: FIRST DAY,youtube,520,[1037.12] you can have long nails it's just up to,own clothes i to wear comfortable
lxBjYK8wHt4,WORKING AT AMAZON WAREHOUSE + COME TO WORK WITH ME: FIRST DAY,youtube,521,[1038.88] you they,clothes to work you get to wear
lxBjYK8wHt4,WORKING AT AMAZON WAREHOUSE + COME TO WORK WITH ME: FIRST DAY,youtube,522,[1039.84] great they rather you not have them but,you want this is a warehouse this is not
lxBjYK8wHt4,WORKING AT AMAZON WAREHOUSE + COME TO WORK WITH ME: FIRST DAY,youtube,523,[1041.76] i mean hey if you get your nails done,a uniform job oh you have to come
lxBjYK8wHt4,WORKING AT AMAZON WAREHOUSE + COME TO WORK WITH ME: FIRST DAY,youtube,524,[1044.24] you break all your nails off that's up,in uniform no you can wear you
lxBjYK8wHt4,WORKING AT AMAZON WAREHOUSE + COME TO WORK WITH ME: FIRST DAY,youtube,525,[1045.76] to you right now they can do now for my,want
lxBjYK8wHt4,WORKING AT AMAZON WAREHOUSE + COME TO WORK WITH ME: FIRST DAY,youtube,526,[1047.04] own clothes i like to wear comfortable,people wear shorts leggings jeans
lxBjYK8wHt4,WORKING AT AMAZON WAREHOUSE + COME TO WORK WITH ME: FIRST DAY,youtube,527,[1048.40] clothes to work you get to wear whatever,capris
lxBjYK8wHt4,WORKING AT AMAZON WAREHOUSE + COME TO WORK WITH ME: FIRST DAY,youtube,528,[1050.00] you want this is a warehouse this is not,any type of pant wide leg short leg you
lxBjYK8wHt4,WORKING AT AMAZON WAREHOUSE + COME TO WORK WITH ME: FIRST DAY,youtube,529,[1051.44] a uniform job like oh you have to come,know skinny jeans tops t-shirts
lxBjYK8wHt4,WORKING AT AMAZON WAREHOUSE + COME TO WORK WITH ME: FIRST DAY,youtube,530,[1053.68] in uniform no you can wear whatever you,long sleeve you can wear you
lxBjYK8wHt4,WORKING AT AMAZON WAREHOUSE + COME TO WORK WITH ME: FIRST DAY,youtube,531,[1055.36] want,want
lxBjYK8wHt4,WORKING AT AMAZON WAREHOUSE + COME TO WORK WITH ME: FIRST DAY,youtube,532,[1056.08] people wear shorts leggings jeans,i've seen people come in there looking
lxBjYK8wHt4,WORKING AT AMAZON WAREHOUSE + COME TO WORK WITH ME: FIRST DAY,youtube,533,[1059.68] capris,they left a party and came straight
lxBjYK8wHt4,WORKING AT AMAZON WAREHOUSE + COME TO WORK WITH ME: FIRST DAY,youtube,534,[1061.36] um,to work
lxBjYK8wHt4,WORKING AT AMAZON WAREHOUSE + COME TO WORK WITH ME: FIRST DAY,youtube,535,[1062.48] any type of pant wide leg short leg you,i've seen people come in there looking
lxBjYK8wHt4,WORKING AT AMAZON WAREHOUSE + COME TO WORK WITH ME: FIRST DAY,youtube,536,[1066.08] know skinny jeans tops you know t-shirts,celebrities chains around their
lxBjYK8wHt4,WORKING AT AMAZON WAREHOUSE + COME TO WORK WITH ME: FIRST DAY,youtube,537,[1069.12] long sleeve you can wear whatever you,necks rings on their fingers
lxBjYK8wHt4,WORKING AT AMAZON WAREHOUSE + COME TO WORK WITH ME: FIRST DAY,youtube,538,[1070.64] want,wrist is watching watching his wrists
lxBjYK8wHt4,WORKING AT AMAZON WAREHOUSE + COME TO WORK WITH ME: FIRST DAY,youtube,539,[1071.92] i've seen people come in there looking,big watches and
lxBjYK8wHt4,WORKING AT AMAZON WAREHOUSE + COME TO WORK WITH ME: FIRST DAY,youtube,540,[1073.84] like they left a party and came straight,bling what i'm saying you can
lxBjYK8wHt4,WORKING AT AMAZON WAREHOUSE + COME TO WORK WITH ME: FIRST DAY,youtube,541,[1075.36] to work,wear you want it's your it's up
lxBjYK8wHt4,WORKING AT AMAZON WAREHOUSE + COME TO WORK WITH ME: FIRST DAY,youtube,542,[1076.72] um,to you
lxBjYK8wHt4,WORKING AT AMAZON WAREHOUSE + COME TO WORK WITH ME: FIRST DAY,youtube,543,[1078.72] i've seen people come in there looking,but
lxBjYK8wHt4,WORKING AT AMAZON WAREHOUSE + COME TO WORK WITH ME: FIRST DAY,youtube,544,[1080.56] like celebrities chains around their,comfortable if
lxBjYK8wHt4,WORKING AT AMAZON WAREHOUSE + COME TO WORK WITH ME: FIRST DAY,youtube,545,[1082.64] necks rings on their fingers,it's comfortable to you wear it by all
lxBjYK8wHt4,WORKING AT AMAZON WAREHOUSE + COME TO WORK WITH ME: FIRST DAY,youtube,546,[1084.98] [Music],means it's you you this is you this is
lxBjYK8wHt4,WORKING AT AMAZON WAREHOUSE + COME TO WORK WITH ME: FIRST DAY,youtube,547,[1086.40] wrist is watching watching his wrists,what you want to wear so for the shoes
lxBjYK8wHt4,WORKING AT AMAZON WAREHOUSE + COME TO WORK WITH ME: FIRST DAY,youtube,548,[1088.48] big watches and,they do offer you a free pair of
lxBjYK8wHt4,WORKING AT AMAZON WAREHOUSE + COME TO WORK WITH ME: FIRST DAY,youtube,549,[1090.08] bling you know what i'm saying you can,shoes i think it's up to 100 dollars now
lxBjYK8wHt4,WORKING AT AMAZON WAREHOUSE + COME TO WORK WITH ME: FIRST DAY,youtube,550,[1091.84] wear whatever you want it's your it's up,if your shoes come off if your shoes go
lxBjYK8wHt4,WORKING AT AMAZON WAREHOUSE + COME TO WORK WITH ME: FIRST DAY,youtube,551,[1093.52] to you,over 100 they'll offer the 100 but you
lxBjYK8wHt4,WORKING AT AMAZON WAREHOUSE + COME TO WORK WITH ME: FIRST DAY,youtube,552,[1094.80] but,got to pay is after that during
lxBjYK8wHt4,WORKING AT AMAZON WAREHOUSE + COME TO WORK WITH ME: FIRST DAY,youtube,553,[1095.68] just kind of comfortable something if,orientation they will tell you about
lxBjYK8wHt4,WORKING AT AMAZON WAREHOUSE + COME TO WORK WITH ME: FIRST DAY,youtube,554,[1097.52] it's comfortable to you wear it by all,these you have to get you some zappos
lxBjYK8wHt4,WORKING AT AMAZON WAREHOUSE + COME TO WORK WITH ME: FIRST DAY,youtube,555,[1099.12] means it's you you this is you this is,shoes i haven't wore these shoes yet
lxBjYK8wHt4,WORKING AT AMAZON WAREHOUSE + COME TO WORK WITH ME: FIRST DAY,youtube,556,[1101.28] what you want to wear so for the shoes,because
lxBjYK8wHt4,WORKING AT AMAZON WAREHOUSE + COME TO WORK WITH ME: FIRST DAY,youtube,557,[1104.00] um they do offer you a free pair of,i don't want to say it but it's
lxBjYK8wHt4,WORKING AT AMAZON WAREHOUSE + COME TO WORK WITH ME: FIRST DAY,youtube,558,[1105.84] shoes i think it's up to 100 dollars now,they tell you to wear these shoes for a
lxBjYK8wHt4,WORKING AT AMAZON WAREHOUSE + COME TO WORK WITH ME: FIRST DAY,youtube,559,[1108.16] if your shoes come off if your shoes go,reason
lxBjYK8wHt4,WORKING AT AMAZON WAREHOUSE + COME TO WORK WITH ME: FIRST DAY,youtube,560,[1110.08] over 100 they'll offer the 100 but you,you can drop you could drop a
lxBjYK8wHt4,WORKING AT AMAZON WAREHOUSE + COME TO WORK WITH ME: FIRST DAY,youtube,561,[1112.96] got to pay whatever is after that during,tote on your foot you could do
lxBjYK8wHt4,WORKING AT AMAZON WAREHOUSE + COME TO WORK WITH ME: FIRST DAY,youtube,562,[1114.96] orientation they will tell you about,now if you had on some steel-toed shoes
lxBjYK8wHt4,WORKING AT AMAZON WAREHOUSE + COME TO WORK WITH ME: FIRST DAY,youtube,563,[1116.48] these you have to get you some zappos,your toes won't be broke
lxBjYK8wHt4,WORKING AT AMAZON WAREHOUSE + COME TO WORK WITH ME: FIRST DAY,youtube,564,[1118.56] shoes i haven't wore these shoes yet,steel toe hard as a rock now the
lxBjYK8wHt4,WORKING AT AMAZON WAREHOUSE + COME TO WORK WITH ME: FIRST DAY,youtube,565,[1121.52] because,work shoes i'm not even going to show
lxBjYK8wHt4,WORKING AT AMAZON WAREHOUSE + COME TO WORK WITH ME: FIRST DAY,youtube,566,[1123.36] i don't want to say it but it's like,you all the work shoes that i got i wear
lxBjYK8wHt4,WORKING AT AMAZON WAREHOUSE + COME TO WORK WITH ME: FIRST DAY,youtube,567,[1124.96] they tell you to wear these shoes for a,some pumas to work
lxBjYK8wHt4,WORKING AT AMAZON WAREHOUSE + COME TO WORK WITH ME: FIRST DAY,youtube,568,[1126.56] reason,and
lxBjYK8wHt4,WORKING AT AMAZON WAREHOUSE + COME TO WORK WITH ME: FIRST DAY,youtube,569,[1127.60] you can drop something you could drop a,baby it's time to put them in the trash
lxBjYK8wHt4,WORKING AT AMAZON WAREHOUSE + COME TO WORK WITH ME: FIRST DAY,youtube,570,[1129.84] tote on your foot you could do anything,it's time it's time it's 100 time
lxBjYK8wHt4,WORKING AT AMAZON WAREHOUSE + COME TO WORK WITH ME: FIRST DAY,youtube,571,[1131.44] now if you had on some steel-toed shoes,it's time to put them pumas in the trash
lxBjYK8wHt4,WORKING AT AMAZON WAREHOUSE + COME TO WORK WITH ME: FIRST DAY,youtube,572,[1133.12] your toes won't be broke,and they're not going in the trash yet
lxBjYK8wHt4,WORKING AT AMAZON WAREHOUSE + COME TO WORK WITH ME: FIRST DAY,youtube,573,[1136.08] steel toe like hard as a rock now the,remind y'all i had these pair of pumas
lxBjYK8wHt4,WORKING AT AMAZON WAREHOUSE + COME TO WORK WITH ME: FIRST DAY,youtube,574,[1138.64] work shoes i'm not even going to show,for it's going on two years so
lxBjYK8wHt4,WORKING AT AMAZON WAREHOUSE + COME TO WORK WITH ME: FIRST DAY,youtube,575,[1139.84] you all the work shoes that i got i wear,if i had an implement for two years
lxBjYK8wHt4,WORKING AT AMAZON WAREHOUSE + COME TO WORK WITH ME: FIRST DAY,youtube,576,[1142.00] some pumas to work,they're comfortable they're broke in
lxBjYK8wHt4,WORKING AT AMAZON WAREHOUSE + COME TO WORK WITH ME: FIRST DAY,youtube,577,[1143.68] and,but what i can say if you get you a pair
lxBjYK8wHt4,WORKING AT AMAZON WAREHOUSE + COME TO WORK WITH ME: FIRST DAY,youtube,578,[1144.56] baby it's time to put them in the trash,of shoes make sure
lxBjYK8wHt4,WORKING AT AMAZON WAREHOUSE + COME TO WORK WITH ME: FIRST DAY,youtube,579,[1146.96] it's time it's time it's 100 time,they're comfortable if you need to add
lxBjYK8wHt4,WORKING AT AMAZON WAREHOUSE + COME TO WORK WITH ME: FIRST DAY,youtube,580,[1150.16] it's time to put them pumas in the trash,you some inserts add you some inserts
lxBjYK8wHt4,WORKING AT AMAZON WAREHOUSE + COME TO WORK WITH ME: FIRST DAY,youtube,581,[1152.24] and they're not going in the trash yet,for your feet
lxBjYK8wHt4,WORKING AT AMAZON WAREHOUSE + COME TO WORK WITH ME: FIRST DAY,youtube,582,[1154.48] remind y'all i had these pair of pumas,i do see people wearing all types of
lxBjYK8wHt4,WORKING AT AMAZON WAREHOUSE + COME TO WORK WITH ME: FIRST DAY,youtube,583,[1156.16] for it's going on two years so you know,shoes i see people wearing forces
lxBjYK8wHt4,WORKING AT AMAZON WAREHOUSE + COME TO WORK WITH ME: FIRST DAY,youtube,584,[1158.32] if i had an implement for two years,jordans vans uggs
lxBjYK8wHt4,WORKING AT AMAZON WAREHOUSE + COME TO WORK WITH ME: FIRST DAY,youtube,585,[1159.60] they're comfortable they're broke in,yes uggs in the warehouse any
lxBjYK8wHt4,WORKING AT AMAZON WAREHOUSE + COME TO WORK WITH ME: FIRST DAY,youtube,586,[1161.68] but what i can say if you get you a pair,shoe you will see in that warehouse back
lxBjYK8wHt4,WORKING AT AMAZON WAREHOUSE + COME TO WORK WITH ME: FIRST DAY,youtube,587,[1163.28] of shoes make sure,in this video right here
lxBjYK8wHt4,WORKING AT AMAZON WAREHOUSE + COME TO WORK WITH ME: FIRST DAY,youtube,588,[1164.40] they're comfortable if you need to add,i would if i would do an updated come to
lxBjYK8wHt4,WORKING AT AMAZON WAREHOUSE + COME TO WORK WITH ME: FIRST DAY,youtube,589,[1165.76] you some inserts add you some inserts,work with me i was going to record it
lxBjYK8wHt4,WORKING AT AMAZON WAREHOUSE + COME TO WORK WITH ME: FIRST DAY,youtube,590,[1167.44] for your feet,and put it in this video so that it can
lxBjYK8wHt4,WORKING AT AMAZON WAREHOUSE + COME TO WORK WITH ME: FIRST DAY,youtube,591,[1168.64] i do see people wearing all types of,all flow together but i will do
lxBjYK8wHt4,WORKING AT AMAZON WAREHOUSE + COME TO WORK WITH ME: FIRST DAY,youtube,592,[1170.24] shoes i see people wearing forces,maybe next week i record a come to
lxBjYK8wHt4,WORKING AT AMAZON WAREHOUSE + COME TO WORK WITH ME: FIRST DAY,youtube,593,[1173.68] jordans vans uggs,amazon warehouse building with me come
lxBjYK8wHt4,WORKING AT AMAZON WAREHOUSE + COME TO WORK WITH ME: FIRST DAY,youtube,594,[1176.48] yes uggs in the warehouse literally any,to work with me so i hope this
lxBjYK8wHt4,WORKING AT AMAZON WAREHOUSE + COME TO WORK WITH ME: FIRST DAY,youtube,595,[1178.80] shoe you will see in that warehouse back,helped you a little bit i
lxBjYK8wHt4,WORKING AT AMAZON WAREHOUSE + COME TO WORK WITH ME: FIRST DAY,youtube,596,[1180.08] in this video right here,said again i'm so sorry it's all over
lxBjYK8wHt4,WORKING AT AMAZON WAREHOUSE + COME TO WORK WITH ME: FIRST DAY,youtube,597,[1181.84] i would if i would do an updated come to,the place i wanted to at
lxBjYK8wHt4,WORKING AT AMAZON WAREHOUSE + COME TO WORK WITH ME: FIRST DAY,youtube,598,[1184.08] work with me um i was going to record it,least give y'all a little bit of insight
lxBjYK8wHt4,WORKING AT AMAZON WAREHOUSE + COME TO WORK WITH ME: FIRST DAY,youtube,599,[1186.40] and put it in this video so that it can,of what
lxBjYK8wHt4,WORKING AT AMAZON WAREHOUSE + COME TO WORK WITH ME: FIRST DAY,youtube,600,[1187.76] kind of all flow together but i will do,i do and how if you're ready to start
lxBjYK8wHt4,WORKING AT AMAZON WAREHOUSE + COME TO WORK WITH ME: FIRST DAY,youtube,601,[1189.76] maybe next week i record a come to,working at amazon i hope this helped i
lxBjYK8wHt4,WORKING AT AMAZON WAREHOUSE + COME TO WORK WITH ME: FIRST DAY,youtube,602,[1191.84] amazon warehouse building with me come,do have two other videos available i
lxBjYK8wHt4,WORKING AT AMAZON WAREHOUSE + COME TO WORK WITH ME: FIRST DAY,youtube,603,[1193.44] to work with me so i really hope um this,will link them down below the
lxBjYK8wHt4,WORKING AT AMAZON WAREHOUSE + COME TO WORK WITH ME: FIRST DAY,youtube,604,[1196.16] kind of helped you a little bit like i,beauty supply store got everything you
lxBjYK8wHt4,WORKING AT AMAZON WAREHOUSE + COME TO WORK WITH ME: FIRST DAY,youtube,605,[1198.00] said again i'm so sorry it's all over,can get you a clear bag from the beauty
lxBjYK8wHt4,WORKING AT AMAZON WAREHOUSE + COME TO WORK WITH ME: FIRST DAY,youtube,606,[1199.60] the place i just really wanted to at,supply store amazon i said amazon
lxBjYK8wHt4,WORKING AT AMAZON WAREHOUSE + COME TO WORK WITH ME: FIRST DAY,youtube,607,[1201.44] least give y'all a little bit of insight,oh quick they do offer an amazon
lxBjYK8wHt4,WORKING AT AMAZON WAREHOUSE + COME TO WORK WITH ME: FIRST DAY,youtube,608,[1203.04] of what,discount
lxBjYK8wHt4,WORKING AT AMAZON WAREHOUSE + COME TO WORK WITH ME: FIRST DAY,youtube,609,[1204.56] i do and how if you're ready to start,they'll tell you more about it i'll
lxBjYK8wHt4,WORKING AT AMAZON WAREHOUSE + COME TO WORK WITH ME: FIRST DAY,youtube,610,[1207.36] working at amazon i hope this helped i,also tell you more about it in another
lxBjYK8wHt4,WORKING AT AMAZON WAREHOUSE + COME TO WORK WITH ME: FIRST DAY,youtube,611,[1209.12] do have two other videos available i,video yeah they offer you a lot
lxBjYK8wHt4,WORKING AT AMAZON WAREHOUSE + COME TO WORK WITH ME: FIRST DAY,youtube,612,[1211.68] will link them down below you know the,of stuff a lot of good benefits i
lxBjYK8wHt4,WORKING AT AMAZON WAREHOUSE + COME TO WORK WITH ME: FIRST DAY,youtube,613,[1213.28] beauty supply store got everything you,said if you don't take nothing from this
lxBjYK8wHt4,WORKING AT AMAZON WAREHOUSE + COME TO WORK WITH ME: FIRST DAY,youtube,614,[1215.04] can get you a clear bag from the beauty,video you need benefits from amazon yeah
lxBjYK8wHt4,WORKING AT AMAZON WAREHOUSE + COME TO WORK WITH ME: FIRST DAY,youtube,615,[1216.48] supply store amazon like i said amazon,know that it's a good
lxBjYK8wHt4,WORKING AT AMAZON WAREHOUSE + COME TO WORK WITH ME: FIRST DAY,youtube,616,[1219.76] oh really quick they do offer an amazon,benefit job i'm going to say it that
lxBjYK8wHt4,WORKING AT AMAZON WAREHOUSE + COME TO WORK WITH ME: FIRST DAY,youtube,617,[1221.76] discount,me personally real quick do i
lxBjYK8wHt4,WORKING AT AMAZON WAREHOUSE + COME TO WORK WITH ME: FIRST DAY,youtube,618,[1222.80] um they'll tell you more about it i'll,amazon it's a job i'm say it's a
lxBjYK8wHt4,WORKING AT AMAZON WAREHOUSE + COME TO WORK WITH ME: FIRST DAY,youtube,619,[1224.40] also tell you more about it in another,job i'm saying
lxBjYK8wHt4,WORKING AT AMAZON WAREHOUSE + COME TO WORK WITH ME: FIRST DAY,youtube,620,[1225.60] video um yeah they just offer you a lot,it's a job it's paying my bills and my
lxBjYK8wHt4,WORKING AT AMAZON WAREHOUSE + COME TO WORK WITH ME: FIRST DAY,youtube,621,[1227.28] of stuff a lot of good benefits like i,camera is about to die so
lxBjYK8wHt4,WORKING AT AMAZON WAREHOUSE + COME TO WORK WITH ME: FIRST DAY,youtube,622,[1229.28] said if you don't take nothing from this,thank you all so so much for watching
lxBjYK8wHt4,WORKING AT AMAZON WAREHOUSE + COME TO WORK WITH ME: FIRST DAY,youtube,623,[1230.72] video you need benefits from amazon yeah,don't forget to comment subscribe
lxBjYK8wHt4,WORKING AT AMAZON WAREHOUSE + COME TO WORK WITH ME: FIRST DAY,youtube,624,[1233.12] just know that it's a really good,if y'all have any other questions please
lxBjYK8wHt4,WORKING AT AMAZON WAREHOUSE + COME TO WORK WITH ME: FIRST DAY,youtube,625,[1235.76] benefit job i'm gonna say it like that,leave a comment down below and don't
lxBjYK8wHt4,WORKING AT AMAZON WAREHOUSE + COME TO WORK WITH ME: FIRST DAY,youtube,626,[1238.16] me personally real quick do i like,forget to watch my other amazon videos
lxBjYK8wHt4,WORKING AT AMAZON WAREHOUSE + COME TO WORK WITH ME: FIRST DAY,youtube,627,[1239.84] amazon it's a job i'm just say it's a,thank you so much for watching once
lxBjYK8wHt4,WORKING AT AMAZON WAREHOUSE + COME TO WORK WITH ME: FIRST DAY,youtube,628,[1241.76] job you know i'm saying,again it's your girl jaylen for those
lxBjYK8wHt4,WORKING AT AMAZON WAREHOUSE + COME TO WORK WITH ME: FIRST DAY,youtube,629,[1243.52] it's a job it's paying my bills and my,who don't know and i'll catch
lxBjYK8wHt4,WORKING AT AMAZON WAREHOUSE + COME TO WORK WITH ME: FIRST DAY,youtube,630,[1245.20] camera is about to die so,you in the next video thanks for
lxBjYK8wHt4,WORKING AT AMAZON WAREHOUSE + COME TO WORK WITH ME: FIRST DAY,youtube,631,[1247.04] thank you all so so much for watching,watching
lxBjYK8wHt4,WORKING AT AMAZON WAREHOUSE + COME TO WORK WITH ME: FIRST DAY,youtube,632,[1248.88] don't forget to like comment subscribe,[1248.88] don't forget to like comment subscribe
lxBjYK8wHt4,WORKING AT AMAZON WAREHOUSE + COME TO WORK WITH ME: FIRST DAY,youtube,633,[1250.40] if y'all have any other questions please,[1250.40] if y'all have any other questions please
lxBjYK8wHt4,WORKING AT AMAZON WAREHOUSE + COME TO WORK WITH ME: FIRST DAY,youtube,634,[1251.92] leave a comment down below and don't,[1251.92] leave a comment down below and don't
lxBjYK8wHt4,WORKING AT AMAZON WAREHOUSE + COME TO WORK WITH ME: FIRST DAY,youtube,635,[1253.20] forget to watch my other amazon videos,[1253.20] forget to watch my other amazon videos
lxBjYK8wHt4,WORKING AT AMAZON WAREHOUSE + COME TO WORK WITH ME: FIRST DAY,youtube,636,[1255.04] thank you so much for watching once,[1255.04] thank you so much for watching once
lxBjYK8wHt4,WORKING AT AMAZON WAREHOUSE + COME TO WORK WITH ME: FIRST DAY,youtube,637,[1256.24] again it's your girl jaylen for those,[1256.24] again it's your girl jaylen for those
lxBjYK8wHt4,WORKING AT AMAZON WAREHOUSE + COME TO WORK WITH ME: FIRST DAY,youtube,638,[1257.60] who don't know you know and i'll catch,[1257.60] who don't know you know and i'll catch
lxBjYK8wHt4,WORKING AT AMAZON WAREHOUSE + COME TO WORK WITH ME: FIRST DAY,youtube,639,[1258.88] you in the next video thanks for,[1258.88] you in the next video thanks for
lxBjYK8wHt4,WORKING AT AMAZON WAREHOUSE + COME TO WORK WITH ME: FIRST DAY,youtube,640,[1260.40] watching,[1260.40] watching
tgWkQC3_b30,DAY IN THE LIFE Working at an AMAZON Warehouse (Inside Footage),youtube,1,[8.95] what is up guys I'm back with another,what is up guys i'm back with another
tgWkQC3_b30,DAY IN THE LIFE Working at an AMAZON Warehouse (Inside Footage),youtube,2,[11.20] Amazon video this time I wanted to show,amazon video this time i wanted to show
tgWkQC3_b30,DAY IN THE LIFE Working at an AMAZON Warehouse (Inside Footage),youtube,3,[13.33] y'all exactly what I do as an Amazon,y'all exactly what i do as an amazon
tgWkQC3_b30,DAY IN THE LIFE Working at an AMAZON Warehouse (Inside Footage),youtube,4,[15.28] warehouse worker so I'm gonna bring,warehouse worker so i'm going to bring
tgWkQC3_b30,DAY IN THE LIFE Working at an AMAZON Warehouse (Inside Footage),youtube,5,[17.35] y'all inside with me and show you guys,y'all inside with me and show you guys
tgWkQC3_b30,DAY IN THE LIFE Working at an AMAZON Warehouse (Inside Footage),youtube,6,[18.85] exactly what I do every night,exactly what i do every night
tgWkQC3_b30,DAY IN THE LIFE Working at an AMAZON Warehouse (Inside Footage),youtube,7,[20.80] it's 5:50 right now my shift starts at,it's 5:50 right now my shift starts at
tgWkQC3_b30,DAY IN THE LIFE Working at an AMAZON Warehouse (Inside Footage),youtube,8,[22.87] 6:00 so weather is great I have a lot of,6:00 so weather is great i have a lot of
tgWkQC3_b30,DAY IN THE LIFE Working at an AMAZON Warehouse (Inside Footage),youtube,9,[25.18] energy,energy
tgWkQC3_b30,DAY IN THE LIFE Working at an AMAZON Warehouse (Inside Footage),youtube,10,[25.93] go i'ma head inside and let's go get,go i'ma head inside and let's go get
tgWkQC3_b30,DAY IN THE LIFE Working at an AMAZON Warehouse (Inside Footage),youtube,11,[27.76] this started,this started
tgWkQC3_b30,DAY IN THE LIFE Working at an AMAZON Warehouse (Inside Footage),youtube,12,[37.17] [Music],all right guys i made it back to my
tgWkQC3_b30,DAY IN THE LIFE Working at an AMAZON Warehouse (Inside Footage),youtube,13,[72.78] [Applause],car on my first break it's 8:31
tgWkQC3_b30,DAY IN THE LIFE Working at an AMAZON Warehouse (Inside Footage),youtube,14,[73.47] [Music],i clocked out at 826 so at 856 i need to
tgWkQC3_b30,DAY IN THE LIFE Working at an AMAZON Warehouse (Inside Footage),youtube,15,[153.45] [Applause],be back inside the building and clock
tgWkQC3_b30,DAY IN THE LIFE Working at an AMAZON Warehouse (Inside Footage),youtube,16,[154.16] [Music],back in but this is usually what i
tgWkQC3_b30,DAY IN THE LIFE Working at an AMAZON Warehouse (Inside Footage),youtube,17,[187.27] alright guys I just made it back to my,do i come into my car let me show you i
tgWkQC3_b30,DAY IN THE LIFE Working at an AMAZON Warehouse (Inside Footage),youtube,18,[189.47] car on my first break it's 8:31,eat some food i got some chips some
tgWkQC3_b30,DAY IN THE LIFE Working at an AMAZON Warehouse (Inside Footage),youtube,19,[193.40] I clocked out at 826 so at 856 I need to,peanuts some bread and iced water so
tgWkQC3_b30,DAY IN THE LIFE Working at an AMAZON Warehouse (Inside Footage),youtube,20,[198.77] be back inside the building and clock,yeah this is what i do i use
tgWkQC3_b30,DAY IN THE LIFE Working at an AMAZON Warehouse (Inside Footage),youtube,21,[201.02] back in but this is usually what I just,listen to music or talk with
tgWkQC3_b30,DAY IN THE LIFE Working at an AMAZON Warehouse (Inside Footage),youtube,22,[203.27] do I come into my car let me show you I,friends on my phone and stuff
tgWkQC3_b30,DAY IN THE LIFE Working at an AMAZON Warehouse (Inside Footage),youtube,23,[206.74] eat some food I got some chips some,that to pass the time
tgWkQC3_b30,DAY IN THE LIFE Working at an AMAZON Warehouse (Inside Footage),youtube,24,[212.29] peanuts some bread and iced water so,this is an extra shift i
tgWkQC3_b30,DAY IN THE LIFE Working at an AMAZON Warehouse (Inside Footage),youtube,25,[217.07] yeah this is basically what I do I use,decided to pick up a couple days ago so
tgWkQC3_b30,DAY IN THE LIFE Working at an AMAZON Warehouse (Inside Footage),youtube,26,[219.20] just like listen to music or talk with,this is the fourth day in a row
tgWkQC3_b30,DAY IN THE LIFE Working at an AMAZON Warehouse (Inside Footage),youtube,27,[222.08] friends on my phone and just stuff like,that i'm working usually i'd only be
tgWkQC3_b30,DAY IN THE LIFE Working at an AMAZON Warehouse (Inside Footage),youtube,28,[224.18] that to pass the time,working three times a week thursday
tgWkQC3_b30,DAY IN THE LIFE Working at an AMAZON Warehouse (Inside Footage),youtube,29,[225.44] this is actually an extra shift I,friday and saturday all for 12 hours for
tgWkQC3_b30,DAY IN THE LIFE Working at an AMAZON Warehouse (Inside Footage),youtube,30,[227.09] decided to pick up a couple days ago so,a total of 36 hours what the i'm
tgWkQC3_b30,DAY IN THE LIFE Working at an AMAZON Warehouse (Inside Footage),youtube,31,[229.19] this is actually the fourth day in a row,taking right now it's ten hours so a
tgWkQC3_b30,DAY IN THE LIFE Working at an AMAZON Warehouse (Inside Footage),youtube,32,[231.20] that I'm working usually I'd only be,little bit shorter than my usual shifts
tgWkQC3_b30,DAY IN THE LIFE Working at an AMAZON Warehouse (Inside Footage),youtube,33,[233.21] working three times a week Thursday,and because of that i don't get the
tgWkQC3_b30,DAY IN THE LIFE Working at an AMAZON Warehouse (Inside Footage),youtube,34,[236.03] Friday and Saturday all for 12 hours for,third 15-minute break which i talked
tgWkQC3_b30,DAY IN THE LIFE Working at an AMAZON Warehouse (Inside Footage),youtube,35,[238.97] a total of 36 hours what the I'm,about in my last video so yeah i'm
tgWkQC3_b30,DAY IN THE LIFE Working at an AMAZON Warehouse (Inside Footage),youtube,36,[240.83] taking right now it's ten hours so a,going to chill in here for the next 15 to
tgWkQC3_b30,DAY IN THE LIFE Working at an AMAZON Warehouse (Inside Footage),youtube,37,[243.29] little bit shorter than my usual shifts,20 minutes and then head back inside
tgWkQC3_b30,DAY IN THE LIFE Working at an AMAZON Warehouse (Inside Footage),youtube,38,[245.57] and because of that I don't get the,into the warehouse and then get back to
tgWkQC3_b30,DAY IN THE LIFE Working at an AMAZON Warehouse (Inside Footage),youtube,39,[247.76] third 15-minute break which I talked,work so i'll see you guys then
tgWkQC3_b30,DAY IN THE LIFE Working at an AMAZON Warehouse (Inside Footage),youtube,40,[249.77] about in my last video so yeah I'm just,great book
tgWkQC3_b30,DAY IN THE LIFE Working at an AMAZON Warehouse (Inside Footage),youtube,41,[251.60] gonna chill in here for the next 15 to,illustration and yeah but the break here
tgWkQC3_b30,DAY IN THE LIFE Working at an AMAZON Warehouse (Inside Footage),youtube,42,[253.22] 20 minutes and then head back inside,we go what is up guys it's half past
tgWkQC3_b30,DAY IN THE LIFE Working at an AMAZON Warehouse (Inside Footage),youtube,43,[254.72] into the warehouse and then get back to,midnight i'm on my second break now
tgWkQC3_b30,DAY IN THE LIFE Working at an AMAZON Warehouse (Inside Footage),youtube,44,[256.70] work so I'll see you guys then,tired of storing my feet are
tgWkQC3_b30,DAY IN THE LIFE Working at an AMAZON Warehouse (Inside Footage),youtube,45,[261.49] [Music],hurting because i've been
tgWkQC3_b30,DAY IN THE LIFE Working at an AMAZON Warehouse (Inside Footage),youtube,46,[300.76] [Applause],standing for the past three hours but
tgWkQC3_b30,DAY IN THE LIFE Working at an AMAZON Warehouse (Inside Footage),youtube,47,[300.80] [Music],yeah happy to be on this break right now
tgWkQC3_b30,DAY IN THE LIFE Working at an AMAZON Warehouse (Inside Footage),youtube,48,[305.44] [Applause],so you guys probably saw in the papers
tgWkQC3_b30,DAY IN THE LIFE Working at an AMAZON Warehouse (Inside Footage),youtube,49,[307.17] [Music],that i showed that was the list of all
tgWkQC3_b30,DAY IN THE LIFE Working at an AMAZON Warehouse (Inside Footage),youtube,50,[311.51] great book,of the people who are strolling with me
tgWkQC3_b30,DAY IN THE LIFE Working at an AMAZON Warehouse (Inside Footage),youtube,51,[314.34] illustration and yeah but the break here,in the warehouse at the same time and
tgWkQC3_b30,DAY IN THE LIFE Working at an AMAZON Warehouse (Inside Footage),youtube,52,[317.47] we go what is up guys it's half past,it's listed in order of efficiency so
tgWkQC3_b30,DAY IN THE LIFE Working at an AMAZON Warehouse (Inside Footage),youtube,53,[319.87] midnight I'm on my second break now,for me i was number twenty-two or
tgWkQC3_b30,DAY IN THE LIFE Working at an AMAZON Warehouse (Inside Footage),youtube,54,[321.79] really tired of just storing my feet are,twenty-three and there was a total of
tgWkQC3_b30,DAY IN THE LIFE Working at an AMAZON Warehouse (Inside Footage),youtube,55,[325.03] kind of hurting because I've been,maybe 150 or so people on the list so
tgWkQC3_b30,DAY IN THE LIFE Working at an AMAZON Warehouse (Inside Footage),youtube,56,[326.71] standing for the past three hours but,that's 150 people stowing in the
tgWkQC3_b30,DAY IN THE LIFE Working at an AMAZON Warehouse (Inside Footage),youtube,57,[328.60] yeah happy to be on this break right now,building right now and i was 22 i'm
tgWkQC3_b30,DAY IN THE LIFE Working at an AMAZON Warehouse (Inside Footage),youtube,58,[330.13] so you guys probably saw in the papers,usually around that that number they
tgWkQC3_b30,DAY IN THE LIFE Working at an AMAZON Warehouse (Inside Footage),youtube,59,[332.08] that I showed that was the list of all,give it to you every single night and
tgWkQC3_b30,DAY IN THE LIFE Working at an AMAZON Warehouse (Inside Footage),youtube,60,[333.94] of the people who are strolling with me,the middle of your shift and the
tgWkQC3_b30,DAY IN THE LIFE Working at an AMAZON Warehouse (Inside Footage),youtube,61,[335.62] in the warehouse at the same time and,highest i've ever seen myself is
tgWkQC3_b30,DAY IN THE LIFE Working at an AMAZON Warehouse (Inside Footage),youtube,62,[337.90] it's listed in order of efficiency so,probably number seven out of 150 or so
tgWkQC3_b30,DAY IN THE LIFE Working at an AMAZON Warehouse (Inside Footage),youtube,63,[340.84] for me I was like number twenty-two or,so yeah i'm usually the top but
tgWkQC3_b30,DAY IN THE LIFE Working at an AMAZON Warehouse (Inside Footage),youtube,64,[343.36] twenty-three and there was a total of,yeah it is what it is i'm going to
tgWkQC3_b30,DAY IN THE LIFE Working at an AMAZON Warehouse (Inside Footage),youtube,65,[346.30] maybe 150 or so people on the list so,chill in here for the next 15 to 20
tgWkQC3_b30,DAY IN THE LIFE Working at an AMAZON Warehouse (Inside Footage),youtube,66,[351.55] that's 150 people stowing in the,minutes and then head back in for the
tgWkQC3_b30,DAY IN THE LIFE Working at an AMAZON Warehouse (Inside Footage),youtube,67,[353.23] building right now and I was like 22 I'm,final three and a half hours of work and
tgWkQC3_b30,DAY IN THE LIFE Working at an AMAZON Warehouse (Inside Footage),youtube,68,[355.33] usually around that that number they,then i'm done for the night and i get to
tgWkQC3_b30,DAY IN THE LIFE Working at an AMAZON Warehouse (Inside Footage),youtube,69,[357.70] give it to you every single night and,go home
tgWkQC3_b30,DAY IN THE LIFE Working at an AMAZON Warehouse (Inside Footage),youtube,70,[359.20] like the middle of your shift and the,the cards go away
tgWkQC3_b30,DAY IN THE LIFE Working at an AMAZON Warehouse (Inside Footage),youtube,71,[360.88] highest I've ever seen myself is,and i'll walk up to a station
tgWkQC3_b30,DAY IN THE LIFE Working at an AMAZON Warehouse (Inside Footage),youtube,72,[362.38] probably number seven out of 150 or so,say goodbye to the curtains
tgWkQC3_b30,DAY IN THE LIFE Working at an AMAZON Warehouse (Inside Footage),youtube,73,[365.62] so yeah I'm usually like the top but,finally done working at amazon i could
tgWkQC3_b30,DAY IN THE LIFE Working at an AMAZON Warehouse (Inside Footage),youtube,74,[367.72] yeah it is what it is I'm just gonna,show you all that logos the background
tgWkQC3_b30,DAY IN THE LIFE Working at an AMAZON Warehouse (Inside Footage),youtube,75,[369.28] chill in here for the next 15 to 20,yeah i tell but yeah walking back to my
tgWkQC3_b30,DAY IN THE LIFE Working at an AMAZON Warehouse (Inside Footage),youtube,76,[371.26] minutes and then head back in for the,car now exhausting day this is my
tgWkQC3_b30,DAY IN THE LIFE Working at an AMAZON Warehouse (Inside Footage),youtube,77,[373.03] final three and a half hours of work and,fourth day in a row looking forward
tgWkQC3_b30,DAY IN THE LIFE Working at an AMAZON Warehouse (Inside Footage),youtube,78,[375.94] then I'm done for the night and I get to,to going home and relaxing and
tgWkQC3_b30,DAY IN THE LIFE Working at an AMAZON Warehouse (Inside Footage),youtube,79,[377.56] go home,doing nothing but rest my legs up what
tgWkQC3_b30,DAY IN THE LIFE Working at an AMAZON Warehouse (Inside Footage),youtube,80,[382.40] [Music],is up guys i got back home it's a
tgWkQC3_b30,DAY IN THE LIFE Working at an AMAZON Warehouse (Inside Footage),youtube,81,[428.57] [Applause],quarter past 5:00 in the morning and i
tgWkQC3_b30,DAY IN THE LIFE Working at an AMAZON Warehouse (Inside Footage),youtube,82,[431.45] [Music],left my house exactly twelve
tgWkQC3_b30,DAY IN THE LIFE Working at an AMAZON Warehouse (Inside Footage),youtube,83,[438.06] the cards go away,hours ago so even though my shift was on
tgWkQC3_b30,DAY IN THE LIFE Working at an AMAZON Warehouse (Inside Footage),youtube,84,[440.71] and I'll walk up to a station,paper ten and a half hours it
tgWkQC3_b30,DAY IN THE LIFE Working at an AMAZON Warehouse (Inside Footage),youtube,85,[444.08] say goodbye to the curtains,took 12 hours but yeah that's
tgWkQC3_b30,DAY IN THE LIFE Working at an AMAZON Warehouse (Inside Footage),youtube,86,[449.52] [Music],all i do every day i work at amazon as
tgWkQC3_b30,DAY IN THE LIFE Working at an AMAZON Warehouse (Inside Footage),youtube,87,[486.55] [Applause],you guys can see there's a lot of
tgWkQC3_b30,DAY IN THE LIFE Working at an AMAZON Warehouse (Inside Footage),youtube,88,[487.54] [Music],walking the warehouse is big and
tgWkQC3_b30,DAY IN THE LIFE Working at an AMAZON Warehouse (Inside Footage),youtube,89,[511.25] finally done working at Amazon I could,there's a lot of stowing items into
tgWkQC3_b30,DAY IN THE LIFE Working at an AMAZON Warehouse (Inside Footage),youtube,90,[514.26] show you all that logos the background,shelves these two things make up the
tgWkQC3_b30,DAY IN THE LIFE Working at an AMAZON Warehouse (Inside Footage),youtube,91,[516.74] yeah I tell but yeah walking back to my,majority of what you're going to be doing
tgWkQC3_b30,DAY IN THE LIFE Working at an AMAZON Warehouse (Inside Footage),youtube,92,[519.39] car now really exhausting day this is my,at an amazon warehouse regardless of
tgWkQC3_b30,DAY IN THE LIFE Working at an AMAZON Warehouse (Inside Footage),youtube,93,[521.70] fourth day in a row um looking forward,where you're working in the country so
tgWkQC3_b30,DAY IN THE LIFE Working at an AMAZON Warehouse (Inside Footage),youtube,94,[525.90] to going home and just relaxing and just,yeah that's all there is to it
tgWkQC3_b30,DAY IN THE LIFE Working at an AMAZON Warehouse (Inside Footage),youtube,95,[528.18] doing nothing but rest my legs up what,and if this was a friday or a saturday
tgWkQC3_b30,DAY IN THE LIFE Working at an AMAZON Warehouse (Inside Footage),youtube,96,[530.88] is up guys I just got back home it's a,i'd be getting ready to do it all again
tgWkQC3_b30,DAY IN THE LIFE Working at an AMAZON Warehouse (Inside Footage),youtube,97,[533.49] quarter past 5:00 in the morning and I,tomorrow and now and every other
tgWkQC3_b30,DAY IN THE LIFE Working at an AMAZON Warehouse (Inside Footage),youtube,98,[535.83] actually left my house exactly twelve,day i work my legs are always
tgWkQC3_b30,DAY IN THE LIFE Working at an AMAZON Warehouse (Inside Footage),youtube,99,[538.02] hours ago so even though my shift was on,tired so if you're planning on
tgWkQC3_b30,DAY IN THE LIFE Working at an AMAZON Warehouse (Inside Footage),youtube,100,[540.90] paper ten and a half hours it really,working here or at an amazon fulfillment
tgWkQC3_b30,DAY IN THE LIFE Working at an AMAZON Warehouse (Inside Footage),youtube,101,[543.69] took 12 hours but yeah that's basically,center be ready for that but yeah other
tgWkQC3_b30,DAY IN THE LIFE Working at an AMAZON Warehouse (Inside Footage),youtube,102,[545.61] all I do every day I work at Amazon as,than that i hope you guys enjoyed my day
tgWkQC3_b30,DAY IN THE LIFE Working at an AMAZON Warehouse (Inside Footage),youtube,103,[548.70] you guys can see there's a lot of,in the life type of video for working on
tgWkQC3_b30,DAY IN THE LIFE Working at an AMAZON Warehouse (Inside Footage),youtube,104,[550.32] walking the warehouse is really big and,amazon fulfillment center and yeah i
tgWkQC3_b30,DAY IN THE LIFE Working at an AMAZON Warehouse (Inside Footage),youtube,105,[552.72] there's a lot of stowing items into,hope this video can be useful to those
tgWkQC3_b30,DAY IN THE LIFE Working at an AMAZON Warehouse (Inside Footage),youtube,106,[554.94] shelves these two things make up the,of you who are going to be working at
tgWkQC3_b30,DAY IN THE LIFE Working at an AMAZON Warehouse (Inside Footage),youtube,107,[557.13] majority of what you're gonna be doing,amazon fulfillment center soon or maybe
tgWkQC3_b30,DAY IN THE LIFE Working at an AMAZON Warehouse (Inside Footage),youtube,108,[558.33] at an Amazon warehouse regardless of,are thinking about applying for one of
tgWkQC3_b30,DAY IN THE LIFE Working at an AMAZON Warehouse (Inside Footage),youtube,109,[561.00] where you're working in the country so,these jobs in the near future so yeah if
tgWkQC3_b30,DAY IN THE LIFE Working at an AMAZON Warehouse (Inside Footage),youtube,110,[562.86] yeah that's really all there is to it,you guys liked the video please hit
tgWkQC3_b30,DAY IN THE LIFE Working at an AMAZON Warehouse (Inside Footage),youtube,111,[564.48] and if this was a Friday or a Saturday,for my legs they need a lot of support
tgWkQC3_b30,DAY IN THE LIFE Working at an AMAZON Warehouse (Inside Footage),youtube,112,[567.05] I'd be getting ready to do it all again,right now and be sure to be on the
tgWkQC3_b30,DAY IN THE LIFE Working at an AMAZON Warehouse (Inside Footage),youtube,113,[569.67] tomorrow and like now and every other,lookout for my upcoming amazon videos i
tgWkQC3_b30,DAY IN THE LIFE Working at an AMAZON Warehouse (Inside Footage),youtube,114,[571.77] day I work my legs are always really,think they're going to be particularly
tgWkQC3_b30,DAY IN THE LIFE Working at an AMAZON Warehouse (Inside Footage),youtube,115,[574.38] really tired so if you're planning on,useful to those of you who are going to be
tgWkQC3_b30,DAY IN THE LIFE Working at an AMAZON Warehouse (Inside Footage),youtube,116,[576.48] working here or at an Amazon Fulfillment,working on amazon soon or are thinking
tgWkQC3_b30,DAY IN THE LIFE Working at an AMAZON Warehouse (Inside Footage),youtube,117,[578.49] Center be ready for that but yeah other,about working on amazon and as always if
tgWkQC3_b30,DAY IN THE LIFE Working at an AMAZON Warehouse (Inside Footage),youtube,118,[580.50] than that I hope you guys enjoyed my day,you have any questions concerns or
tgWkQC3_b30,DAY IN THE LIFE Working at an AMAZON Warehouse (Inside Footage),youtube,119,[582.39] in the life type of video for working on,else please leave it in the
tgWkQC3_b30,DAY IN THE LIFE Working at an AMAZON Warehouse (Inside Footage),youtube,120,[584.58] Amazon Fulfillment Center and yeah I,comments below i'll definitely do my
tgWkQC3_b30,DAY IN THE LIFE Working at an AMAZON Warehouse (Inside Footage),youtube,121,[586.38] hope this video can be useful to those,best to answer all the responses that we
tgWkQC3_b30,DAY IN THE LIFE Working at an AMAZON Warehouse (Inside Footage),youtube,122,[588.48] of you who are gonna be working at,get but other than that stay safe guys
tgWkQC3_b30,DAY IN THE LIFE Working at an AMAZON Warehouse (Inside Footage),youtube,123,[590.46] Amazon Fulfillment Center soon or maybe,i'll see you all soon
tgWkQC3_b30,DAY IN THE LIFE Working at an AMAZON Warehouse (Inside Footage),youtube,124,[592.17] are thinking about applying for one of,[592.17] are thinking about applying for one of
tgWkQC3_b30,DAY IN THE LIFE Working at an AMAZON Warehouse (Inside Footage),youtube,125,[594.72] these jobs in the near future so yeah if,[594.72] these jobs in the near future so yeah if
tgWkQC3_b30,DAY IN THE LIFE Working at an AMAZON Warehouse (Inside Footage),youtube,126,[597.24] you guys liked the video please hit like,[597.24] you guys liked the video please hit like
tgWkQC3_b30,DAY IN THE LIFE Working at an AMAZON Warehouse (Inside Footage),youtube,127,[598.62] for my legs they need a lot of support,[598.62] for my legs they need a lot of support
tgWkQC3_b30,DAY IN THE LIFE Working at an AMAZON Warehouse (Inside Footage),youtube,128,[600.87] right now and be sure to be on the,[600.87] right now and be sure to be on the
tgWkQC3_b30,DAY IN THE LIFE Working at an AMAZON Warehouse (Inside Footage),youtube,129,[602.55] lookout for my upcoming Amazon videos I,[602.55] lookout for my upcoming Amazon videos I
tgWkQC3_b30,DAY IN THE LIFE Working at an AMAZON Warehouse (Inside Footage),youtube,130,[605.07] think they're gonna be particularly,[605.07] think they're gonna be particularly
tgWkQC3_b30,DAY IN THE LIFE Working at an AMAZON Warehouse (Inside Footage),youtube,131,[606.75] useful to those of you who are gonna be,[606.75] useful to those of you who are gonna be
tgWkQC3_b30,DAY IN THE LIFE Working at an AMAZON Warehouse (Inside Footage),youtube,132,[609.30] working on Amazon soon or are thinking,[609.30] working on Amazon soon or are thinking
tgWkQC3_b30,DAY IN THE LIFE Working at an AMAZON Warehouse (Inside Footage),youtube,133,[611.79] about working on Amazon and as always if,[611.79] about working on Amazon and as always if
tgWkQC3_b30,DAY IN THE LIFE Working at an AMAZON Warehouse (Inside Footage),youtube,134,[614.37] you have any questions concerns or,[614.37] you have any questions concerns or
tgWkQC3_b30,DAY IN THE LIFE Working at an AMAZON Warehouse (Inside Footage),youtube,135,[616.14] anything else please leave it in the,[616.14] anything else please leave it in the
tgWkQC3_b30,DAY IN THE LIFE Working at an AMAZON Warehouse (Inside Footage),youtube,136,[617.55] comments below I'll definitely do my,[617.55] comments below I'll definitely do my
tgWkQC3_b30,DAY IN THE LIFE Working at an AMAZON Warehouse (Inside Footage),youtube,137,[619.44] best to answer all the responses that we,[619.44] best to answer all the responses that we
tgWkQC3_b30,DAY IN THE LIFE Working at an AMAZON Warehouse (Inside Footage),youtube,138,[621.69] get but other than that stay safe guys,[621.69] get but other than that stay safe guys
tgWkQC3_b30,DAY IN THE LIFE Working at an AMAZON Warehouse (Inside Footage),youtube,139,[623.58] I'll see you all soon,[623.58] I'll see you all soon
